LastName,PersonalMWDT,PPG,REB,AST,STL,LagPair,MWDT_squared,Prior_PPG,PPG_S2
Kuzma,8932,22.2,6.6,4.2,0.5,2022-23 → 2023-24,79780624,,22.2
Avdija,8052,14.7,7.2,3.8,0.8,2022-23 → 2023-24,64834704,,14.7
Beal,6676,18.2,4.4,5.0,1.0,2022-23 → 2023-24,44568976,,18.2
Kispert,8300,13.4,2.8,2.0,0.5,2022-23 → 2023-24,68890000,,13.4
Gill,2444,3.8,1.9,0.7,0.3,2022-23 → 2023-24,5973136,,3.8
Hachimura,5780,13.6,4.3,1.2,0.6,2022-23 → 2023-24,33408400,,13.6
Huff,384,1.2,0.6,0.1,0.1,2022-23 → 2023-24,147456,,1.2
Markkanen,9024,23.2,8.2,2.0,0.9,2022-23 → 2023-24,81432576,,23.2
Vanderbilt,7452,5.2,4.8,1.2,1.2,2022-23 → 2023-24,55532304,,5.2
Conley,8048,11.4,2.9,5.9,1.2,2022-23 → 2023-24,64770304,,11.4
Clarkson,7884,17.1,3.4,5.0,0.6,2022-23 → 2023-24,62157456,,17.1
Horton-Tucker,5172,10.1,2.4,3.5,0.9,2022-23 → 2023-24,26749584,,10.1
Kessler,6768,8.1,7.5,0.9,0.5,2022-23 → 2023-24,45805824,,8.1
Sexton,4540,18.7,2.6,4.9,0.8,2022-23 → 2023-24,20611600,,18.7
Beasley,8284,11.3,3.7,1.4,0.7,2022-23 → 2023-24,68624656,,11.3
Alexander-Walker,3472,8.0,2.0,2.5,0.8,2022-23 → 2023-24,12054784,,8.0
Azubuike,1412,2.2,2.0,0.2,0.1,2022-23 → 2023-24,1993744,,2.2
Dunn,2228,5.4,2.9,3.8,1.0,2022-23 → 2023-24,4963984,,5.4
Toscano-Anderson,2664,0.6,1.3,0.4,0.1,2022-23 → 2023-24,7096896,,0.6
Juzang,904,7.2,1.8,1.2,0.2,2022-23 → 2023-24,817216,,7.2
Potter,204,3.3,2.7,0.4,0.3,2022-23 → 2023-24,41616,,3.3
VanVleet,10136,17.4,3.8,8.1,1.4,2022-23 → 2023-24,102738496,,17.4
Poeltl,7212,11.1,8.6,2.5,0.7,2022-23 → 2023-24,52012944,,11.1
Boucher,6100,6.4,4.1,0.5,0.3,2022-23 → 2023-24,37210000,,6.4
Vassell,4148,19.5,3.8,4.1,1.1,2022-23 → 2023-24,17205904,,19.5
Sochan,5148,11.6,6.4,3.4,0.8,2022-23 → 2023-24,26501904,,11.6
Richardson,5564,9.9,2.8,2.4,0.6,2022-23 → 2023-24,30958096,,9.9
Branham,5292,9.2,2.0,2.1,0.4,2022-23 → 2023-24,28005264,,9.2
Mamukelashvili,2112,4.1,3.2,1.1,0.2,2022-23 → 2023-24,4460544,,4.1
Graham,4920,5.0,1.6,2.1,0.4,2022-23 → 2023-24,24206400,,5.0
Wesley,2172,4.4,1.5,2.7,0.5,2022-23 → 2023-24,4717584,,4.4
Barlow,1292,4.4,3.4,1.1,0.4,2022-23 → 2023-24,1669264,,4.4
Bassey,1600,3.3,4.0,1.1,0.4,2022-23 → 2023-24,2560000,,3.3
Dieng,3136,4.0,1.5,1.1,0.2,2022-23 → 2023-24,9834496,,4.0
Primo,264,1.0,0.5,0.0,0.0,2022-23 → 2023-24,69696,,1.0
Fox,9724,26.6,4.6,5.6,2.0,2022-23 → 2023-24,94556176,,26.6
Sabonis,10936,19.4,13.7,8.2,0.9,2022-23 → 2023-24,119596096,,19.4
Huerter,8792,10.2,3.5,2.6,0.7,2022-23 → 2023-24,77299264,,10.2
Monk,6860,15.4,2.9,5.1,0.6,2022-23 → 2023-24,47059600,,15.4
Lyles,4984,7.2,4.4,1.2,0.3,2022-23 → 2023-24,24840256,,7.2
Len,644,2.5,2.7,1.0,0.2,2022-23 → 2023-24,414736,,2.5
Ellis,284,5.4,2.2,1.5,0.9,2022-23 → 2023-24,80656,,5.4
Queta,112,5.5,4.4,0.7,0.5,2022-23 → 2023-24,12544,,5.5
Hart,9796,9.4,8.3,4.1,0.9,2022-23 → 2023-24,95961616,,9.4
Simons,8660,22.6,3.6,5.5,0.5,2022-23 → 2023-24,74995600,,22.6
Lillard,8396,24.3,4.4,7.0,1.0,2022-23 → 2023-24,70492816,,24.3
Grant,8960,21.0,3.5,2.8,0.8,2022-23 → 2023-24,80281600,,21.0
Eubanks,6312,5.1,4.3,0.8,0.4,2022-23 → 2023-24,39841344,,5.1
Reddish,3928,5.4,2.1,1.0,1.0,2022-23 → 2023-24,15429184,,5.4
Thybulle,4764,5.4,2.1,1.4,1.7,2022-23 → 2023-24,22695696,,5.4
Watford,4696,6.9,3.1,1.3,0.4,2022-23 → 2023-24,22052416,,6.9
Little,3888,3.4,1.7,0.5,0.2,2022-23 → 2023-24,15116544,,3.4
Arcidiacono,684,0.0,0.4,0.2,0.1,2022-23 → 2023-24,467856,,0.0
Harrison,480,0.7,0.7,0.0,0.0,2022-23 → 2023-24,230400,,0.7
Minaya,356,1.8,1.6,0.6,0.3,2022-23 → 2023-24,126736,,1.8
Booker,7200,27.1,4.5,6.9,0.9,2022-23 → 2023-24,51840000,,27.1
Craig,7620,5.7,4.1,1.1,0.6,2022-23 → 2023-24,58064400,,5.7
Ayton,8028,16.7,11.1,1.6,1.0,2022-23 → 2023-24,64448784,,16.7
Paul,7400,9.2,3.9,6.8,1.2,2022-23 → 2023-24,54760000,,9.2
Okogie,5252,4.6,2.6,1.1,0.8,2022-23 → 2023-24,27583504,,4.6
Durant,6384,27.1,6.6,5.0,0.9,2022-23 → 2023-24,40755456,,27.1
Shamet,3112,7.1,1.3,1.2,0.5,2022-23 → 2023-24,9684544,,7.1
Lee,7312,3.0,1.3,1.3,0.3,2022-23 → 2023-24,53465344,,3.0
Landale,3796,4.9,3.1,1.2,0.4,2022-23 → 2023-24,14409616,,4.9
Warren,2580,3.7,2.0,0.8,0.4,2022-23 → 2023-24,6656400,,3.7
Melton,8584,11.1,3.7,3.0,1.6,2022-23 → 2023-24,73685056,,11.1
Harden,8556,16.6,5.1,8.5,1.1,2022-23 → 2023-24,73205136,,16.6
Embiid,9132,34.7,11.0,5.6,1.2,2022-23 → 2023-24,83393424,,34.7
Maxey,8032,25.9,3.7,6.2,1.0,2022-23 → 2023-24,64513024,,25.9
Niang,6036,9.4,3.4,1.2,0.4,2022-23 → 2023-24,36433296,,9.4
Korkmaz,1412,2.5,0.9,0.7,0.4,2022-23 → 2023-24,1993744,,2.5
Reed,4380,7.3,6.0,1.3,0.8,2022-23 → 2023-24,19184400,,7.3
Fultz,7020,7.8,3.2,2.8,1.0,2022-23 → 2023-24,49280400,,7.8
Banchero,9604,22.6,6.9,5.4,0.9,2022-23 → 2023-24,92236816,,22.6
Bol,5952,5.2,3.2,0.4,0.2,2022-23 → 2023-24,35426304,,5.2
Anthony,6140,11.6,3.8,2.9,0.8,2022-23 → 2023-24,37699600,,11.6
Suggs,4880,12.6,3.1,2.7,1.4,2022-23 → 2023-24,23814400,,12.6
Bamba,2972,4.4,4.2,0.7,0.4,2022-23 → 2023-24,8832784,,4.4
Schofield,1756,1.1,0.7,0.3,0.0,2022-23 → 2023-24,3083536,,1.1
Okeke,2020,2.3,1.7,0.4,0.2,2022-23 → 2023-24,4080400,,2.3
Isaac,492,6.8,4.5,0.5,0.7,2022-23 → 2023-24,242064,,6.8
Houstan,3132,4.3,1.4,0.5,0.3,2022-23 → 2023-24,9809424,,4.3
Bitadze,1804,5.0,4.6,1.3,0.5,2022-23 → 2023-24,3254416,,5.0
Hampton,2916,1.3,0.8,1.0,0.0,2022-23 → 2023-24,8503056,,1.3
Dort,8604,10.9,3.6,1.4,0.9,2022-23 → 2023-24,74028816,,10.9
Gilgeous-Alexander,9064,30.1,5.5,6.2,2.0,2022-23 → 2023-24,82156096,,30.1
Giddey,9024,12.3,6.4,4.8,0.6,2022-23 → 2023-24,81432576,,12.3
Joe,5064,8.2,2.3,1.3,0.6,2022-23 → 2023-24,25644096,,8.2
Robinson-Earl,2960,2.9,1.9,0.5,0.3,2022-23 → 2023-24,8761600,,2.9
Sarr,408,2.3,2.4,0.1,0.0,2022-23 → 2023-24,166464,,2.3
Omoruyi,2428,4.8,2.0,0.8,0.6,2022-23 → 2023-24,5895184,,4.8
Brunson,9500,28.7,3.6,6.7,0.9,2022-23 → 2023-24,90250000,,28.7
Randle,10964,24.0,9.2,5.0,0.5,2022-23 → 2023-24,120209296,,24.0
Sims,3240,2.0,3.3,0.6,0.2,2022-23 → 2023-24,10497600,,2.0
Hartenstein,6516,7.8,8.3,2.5,1.2,2022-23 → 2023-24,42458256,,7.8
McBride,3040,8.3,1.5,1.7,0.7,2022-23 → 2023-24,9241600,,8.3
Rose,1356,8.0,1.9,3.3,0.3,2022-23 → 2023-24,1838736,,8.0
Mykhailiuk,1868,4.0,1.2,0.9,0.3,2022-23 → 2023-24,3489424,,4.0
Ingram,6160,20.8,5.1,5.7,0.8,2022-23 → 2023-24,37945600,,20.8
McCollum,10572,20.0,4.3,4.6,0.9,2022-23 → 2023-24,111767184,,20.0
Marshall,7124,7.1,3.6,1.9,0.7,2022-23 → 2023-24,50751376,,7.1
Williamson,3792,22.9,5.8,5.0,1.1,2022-23 → 2023-24,14379264,,22.9
Daniels,4136,5.8,3.9,2.7,1.4,2022-23 → 2023-24,17106496,,5.8
Alvarado,5212,7.1,2.3,2.1,1.1,2022-23 → 2023-24,27164944,,7.1
Temple,628,3.3,1.7,1.0,0.4,2022-23 → 2023-24,394384,,3.3
Seabron,52,2.3,1.2,0.8,0.3,2022-23 → 2023-24,2704,,2.3
Russell,9064,18.0,3.1,6.3,0.9,2022-23 → 2023-24,82156096,,18.0
Towns,3752,21.8,8.3,3.0,0.7,2022-23 → 2023-24,14077504,,21.8
Gobert,8452,14.0,12.9,1.3,0.7,2022-23 → 2023-24,71436304,,14.0
Anderson,7660,6.4,3.5,4.2,0.9,2022-23 → 2023-24,58675600,,6.4
Reid,4880,13.5,5.2,1.3,0.8,2022-23 → 2023-24,23814400,,13.5
Prince,4620,8.9,2.9,1.5,0.7,2022-23 → 2023-24,21344400,,8.9
McLaughlin,2600,3.5,1.3,2.0,0.6,2022-23 → 2023-24,6760000,,3.5
Ryan,1180,5.4,1.4,0.6,0.2,2022-23 → 2023-24,1392400,,5.4
Garza,940,4.0,1.2,0.2,0.2,2022-23 → 2023-24,883600,,4.0
Minott,364,1.6,0.5,0.3,0.2,2022-23 → 2023-24,132496,,1.6
Lawson,436,3.2,1.2,0.5,0.2,2022-23 → 2023-24,190096,,3.2
Connaughton,5380,5.6,3.1,2.1,0.5,2022-23 → 2023-24,28944400,,5.6
Carter,6640,5.0,0.8,1.3,0.5,2022-23 → 2023-24,44089600,,5.0
Middleton,2952,15.1,4.7,5.3,0.9,2022-23 → 2023-24,8714304,,15.1
Portis,6732,13.8,7.4,1.3,0.8,2022-23 → 2023-24,45319824,,13.8
Beauchamp,2452,4.4,2.1,0.6,0.3,2022-23 → 2023-24,6012304,,4.4
Matthews,2952,3.1,1.5,0.6,0.4,2022-23 → 2023-24,8714304,,3.1
Ingles,3908,4.4,2.1,3.0,0.6,2022-23 → 2023-24,15272464,,4.4
Crowder,1176,6.2,3.2,1.3,0.8,2022-23 → 2023-24,1382976,,6.2
Leonard,7308,23.7,6.1,3.6,1.6,2022-23 → 2023-24,53406864,,23.7
Wigginton,296,2.0,0.0,0.0,0.0,2022-23 → 2023-24,87616,,2.0
Adebayo,10400,19.3,10.4,3.9,1.1,2022-23 → 2023-24,108160000,,19.3
Herro,9360,20.8,5.3,4.5,0.7,2022-23 → 2023-24,87609600,,20.8
Vincent,7016,3.1,0.8,1.9,0.8,2022-23 → 2023-24,49224256,,3.1
Love,4960,8.8,6.1,2.1,0.3,2022-23 → 2023-24,24601600,,8.8
Strus,9080,12.2,4.8,4.0,0.9,2022-23 → 2023-24,82446400,,12.2
Highsmith,3876,6.1,3.2,1.1,0.8,2022-23 → 2023-24,15023376,,6.1
Zeller,876,1.8,2.6,0.9,0.2,2022-23 → 2023-24,767376,,1.8
Cain,964,3.7,1.4,0.4,0.4,2022-23 → 2023-24,929296,,3.7
Yurtseven,336,4.6,4.3,0.6,0.2,2022-23 → 2023-24,112896,,4.6
Morant,7764,25.1,5.6,8.1,0.8,2022-23 → 2023-24,60279696,,25.1
Konchar,5972,4.3,4.7,2.0,0.9,2022-23 → 2023-24,35664784,,4.3
Bane,7376,23.7,4.4,5.5,1.0,2022-23 → 2023-24,54405376,,23.7
Aldama,6732,10.7,5.8,2.3,0.7,2022-23 → 2023-24,45319824,,10.7
Clarke,4360,11.3,5.3,1.5,0.8,2022-23 → 2023-24,19009600,,11.3
Kennard,5204,11.0,2.9,3.5,0.5,2022-23 → 2023-24,27081616,,11.0
LaRavia,1668,10.8,3.7,1.7,0.8,2022-23 → 2023-24,2782224,,10.8
Bryant,4212,5.7,3.7,0.6,0.3,2022-23 → 2023-24,17740944,,5.7
James,7656,25.7,7.3,8.3,1.3,2022-23 → 2023-24,58614336,,25.7
Reaves,7196,15.9,4.3,5.5,0.8,2022-23 → 2023-24,51782416,,15.9
Westbrook,8304,11.1,5.0,4.5,1.1,2022-23 → 2023-24,68956416,,11.1
Gabriel,3920,3.4,5.0,0.6,0.4,2022-23 → 2023-24,15366400,,3.4
Christie,1936,4.2,2.1,0.9,0.3,2022-23 → 2023-24,3748096,,4.2
Swider,152,2.3,0.4,0.3,0.1,2022-23 → 2023-24,23104,,2.3
Zubac,8616,11.7,9.2,1.4,0.3,2022-23 → 2023-24,74235456,,11.7
Coffey,2440,6.6,2.1,1.1,0.6,2022-23 → 2023-24,5953600,,6.6
Hyland,4328,6.9,1.5,2.5,0.7,2022-23 → 2023-24,18731584,,6.9
Plumlee,8188,5.3,5.1,1.2,0.3,2022-23 → 2023-24,67043344,,5.3
Preston,480,1.7,2.4,2.3,0.3,2022-23 → 2023-24,230400,,1.7
Moon,80,2.4,1.3,1.5,0.2,2022-23 → 2023-24,6400,,2.4
Turner,7288,17.1,6.9,1.3,0.5,2022-23 → 2023-24,53114944,,17.1
Nembhard,8292,9.2,2.1,4.1,0.9,2022-23 → 2023-24,68757264,,9.2
Haliburton,7532,20.1,3.9,10.9,1.2,2022-23 → 2023-24,56731024,,20.1
Nesmith,7252,12.2,3.8,1.5,0.9,2022-23 → 2023-24,52591504,,12.2
Mathurin,8876,14.5,4.0,2.0,0.6,2022-23 → 2023-24,78783376,,14.5
Brissett,4340,3.7,2.9,0.8,0.3,2022-23 → 2023-24,18835600,,3.7
Duarte,3588,3.9,1.8,0.7,0.5,2022-23 → 2023-24,12873744,,3.9
McConnell,6080,10.2,2.7,5.5,1.0,2022-23 → 2023-24,36966400,,10.2
Taylor,1056,1.5,1.2,0.3,0.2,2022-23 → 2023-24,1115136,,1.5
Queen,272,2.9,1.4,1.3,0.5,2022-23 → 2023-24,73984,,2.9
Garuba,3896,0.5,1.2,0.2,0.2,2022-23 → 2023-24,15178816,,0.5
Eason,7088,9.8,7.0,1.2,1.4,2022-23 → 2023-24,50239744,,9.8
Nix,3656,1.8,0.2,0.4,0.3,2022-23 → 2023-24,13366336,,1.8
Tate,2728,4.1,3.0,1.0,0.6,2022-23 → 2023-24,7441984,,4.1
Fernando,1616,6.3,4.3,1.0,0.6,2022-23 → 2023-24,2611456,,6.3
Mathews,2748,4.9,1.4,0.6,0.3,2022-23 → 2023-24,7551504,,4.9
Looney,7816,4.5,5.7,1.8,0.4,2022-23 → 2023-24,61089856,,4.5
DiVincenzo,7548,15.5,3.7,2.7,1.3,2022-23 → 2023-24,56972304,,15.5
Poole,9808,17.4,2.7,4.4,1.1,2022-23 → 2023-24,96196864,,17.4
Kuminga,5556,16.1,4.8,2.2,0.7,2022-23 → 2023-24,30869136,,16.1
Jerome,3228,2.0,0.5,1.5,0.0,2022-23 → 2023-24,10419984,,2.0
Moody,3212,8.1,3.0,0.9,0.6,2022-23 → 2023-24,10316944,,8.1
Wiseman,3420,7.1,5.3,0.9,0.2,2022-23 → 2023-24,11696400,,7.1
Stewart,5604,10.9,6.6,1.6,0.4,2022-23 → 2023-24,31404816,,10.9
Ivey,9136,15.4,3.4,3.8,0.7,2022-23 → 2023-24,83466496,,15.4
Duren,6628,13.8,11.6,2.4,0.5,2022-23 → 2023-24,43930384,,13.8
Bey,8456,13.7,6.5,1.5,0.8,2022-23 → 2023-24,71503936,,13.7
Cunningham,1576,22.7,4.3,7.5,0.9,2022-23 → 2023-24,2483776,,22.7
Joseph,4820,2.4,1.2,1.6,0.2,2022-23 → 2023-24,23232400,,2.4
Livers,4708,5.0,2.1,1.1,0.6,2022-23 → 2023-24,22165264,,5.0
Diallo,3916,1.0,1.0,0.5,1.0,2022-23 → 2023-24,15335056,,1.0
Rhoden,760,4.9,1.9,0.8,0.2,2022-23 → 2023-24,577600,,4.9
Boeheim,340,3.4,1.0,0.3,0.0,2022-23 → 2023-24,115600,,3.4
Key,32,1.1,0.9,0.5,0.1,2022-23 → 2023-24,1024,,1.1
Umude,4,5.3,2.1,0.5,0.3,2022-23 → 2023-24,16,,5.3
Caldwell-Pope,9528,10.1,2.4,2.4,1.3,2022-23 → 2023-24,90782784,,10.1
Braun,4748,7.3,3.7,1.6,0.5,2022-23 → 2023-24,22543504,,7.3
Nnaji,2928,3.2,2.2,0.6,0.3,2022-23 → 2023-24,8573184,,3.2
Jordan,2344,3.9,4.4,0.7,0.2,2022-23 → 2023-24,5494336,,3.9
Watson,736,6.7,3.2,1.1,0.5,2022-23 → 2023-24,541696,,6.7
Wood,6776,6.9,5.1,1.0,0.3,2022-23 → 2023-24,45914176,,6.9
Bullock,9324,2.2,1.7,0.3,0.3,2022-23 → 2023-24,86936976,,2.2
Finney-Smith,7912,8.5,4.7,1.6,0.8,2022-23 → 2023-24,62599744,,8.5
Irving,8720,25.6,5.0,5.2,1.3,2022-23 → 2023-24,76038400,,25.6
McGee,1368,4.0,2.7,0.4,0.3,2022-23 → 2023-24,1871424,,4.0
Kleber,3624,4.4,3.3,1.6,0.4,2022-23 → 2023-24,13133376,,4.4
Hardy,2696,7.3,1.8,1.5,0.3,2022-23 → 2023-24,7268416,,7.3
Ntilikina,2352,1.0,1.2,0.8,0.0,2022-23 → 2023-24,5531904,,1.0
Garland,9796,18.0,2.7,6.5,1.3,2022-23 → 2023-24,95961616,,18.0
Okoro,6588,9.4,3.0,1.9,0.8,2022-23 → 2023-24,43401744,,9.4
LeVert,8948,14.0,4.1,5.1,1.1,2022-23 → 2023-24,80066704,,14.0
Osman,6204,6.8,2.5,1.7,0.5,2022-23 → 2023-24,38489616,,6.8
Wade,3592,5.4,4.0,0.8,0.7,2022-23 → 2023-24,12902464,,5.4
Merrill,224,8.0,2.0,1.8,0.3,2022-23 → 2023-24,50176,,8.0
Dosunmu,8380,12.2,2.8,3.2,0.9,2022-23 → 2023-24,70224400,,12.2
DeRozan,10716,24.0,4.3,5.3,1.1,2022-23 → 2023-24,114832656,,24.0
LaVine,11072,19.5,5.2,3.9,0.8,2022-23 → 2023-24,122589184,,19.5
Caruso,6300,10.1,3.8,3.5,1.7,2022-23 → 2023-24,39690000,,10.1
Drummond,3396,8.4,9.0,0.5,0.9,2022-23 → 2023-24,11532816,,8.4
Terry,844,3.1,1.9,1.4,0.5,2022-23 → 2023-24,712336,,3.1
Ball,5060,23.9,5.1,8.0,1.8,2022-23 → 2023-24,25603600,,23.9
Richards,4860,9.7,8.0,0.8,0.4,2022-23 → 2023-24,23619600,,9.7
Thor,3876,3.2,2.3,0.5,0.2,2022-23 → 2023-24,15023376,,3.2
McGowens,3168,5.1,1.7,0.9,0.4,2022-23 → 2023-24,10036224,,5.1
Bouknight,2060,3.6,0.6,0.4,0.1,2022-23 → 2023-24,4243600,,3.6
Tatum,10924,26.9,8.1,4.9,1.0,2022-23 → 2023-24,119333776,,26.9
Horford,7688,8.6,6.4,2.6,0.6,2022-23 → 2023-24,59105344,,8.6
Brogdon,6972,15.7,3.8,5.5,0.7,2022-23 → 2023-24,48608784,,15.7
Kornet,3220,5.3,4.1,1.1,0.4,2022-23 → 2023-24,10368400,,5.3
Hauser,5176,9.0,3.5,1.0,0.5,2022-23 → 2023-24,26790976,,9.0
Griffin,7888,2.4,0.9,0.3,0.1,2022-23 → 2023-24,62220544,,2.4
Pritchard,2572,9.6,3.2,3.4,0.5,2022-23 → 2023-24,6615184,,9.6
Davison,268,2.0,1.3,1.3,0.1,2022-23 → 2023-24,71824,,2.0
Claxton,8840,11.8,9.9,2.1,0.6,2022-23 → 2023-24,78145600,,11.8
Gray,140,7.7,2.3,2.0,0.3,2022-23 → 2023-24,19600,,7.7
Hunter,8496,15.6,3.9,1.5,0.7,2022-23 → 2023-24,72182016,,15.6
Capela,6924,11.5,10.6,1.2,0.6,2022-23 → 2023-24,47941776,,11.5
Okongwu,7392,10.2,6.8,1.3,0.5,2022-23 → 2023-24,54641664,,10.2
Forrest,1104,2.2,1.3,2.4,0.3,2022-23 → 2023-24,1218816,,2.2
Gafford,7220,12.3,6.8,1.4,0.4,2023-24 → 2024-25,52128400,,12.3
Poole,9336,20.5,3.0,4.5,1.3,2023-24 → 2024-25,87160896,17.4,20.5
Avdija,8952,16.9,7.3,3.9,1.0,2023-24 → 2024-25,80138304,14.7,16.9
Coulibaly,6792,12.3,5.0,3.4,1.3,2023-24 → 2024-25,46131264,,12.3
Kispert,8192,11.6,3.0,1.7,0.4,2023-24 → 2024-25,67108864,13.4,11.6
Holmes,2148,7.4,5.7,1.4,0.3,2023-24 → 2024-25,4613904,,7.4
Shamet,2880,5.7,1.2,0.5,0.5,2023-24 → 2024-25,8294400,7.1,5.7
Gill,1824,2.5,1.3,0.3,0.2,2023-24 → 2024-25,3326976,3.8,2.5
Rollins,304,6.2,1.9,1.9,0.8,2023-24 → 2024-25,92416,,6.2
Vukcevic,604,9.4,3.7,1.1,0.3,2023-24 → 2024-25,364816,,9.4
Markkanen,7244,19.0,5.9,1.5,0.7,2023-24 → 2024-25,52475536,23.2,19.0
Sexton,8268,18.4,2.7,4.2,0.7,2023-24 → 2024-25,68359824,18.7,18.4
Fontecchio,6484,5.9,2.9,0.9,0.4,2023-24 → 2024-25,42042256,,5.9
Agbaji,6416,10.4,3.8,1.5,0.9,2023-24 → 2024-25,41165056,,10.4
Kessler,5992,11.1,12.2,1.7,0.6,2023-24 → 2024-25,35904064,8.1,11.1
Clarkson,6720,16.2,3.2,3.7,0.8,2023-24 → 2024-25,45158400,17.1,16.2
Hendricks,3416,4.7,5.0,0.7,1.7,2023-24 → 2024-25,11669056,,4.7
Horton-Tucker,4044,6.5,1.7,1.4,0.4,2023-24 → 2024-25,16353936,10.1,6.5
Juzang,1504,8.9,2.9,1.1,0.6,2023-24 → 2024-25,2262016,7.2,8.9
Sensabaugh,2328,10.9,3.0,1.5,0.6,2023-24 → 2024-25,5419584,,10.9
Potter,744,4.3,4.3,0.8,0.4,2023-24 → 2024-25,553536,3.3,4.3
Poeltl,5156,14.5,9.6,2.8,1.2,2023-24 → 2024-25,26584336,11.1,14.5
Siakam,10544,20.2,6.9,3.4,0.9,2023-24 → 2024-25,111175936,,20.2
Anunoby,6740,18.0,4.8,2.2,1.5,2023-24 → 2024-25,45427600,,18.0
Barrett,7224,21.1,6.3,5.4,0.8,2023-24 → 2024-25,52186176,,21.1
Quickley,7744,17.1,3.5,5.8,0.7,2023-24 → 2024-25,59969536,,17.1
Dick,4836,14.4,3.6,1.8,0.9,2023-24 → 2024-25,23386896,,14.4
Achiuwa,6448,6.6,5.6,1.0,0.8,2023-24 → 2024-25,41576704,,6.6
Flynn,3224,4.0,1.8,1.8,0.8,2023-24 → 2024-25,10394176,,4.0
Boucher,2676,10.0,4.5,0.7,0.5,2023-24 → 2024-25,7160976,6.4,10.0
Temple,1108,1.9,1.0,1.1,0.6,2023-24 → 2024-25,1227664,3.3,1.9
Gueye,716,6.0,4.2,0.8,0.8,2023-24 → 2024-25,512656,,6.0
Carton,128,0.8,1.0,0.8,0.5,2023-24 → 2024-25,16384,,0.8
Nowell,752,8.4,2.5,2.3,0.1,2023-24 → 2024-25,565504,,8.4
Vassell,8968,16.3,4.0,2.9,1.3,2023-24 → 2024-25,80425024,19.5,16.3
Sochan,8732,11.4,6.5,2.4,0.8,2023-24 → 2024-25,76247824,11.6,11.4
Wembanyama,8396,24.3,11.0,3.7,1.1,2023-24 → 2024-25,70492816,,24.3
Branham,6336,5.0,1.1,0.8,0.2,2023-24 → 2024-25,40144896,9.2,5.0
Wesley,3512,3.7,1.1,2.0,0.6,2023-24 → 2024-25,12334144,4.4,3.7
Mamukelashvili,1804,6.3,3.1,0.8,0.4,2023-24 → 2024-25,3254416,4.1,6.3
McDermott,3588,3.5,0.5,0.2,0.1,2023-24 → 2024-25,12873744,,3.5
Barlow,1664,4.2,2.4,0.5,0.3,2023-24 → 2024-25,2768896,4.4,4.2
Bouyea,372,3.4,1.0,2.0,0.8,2023-24 → 2024-25,138384,,3.4
Bassey,816,4.4,4.2,0.5,0.4,2023-24 → 2024-25,665856,3.3,4.4
Sabonis,11700,19.1,13.9,6.0,0.7,2023-24 → 2024-25,136890000,19.4,19.1
Ellis,3892,8.3,2.7,1.5,1.5,2023-24 → 2024-25,15147664,5.4,8.3
Monk,7484,17.2,3.8,5.6,0.9,2023-24 → 2024-25,56010256,15.4,17.2
Duarte,2876,2.1,1.2,0.5,0.0,2023-24 → 2024-25,8271376,3.9,2.1
Lyles,4628,6.5,4.6,1.2,0.6,2023-24 → 2024-25,21418384,7.2,6.5
Ayton,6996,14.4,10.2,1.6,0.8,2023-24 → 2024-25,48944016,16.7,14.4
Brogdon,4448,12.7,3.8,4.1,0.5,2023-24 → 2024-25,19784704,15.7,12.7
Camara,6812,11.3,5.8,2.2,1.5,2023-24 → 2024-25,46403344,,11.3
Grant,7168,14.4,3.5,2.1,0.9,2023-24 → 2024-25,51380224,21.0,14.4
Henderson,6936,12.7,3.0,5.1,1.0,2023-24 → 2024-25,48108096,,12.7
Rupert,2480,3.0,1.3,0.5,0.3,2023-24 → 2024-25,6150400,,3.0
Simons,6172,19.3,2.7,4.8,0.9,2023-24 → 2024-25,38093584,22.6,19.3
Reath,4768,4.2,2.0,0.6,0.3,2023-24 → 2024-25,22733824,,4.2
Thybulle,5832,7.5,3.5,1.9,2.2,2023-24 → 2024-25,34012224,5.4,7.5
Banton,4104,8.3,2.0,2.4,0.6,2023-24 → 2024-25,16842816,,8.3
Minaya,1412,0.9,0.5,0.4,0.3,2023-24 → 2024-25,1993744,1.8,0.9
Moore,152,3.0,4.0,0.5,1.0,2023-24 → 2024-25,23104,,3.0
Booker,9760,25.6,4.1,7.1,0.9,2023-24 → 2024-25,95257600,27.1,25.6
Durant,11100,26.6,6.0,4.2,0.8,2023-24 → 2024-25,123210000,27.1,26.6
Beal,7016,17.0,3.3,3.7,1.1,2023-24 → 2024-25,49224256,18.2,17.0
O'Neale,7732,9.1,4.7,2.2,0.9,2023-24 → 2024-25,59783824,,9.1
Bol,1844,6.8,2.9,0.6,0.3,2023-24 → 2024-25,3400336,5.2,6.8
Goodwin,3928,5.6,3.9,1.4,1.0,2023-24 → 2024-25,15429184,,5.6
Lee,732,3.3,0.8,0.4,0.2,2023-24 → 2024-25,535824,3.0,3.3
Thomas,8276,24.0,3.3,3.8,0.6,2023-24 → 2024-25,68492176,,24.0
Maxey,10292,26.3,3.3,6.1,1.8,2023-24 → 2024-25,105925264,25.9,26.3
Melton,4024,10.3,3.3,2.8,1.2,2023-24 → 2024-25,16192576,11.1,10.3
Batum,5944,4.0,2.8,1.1,0.7,2023-24 → 2024-25,35331136,,4.0
Embiid,5144,23.8,8.2,4.5,0.7,2023-24 → 2024-25,26460736,34.7,23.8
Lowry,6692,3.9,1.9,2.7,0.9,2023-24 → 2024-25,44782864,,3.9
Reed,6168,4.1,2.7,1.0,0.9,2023-24 → 2024-25,38044224,7.3,4.1
Hield,8564,11.1,3.2,1.6,0.8,2023-24 → 2024-25,73342096,,11.1
Tucker,1928,3.0,2.7,0.0,0.3,2023-24 → 2024-25,3717184,,3.0
Payne,5120,6.9,1.4,2.8,0.5,2023-24 → 2024-25,26214400,,6.9
Wilson,2616,9.5,3.4,1.8,0.5,2023-24 → 2024-25,6843456,,9.5
Suggs,8100,16.2,4.0,3.7,1.5,2023-24 → 2024-25,65610000,12.6,16.2
Banchero,11200,25.9,7.5,4.8,0.8,2023-24 → 2024-25,125440000,22.6,25.9
Fultz,3624,2.9,1.0,1.3,0.5,2023-24 → 2024-25,13133376,7.8,2.9
Bitadze,3824,7.2,6.6,2.0,0.7,2023-24 → 2024-25,14622976,5.0,7.2
Black,5768,9.4,2.9,3.1,1.1,2023-24 → 2024-25,33269824,,9.4
Isaac,3652,5.4,4.4,0.6,0.9,2023-24 → 2024-25,13337104,6.8,5.4
Anthony,7296,9.4,3.0,2.9,0.7,2023-24 → 2024-25,53231616,11.6,9.4
Ingles,4692,0.8,0.6,1.2,0.1,2023-24 → 2024-25,22014864,4.4,0.8
Houstan,3248,4.1,1.3,0.6,0.4,2023-24 → 2024-25,10549504,4.3,4.1
Howard,260,4.5,1.2,0.7,0.2,2023-24 → 2024-25,67600,,4.5
Queen,648,4.9,1.7,1.2,1.0,2023-24 → 2024-25,419904,2.9,4.9
Dort,8880,10.1,4.1,1.6,1.1,2023-24 → 2024-25,78854400,10.9,10.1
Gilgeous-Alexander,10116,32.7,5.0,6.4,1.7,2023-24 → 2024-25,102333456,30.1,32.7
Giddey,7940,14.6,8.1,7.2,1.2,2023-24 → 2024-25,63043600,12.3,14.6
Holmgren,9588,15.0,8.0,2.0,0.7,2023-24 → 2024-25,91929744,,15.0
Joe,5684,10.2,2.6,1.6,0.6,2023-24 → 2024-25,32307856,8.2,10.2
Dieng,1448,3.8,2.2,0.8,0.5,2023-24 → 2024-25,2096704,4.0,3.8
Biyombo,2964,5.1,5.6,1.1,0.6,2023-24 → 2024-25,8785296,,5.1
Flagler,60,1.8,0.7,0.3,0.2,2023-24 → 2024-25,3600,,1.8
Sarr,388,13.0,6.5,2.4,0.7,2023-24 → 2024-25,150544,2.3,13.0
Brunson,10912,26.0,2.9,7.3,0.9,2023-24 → 2024-25,119071744,28.7,26.0
Randle,6512,18.7,7.1,4.7,0.7,2023-24 → 2024-25,42406144,24.0,18.7
Hart,10828,13.6,9.6,5.9,1.5,2023-24 → 2024-25,117245584,9.4,13.6
Hartenstein,7592,11.2,10.7,3.8,0.8,2023-24 → 2024-25,57638464,7.8,11.2
DiVincenzo,9448,11.7,3.7,3.6,1.2,2023-24 → 2024-25,89264704,15.5,11.7
McBride,5308,9.5,2.5,2.9,1.0,2023-24 → 2024-25,28174864,8.3,9.5
Burks,4520,7.3,2.5,1.1,0.6,2023-24 → 2024-25,20430400,,7.3
Gibson,788,2.9,3.2,0.6,0.2,2023-24 → 2024-25,620944,,2.9
Jeffries,192,6.7,2.9,1.1,0.6,2023-24 → 2024-25,36864,,6.7
Williamson,8828,24.6,7.2,5.3,1.2,2023-24 → 2024-25,77933584,22.9,24.6
McCollum,8604,21.1,3.8,4.1,0.8,2023-24 → 2024-25,74028816,20.0,21.1
Daniels,5424,14.1,5.9,4.4,3.0,2023-24 → 2024-25,29419776,5.8,14.1
Marshall,5020,13.2,4.8,3.0,1.0,2023-24 → 2024-25,25200400,7.1,13.2
Alvarado,4108,10.3,2.4,4.6,1.3,2023-24 → 2024-25,16875664,7.1,10.3
Ryan,1576,1.5,0.4,0.2,0.1,2023-24 → 2024-25,2483776,5.4,1.5
Hawkins,4672,10.8,2.8,1.2,0.5,2023-24 → 2024-25,21827584,,10.8
Robinson-Earl,1332,6.3,4.8,1.3,0.6,2023-24 → 2024-25,1774224,2.9,6.3
Liddell,92,1.8,0.8,0.3,0.1,2023-24 → 2024-25,8464,,1.8
Towns,8088,24.4,12.8,3.1,1.0,2023-24 → 2024-25,65415744,21.8,24.4
Conley,8744,8.2,2.6,4.5,1.1,2023-24 → 2024-25,76457536,11.4,8.2
Gobert,10356,12.0,10.9,1.8,0.8,2023-24 → 2024-25,107246736,14.0,12.0
Reid,7844,14.2,6.0,2.3,0.7,2023-24 → 2024-25,61528336,13.5,14.2
Alexander-Walker,7688,9.4,3.2,2.7,0.6,2023-24 → 2024-25,59105344,8.0,9.4
Garza,496,3.5,1.4,0.3,0.2,2023-24 → 2024-25,246016,4.0,3.5
Nix,200,0.3,1.3,1.0,0.0,2023-24 → 2024-25,40000,1.8,0.3
Minott,376,2.6,1.0,0.4,0.3,2023-24 → 2024-25,141376,1.6,2.6
Beasley,9364,16.3,2.6,1.7,0.9,2023-24 → 2024-25,87684496,11.3,16.3
Lopez,9916,13.0,5.0,1.8,0.6,2023-24 → 2024-25,98327056,,13.0
Lillard,10316,24.9,4.7,7.1,1.2,2023-24 → 2024-25,106419856,24.3,24.9
Antetokounmpo,10892,30.4,11.9,6.5,0.9,2023-24 → 2024-25,118635664,,30.4
Crowder,4640,2.6,2.2,0.7,0.3,2023-24 → 2024-25,21529600,6.2,2.6
Connaughton,6704,5.3,2.7,1.7,0.2,2023-24 → 2024-25,44943616,5.6,5.3
Portis,8048,13.9,8.4,2.1,0.7,2023-24 → 2024-25,64770304,13.8,13.9
Livingston,368,1.4,1.7,0.2,0.2,2023-24 → 2024-25,135424,,1.4
Adebayo,9632,18.1,9.6,4.3,1.3,2023-24 → 2024-25,92775424,19.3,18.1
Rozier,8136,10.6,3.7,2.6,0.6,2023-24 → 2024-25,66194496,,10.6
Herro,5616,23.9,5.2,5.5,0.9,2023-24 → 2024-25,31539456,20.8,23.9
Highsmith,5420,6.5,3.4,1.5,0.9,2023-24 → 2024-25,29376400,6.1,6.5
Richardson,4404,4.0,1.5,1.5,1.0,2023-24 → 2024-25,19395216,9.9,4.0
Love,3688,5.3,4.1,1.0,0.7,2023-24 → 2024-25,13601344,8.8,5.3
Cain,1012,5.3,2.3,0.6,0.6,2023-24 → 2024-25,1024144,3.7,5.3
Bane,5176,19.2,6.1,5.3,1.2,2023-24 → 2024-25,26790976,23.7,19.2
Kennard,3432,8.9,2.8,3.3,0.8,2023-24 → 2024-25,11778624,11.0,8.9
Konchar,4012,2.4,3.3,0.9,0.7,2023-24 → 2024-25,16096144,4.3,2.4
Aldama,5680,12.5,6.4,2.9,0.8,2023-24 → 2024-25,32262400,10.7,12.5
Morant,1168,23.2,4.1,7.3,1.2,2023-24 → 2024-25,1364224,25.1,23.2
Clarke,404,8.3,5.1,1.0,0.8,2023-24 → 2024-25,163216,11.3,8.3
Evbuomwan,1320,9.5,4.3,2.0,0.9,2023-24 → 2024-25,1742400,,9.5
Simpson,508,7.8,3.0,3.1,0.9,2023-24 → 2024-25,258064,,7.8
Hachimura,7300,13.1,5.0,1.4,0.8,2023-24 → 2024-25,53290000,13.6,13.1
Reaves,10528,20.2,4.5,5.8,1.1,2023-24 → 2024-25,110838784,15.9,20.2
Prince,8432,8.2,3.6,1.9,1.0,2023-24 → 2024-25,71098624,8.9,8.2
Reddish,3932,3.2,2.0,0.7,1.0,2023-24 → 2024-25,15460624,5.4,3.2
Dinwiddie,8560,11.0,2.6,4.4,0.9,2023-24 → 2024-25,73273600,,11.0
Vanderbilt,2340,4.1,5.1,1.1,1.0,2023-24 → 2024-25,5475600,5.2,4.1
Vincent,876,6.4,1.3,1.4,0.7,2023-24 → 2024-25,767376,3.1,6.4
Zubac,7188,16.8,12.6,2.7,0.7,2023-24 → 2024-25,51667344,11.7,16.8
Harden,9884,22.8,5.8,8.7,1.5,2023-24 → 2024-25,97693456,16.6,22.8
Leonard,9304,21.5,5.9,3.1,1.6,2023-24 → 2024-25,86564416,23.7,21.5
Plumlee,2704,4.5,6.1,1.8,0.4,2023-24 → 2024-25,7311616,5.3,4.5
Theis,4072,4.3,4.3,1.6,0.5,2023-24 → 2024-25,16581184,,4.3
Coffey,5836,9.7,2.2,1.1,0.6,2023-24 → 2024-25,34058896,6.6,9.7
Westbrook,6104,13.3,4.9,6.1,1.4,2023-24 → 2024-25,37258816,11.1,13.3
Turner,8308,15.6,6.5,1.5,0.8,2023-24 → 2024-25,69022864,17.1,15.6
Nembhard,6784,10.0,3.3,5.0,1.2,2023-24 → 2024-25,46022656,9.2,10.0
Haliburton,8892,18.6,3.5,9.2,1.4,2023-24 → 2024-25,79067664,20.1,18.6
Nesmith,7964,12.0,4.0,1.2,0.8,2023-24 → 2024-25,63425296,12.2,12.0
Mathurin,6144,16.1,5.3,1.9,0.7,2023-24 → 2024-25,37748736,14.5,16.1
McConnell,5156,9.1,2.4,4.4,1.1,2023-24 → 2024-25,26584336,10.2,9.1
Tshiebwe,168,7.6,8.7,0.6,0.9,2023-24 → 2024-25,28224,,7.6
Wong,16,6.0,1.6,1.4,0.6,2023-24 → 2024-25,256,,6.0
Brooks,9288,14.0,3.7,1.7,0.8,2023-24 → 2024-25,86266944,,14.0
VanVleet,10740,14.1,3.7,5.6,1.6,2023-24 → 2024-25,115347600,17.4,14.1
Tate,4092,3.6,2.3,0.9,0.5,2023-24 → 2024-25,16744464,4.1,3.6
Whitmore,3508,9.4,3.0,1.0,0.6,2023-24 → 2024-25,12306064,,9.4
Landale,3036,4.8,3.3,0.9,0.3,2023-24 → 2024-25,9217296,4.9,4.8
Eason,1908,12.0,6.4,1.5,1.7,2023-24 → 2024-25,3640464,9.8,12.0
Kuminga,7764,15.3,4.6,2.2,0.8,2023-24 → 2024-25,60279696,16.1,15.3
Podziemski,7848,11.7,5.1,3.4,1.1,2023-24 → 2024-25,61591104,,11.7
Looney,4784,4.5,6.1,1.6,0.6,2023-24 → 2024-25,22886656,4.5,4.5
Paul,6132,8.8,3.6,7.4,1.3,2023-24 → 2024-25,37601424,9.2,8.8
Jackson-Davis,4496,6.6,5.0,1.7,0.4,2023-24 → 2024-25,20214016,,6.6
Moody,4608,9.8,2.6,1.3,0.8,2023-24 → 2024-25,21233664,8.1,9.8
Joseph,1168,3.5,1.5,1.4,0.5,2023-24 → 2024-25,1364224,2.4,3.5
Santos,764,4.1,3.1,1.4,0.4,2023-24 → 2024-25,583696,,4.1
Cunningham,7820,26.1,6.1,9.1,1.0,2023-24 → 2024-25,61152400,22.7,26.1
Stewart,5384,6.0,5.5,1.7,0.4,2023-24 → 2024-25,28987456,10.9,6.0
Ivey,8376,17.6,4.1,4.0,0.9,2023-24 → 2024-25,70157376,15.4,17.6
Duren,6728,11.8,10.3,2.7,0.7,2023-24 → 2024-25,45265984,13.8,11.8
Wiseman,4028,6.0,1.0,0.0,0.0,2023-24 → 2024-25,16224784,7.1,6.0
Sasser,4988,6.6,1.2,2.3,0.6,2023-24 → 2024-25,24880144,,6.6
Umude,1032,0.7,0.8,0.2,0.1,2023-24 → 2024-25,1065024,5.3,0.7
Caldwell-Pope,9596,8.7,2.2,1.8,1.3,2023-24 → 2024-25,92083216,10.1,8.7
Braun,6608,15.4,5.2,2.6,1.1,2023-24 → 2024-25,43665664,7.3,15.4
Nnaji,2284,3.2,1.6,0.4,0.4,2023-24 → 2024-25,5216656,3.2,3.2
Strawther,2196,9.0,2.2,1.3,0.6,2023-24 → 2024-25,4822416,,9.0
Jordan,1588,3.7,5.1,0.9,0.3,2023-24 → 2024-25,2521744,3.9,3.7
Gillespie,900,5.9,2.4,2.4,0.6,2023-24 → 2024-25,810000,,5.9
Pickett,484,4.1,1.4,2.2,0.4,2023-24 → 2024-25,234256,,4.1
Key,244,1.0,0.7,0.0,0.7,2023-24 → 2024-25,59536,1.1,1.0
Huff,200,6.9,2.0,0.6,0.3,2023-24 → 2024-25,40000,1.2,6.9
Washington,8816,14.7,7.8,2.3,1.1,2023-24 → 2024-25,77721856,,14.7
Irving,8024,24.7,4.8,4.6,1.3,2023-24 → 2024-25,64384576,25.6,24.7
Kleber,3404,3.0,2.8,1.3,0.3,2023-24 → 2024-25,11587216,4.4,3.0
Exum,4216,8.7,1.7,2.8,0.6,2023-24 → 2024-25,17774656,,8.7
Hardy,3784,8.7,1.6,1.4,0.5,2023-24 → 2024-25,14318656,7.3,8.7
Lawson,1168,9.1,3.3,1.2,0.5,2023-24 → 2024-25,1364224,3.2,9.1
Prosper,1264,3.9,2.4,0.8,0.5,2023-24 → 2024-25,1597696,,3.9
Dennis,116,2.7,1.1,1.3,0.6,2023-24 → 2024-25,13456,,2.7
Strus,8936,9.4,4.3,3.2,0.5,2023-24 → 2024-25,79852096,12.2,9.4
Garland,7620,20.6,2.9,6.7,1.2,2023-24 → 2024-25,58064400,18.0,20.6
Wade,4428,5.4,4.2,1.3,0.7,2023-24 → 2024-25,19607184,5.4,5.4
Okoro,7532,6.1,2.4,1.2,0.6,2023-24 → 2024-25,56731024,9.4,6.1
Merrill,4276,7.2,2.2,1.5,0.7,2023-24 → 2024-25,18284176,8.0,7.2
Bates,536,3.7,0.7,0.8,0.1,2023-24 → 2024-25,287296,,3.7
Jerome,60,12.5,2.5,3.4,1.1,2023-24 → 2024-25,3600,2.0,12.5
Caruso,8124,7.1,2.9,2.5,1.6,2023-24 → 2024-25,65999376,10.1,7.1
Dosunmu,8816,12.3,3.5,4.5,0.9,2023-24 → 2024-25,77721856,12.2,12.3
DeRozan,11948,22.2,3.9,4.4,0.8,2023-24 → 2024-25,142754704,24.0,22.2
Drummond,5400,7.3,7.8,0.9,1.0,2023-24 → 2024-25,29160000,8.4,7.3
Terry,2708,4.5,1.7,1.3,0.6,2023-24 → 2024-25,7333264,3.1,4.5
Phillips,1268,4.6,2.1,0.5,0.5,2023-24 → 2024-25,1607824,,4.6
Taylor,740,0.0,0.3,0.7,0.0,2023-24 → 2024-25,547600,1.5,0.0
Sanogo,260,2.0,1.5,0.3,0.0,2023-24 → 2024-25,67600,,2.0
McGowens,3500,1.0,0.2,0.2,0.1,2023-24 → 2024-25,12250000,5.1,1.0
Tatum,10568,26.8,8.7,6.0,1.1,2023-24 → 2024-25,111682624,26.9,26.8
Horford,6956,9.0,6.2,2.1,0.6,2023-24 → 2024-25,48385936,8.6,9.0
Pritchard,7292,14.3,3.8,3.5,0.9,2023-24 → 2024-25,53173264,9.6,14.3
Hauser,6940,8.5,3.2,0.9,0.6,2023-24 → 2024-25,48163600,9.0,8.5
Kornet,3948,6.0,5.3,1.6,0.5,2023-24 → 2024-25,15586704,5.3,6.0
Queta,1328,5.0,3.8,0.7,0.3,2023-24 → 2024-25,1763584,5.5,5.0
Mykhailiuk,1652,8.8,2.4,2.0,0.5,2023-24 → 2024-25,2729104,4.0,8.8
Brissett,2524,8.7,3.7,0.7,0.7,2023-24 → 2024-25,6370576,3.7,8.7
Walsh,336,1.6,1.3,0.4,0.2,2023-24 → 2024-25,112896,,1.6
Davison,156,2.1,0.8,0.8,0.3,2023-24 → 2024-25,24336,2.0,2.1
Peterson,92,2.2,1.6,0.5,0.2,2023-24 → 2024-25,8464,,2.2
Claxton,8412,10.3,7.4,2.2,0.9,2023-24 → 2024-25,70761744,11.8,10.3
Watford,3272,10.2,3.6,2.6,0.6,2023-24 → 2024-25,10705984,6.9,10.2
Clowney,1436,9.1,3.9,0.9,0.5,2023-24 → 2024-25,2062096,,9.1
Whitehead,84,5.7,1.5,0.6,0.3,2023-24 → 2024-25,7056,,5.7
Capela,7528,8.9,8.5,1.1,0.6,2023-24 → 2024-25,56670784,11.5,8.9
Okongwu,5628,13.4,8.9,2.3,0.9,2023-24 → 2024-25,31674384,10.2,13.4
Mathews,3980,7.5,1.9,1.3,0.6,2023-24 → 2024-25,15840400,4.9,7.5
Fernando,2716,3.4,3.0,1.1,0.2,2023-24 → 2024-25,7376656,6.3,3.4
Bufkin,772,5.3,2.1,1.7,0.3,2023-24 → 2024-25,595984,,5.3
