LastName,LagPair,Teams_S1,Teams_S2,Mover,PersonalMWDT,Minutes_S1,N_Partners,Partner_Top4_Share,PPG_S1,PPG_S2,REB,AST,STL,Surname_Collision
Kuzma,2022-23 → 2023-24,WAS,WAS,0,8932,2233.0,16.0,0.49440214957456335,21.2,22.2,6.6,4.2,0.5,False
Avdija,2022-23 → 2023-24,WAS,WAS,0,8052,2013.0,19.0,0.5135370094386488,9.2,14.7,7.2,3.8,0.8,False
Beal,2022-23 → 2023-24,WAS,PHX,1,6676,1669.0,15.0,0.5862792091072498,23.199999999999996,18.2,4.4,5.0,1.0,False
Kispert,2022-23 → 2023-24,WAS,WAS,0,8300,2075.0,21.0,0.49337349397590363,11.1,13.4,2.8,2.0,0.5,False
Gill,2022-23 → 2023-24,WAS,WAS,0,2444,611.0,22.0,0.37152209492635024,3.3,3.8,1.9,0.7,0.3,False
Hachimura,2022-23 → 2023-24,LAL/WAS,LAL,0,5780,1445.0,30.0,0.2790657439446367,11.289411764705882,13.6,4.3,1.2,0.6,False
Huff,2022-23 → 2023-24,WAS,DEN,1,384,96.0,10.0,0.6953125,7.3,1.2,0.6,0.1,0.1,False
Markkanen,2022-23 → 2023-24,UTA,UTA,0,9024,2256.0,20.0,0.49457003546099293,25.6,23.2,8.2,2.0,0.9,False
Vanderbilt,2022-23 → 2023-24,LAL/UTA,LAL,0,7452,1863.0,23.0,0.41975308641975306,7.93569511540526,5.2,4.8,1.2,1.2,False
Conley,2022-23 → 2023-24,MIN/UTA,MIN,0,8048,2012.0,26.0,0.4023359840954274,11.910437375745527,11.4,2.9,5.9,1.2,False
Clarkson,2022-23 → 2023-24,UTA,UTA,0,7884,1971.0,18.0,0.547945205479452,20.8,17.1,3.4,5.0,0.6,False
Horton-Tucker,2022-23 → 2023-24,UTA,UTA,0,5172,1293.0,21.0,0.49361948955916474,10.7,10.1,2.4,3.5,0.9,False
Kessler,2022-23 → 2023-24,UTA,UTA,0,6768,1692.0,20.0,0.48862293144208035,9.2,8.1,7.5,0.9,0.5,False
Sexton,2022-23 → 2023-24,UTA,UTA,0,4540,1135.0,17.0,0.5394273127753304,14.3,18.7,2.6,4.9,0.8,False
Beasley,2022-23 → 2023-24,LAL/UTA,MIL,1,8284,2071.0,26.0,0.3439159826170932,12.725881216803478,11.3,3.7,1.4,0.7,False
Alexander-Walker,2022-23 → 2023-24,MIN/UTA,MIN,0,3472,868.0,29.0,0.29435483870967744,6.140092165898618,8.0,2.0,2.5,0.8,False
Azubuike,2022-23 → 2023-24,UTA,PHX,1,1412,353.0,21.0,0.46458923512747874,3.5,2.2,2.0,0.2,0.1,False
Dunn,2022-23 → 2023-24,UTA,UTA,0,2228,557.0,16.0,0.40888689407540396,13.2,5.4,2.9,3.8,1.0,False
Toscano-Anderson,2022-23 → 2023-24,LAL/UTA,SAC,1,2664,666.0,33.0,0.2766516516516517,3.03948948948949,0.6,1.3,0.4,0.1,False
Juzang,2022-23 → 2023-24,UTA,UTA,0,904,226.0,16.0,0.536504424778761,4.8,7.2,1.8,1.2,0.2,False
Potter,2022-23 → 2023-24,UTA,UTA,0,204,51.0,12.0,0.5049019607843137,3.4,3.3,2.7,0.4,0.3,False
VanVleet,2022-23 → 2023-24,TOR,HOU,1,10136,2534.0,16.0,0.6524269928966061,19.3,17.4,3.8,8.1,1.4,False
Poeltl,2022-23 → 2023-24,SAS/TOR,TOR,0,7212,1803.0,26.0,0.43788130892956184,12.491014975041598,11.1,8.6,2.5,0.7,False
Boucher,2022-23 → 2023-24,TOR,TOR,0,6100,1525.0,19.0,0.4731147540983607,9.4,6.4,4.1,0.5,0.3,False
Vassell,2022-23 → 2023-24,SAS,SAS,0,4148,1037.0,20.0,0.5077145612343298,18.5,19.5,3.8,4.1,1.1,False
Sochan,2022-23 → 2023-24,SAS,SAS,0,5148,1287.0,20.0,0.5596348096348096,11.0,11.6,6.4,3.4,0.8,False
Richardson,2022-23 → 2023-24,NOP/SAS,MIA,1,5564,1391.0,28.0,0.31649892163910853,9.970165348670022,9.9,2.8,2.4,0.6,False
Branham,2022-23 → 2023-24,SAS,SAS,0,5292,1323.0,19.0,0.48450491307634164,10.2,9.2,2.0,2.1,0.4,False
Mamukelashvili,2022-23 → 2023-24,MIL/SAS,SAS,0,2112,528.0,30.0,0.3091856060606061,8.222727272727273,4.1,3.2,1.1,0.2,False
Graham,2022-23 → 2023-24,NOP/SAS,SAS,0,4920,1230.0,30.0,0.30386178861788615,7.979349593495934,5.0,1.6,2.1,0.4,False
Wesley,2022-23 → 2023-24,SAS,SAS,0,2172,543.0,18.0,0.3669429097605893,5.0,4.4,1.5,2.7,0.5,False
Barlow,2022-23 → 2023-24,SAS,SAS,0,1292,323.0,17.0,0.4628482972136223,3.9000000000000004,4.4,3.4,1.1,0.4,False
Bassey,2022-23 → 2023-24,SAS,SAS,0,1600,400.0,17.0,0.438125,5.7,3.3,4.0,1.1,0.4,False
Dieng,2022-23 → 2023-24,OKC/SAS,OKC,0,3136,784.0,34.0,0.31090561224489793,4.553061224489796,4.0,1.5,1.1,0.2,True
Primo,2022-23 → 2023-24,SAS,LAC,1,264,66.0,12.0,0.5833333333333334,7.0,1.0,0.5,0.0,0.0,False
Fox,2022-23 → 2023-24,SAC,SAC,0,9724,2431.0,18.0,0.6656725627313863,25.0,26.6,4.6,5.6,2.0,False
Sabonis,2022-23 → 2023-24,SAC,SAC,0,10936,2734.0,16.0,0.6945866861741039,19.1,19.4,13.7,8.2,0.9,False
Huerter,2022-23 → 2023-24,SAC,SAC,0,8792,2198.0,18.0,0.7580755232029117,15.2,10.2,3.5,2.6,0.7,False
Monk,2022-23 → 2023-24,SAC,SAC,0,6860,1715.0,18.0,0.5123906705539358,13.5,15.4,2.9,5.1,0.6,False
Lyles,2022-23 → 2023-24,SAC,SAC,0,4984,1246.0,18.0,0.5146468699839486,7.6000000000000005,7.2,4.4,1.2,0.3,False
Len,2022-23 → 2023-24,SAC,SAC,0,644,161.0,18.0,0.5186335403726708,1.7,2.5,2.7,1.0,0.2,False
Ellis,2022-23 → 2023-24,SAC,SAC,0,284,71.0,19.0,0.4295774647887324,1.5,5.4,2.2,1.5,0.9,False
Queta,2022-23 → 2023-24,SAC,BOS,1,112,28.0,13.0,0.6785714285714286,2.4,5.5,4.4,0.7,0.5,False
Hart,2022-23 → 2023-24,NYK/POR,NYK,0,9796,2449.0,24.0,0.5026541445487954,9.713801551653736,9.4,8.3,4.1,0.9,False
Simons,2022-23 → 2023-24,POR,POR,0,8660,2165.0,16.0,0.6047344110854503,21.1,22.6,3.6,5.5,0.5,False
Lillard,2022-23 → 2023-24,POR,MIL,1,8396,2099.0,17.0,0.5825393044306812,32.2,24.3,4.4,7.0,1.0,False
Grant,2022-23 → 2023-24,POR,POR,0,8960,2240.0,16.0,0.6157366071428572,20.5,21.0,3.5,2.8,0.8,False
Eubanks,2022-23 → 2023-24,POR,PHX,1,6312,1578.0,22.0,0.5231305449936628,6.6,5.1,4.3,0.8,0.4,False
Reddish,2022-23 → 2023-24,NYK/POR,LAL,1,3928,982.0,26.0,0.29327902240325865,9.84826883910387,5.4,2.1,1.0,1.0,False
Thybulle,2022-23 → 2023-24,PHI/POR,POR,0,4764,1191.0,31.0,0.28442485306465154,5.091435768261965,5.4,2.1,1.4,1.7,False
Watford,2022-23 → 2023-24,POR,BKN,1,4696,1174.0,22.0,0.44122657580919933,7.4,6.9,3.1,1.3,0.4,False
Little,2022-23 → 2023-24,POR,PHX,1,3888,972.0,20.0,0.47350823045267487,6.6,3.4,1.7,0.5,0.2,False
Arcidiacono,2022-23 → 2023-24,NYK/POR,NYK,0,684,171.0,24.0,0.5102339181286549,2.26374269005848,0.0,0.4,0.2,0.1,False
Harrison,2022-23 → 2023-24,POR,,0,480,120.0,11.0,0.6208333333333333,8.8,0.7,0.7,0.0,0.0,False
Minaya,2022-23 → 2023-24,POR,POR,0,356,89.0,10.0,0.5870786516853933,4.3,1.8,1.6,0.6,0.3,False
Booker,2022-23 → 2023-24,PHX,PHX,0,7200,1800.0,17.0,0.54125,27.8,27.1,4.5,6.9,0.9,False
Craig,2022-23 → 2023-24,PHX,CHI,1,7620,1905.0,18.0,0.5782152230971128,7.4,5.7,4.1,1.1,0.6,False
Ayton,2022-23 → 2023-24,PHX,POR,1,8028,2007.0,16.0,0.6263079222720478,18.0,16.7,11.1,1.6,1.0,False
Paul,2022-23 → 2023-24,PHX,GSW,1,7400,1850.0,18.0,0.5752702702702702,13.9,9.2,3.9,6.8,1.2,False
Okogie,2022-23 → 2023-24,PHX,PHX,0,5252,1313.0,18.0,0.49295506473724293,7.3,4.6,2.6,1.1,0.8,False
Durant,2022-23 → 2023-24,BKN/PHX,PHX,0,6384,1596.0,27.0,0.5051691729323309,29.104197994987466,27.1,6.6,5.0,0.9,False
Shamet,2022-23 → 2023-24,PHX,WAS,1,3112,778.0,18.0,0.42095115681233936,8.7,7.1,1.3,1.2,0.5,False
Lee,2022-23 → 2023-24,PHI/PHX,PHX,0,7312,1828.0,26.0,0.3889496717724289,3.0,3.0,1.3,1.3,0.3,True
Landale,2022-23 → 2023-24,PHX,HOU,1,3796,949.0,18.0,0.4678609062170706,6.6,4.9,3.1,1.2,0.4,False
Warren,2022-23 → 2023-24,BKN/PHX,MIN,1,2580,645.0,28.0,0.33449612403100776,7.963410852713178,3.7,2.0,0.8,0.4,False
Melton,2022-23 → 2023-24,PHI,PHI,0,8584,2146.0,16.0,0.6282618825722274,10.1,11.1,3.7,3.0,1.6,False
Harden,2022-23 → 2023-24,PHI,LAC,1,8556,2139.0,14.0,0.6640953716690042,21.0,16.6,5.1,8.5,1.1,False
Embiid,2022-23 → 2023-24,PHI,PHI,0,9132,2283.0,13.0,0.6561541830924222,33.1,34.7,11.0,5.6,1.2,False
Maxey,2022-23 → 2023-24,PHI,PHI,0,8032,2008.0,15.0,0.5581424302788844,20.3,25.9,3.7,6.2,1.0,False
Niang,2022-23 → 2023-24,PHI,CLE,1,6036,1509.0,18.0,0.4840954274353877,8.2,9.4,3.4,1.2,0.4,False
Korkmaz,2022-23 → 2023-24,PHI,PHI,0,1412,353.0,20.0,0.5516997167138811,3.8,2.5,0.9,0.7,0.4,False
Reed,2022-23 → 2023-24,DEN/LAL/PHI,PHI,0,4380,1095.0,41.0,0.33721461187214613,3.5757077625570775,7.3,6.0,1.3,0.8,True
Fultz,2022-23 → 2023-24,ORL,ORL,0,7020,1755.0,15.0,0.7585470085470085,14.0,7.8,3.2,2.8,1.0,False
Banchero,2022-23 → 2023-24,ORL,ORL,0,9604,2401.0,15.0,0.6627446897126198,20.0,22.6,6.9,5.4,0.9,False
Bol,2022-23 → 2023-24,ORL,PHX,1,5952,1488.0,17.0,0.5734206989247311,9.1,5.2,3.2,0.4,0.2,False
Anthony,2022-23 → 2023-24,ORL,ORL,0,6140,1535.0,16.0,0.5294788273615635,13.0,11.6,3.8,2.9,0.8,False
Suggs,2022-23 → 2023-24,ORL,ORL,0,4880,1220.0,16.0,0.5862704918032787,9.9,12.6,3.1,2.7,1.4,False
Bamba,2022-23 → 2023-24,LAL/ORL,PHI,1,2972,743.0,25.0,0.4296769851951548,6.897846567967699,4.4,4.2,0.7,0.4,False
Schofield,2022-23 → 2023-24,ORL,ORL,0,1756,439.0,16.0,0.4732346241457859,4.2,1.1,0.7,0.3,0.0,False
Okeke,2022-23 → 2023-24,ORL,ORL,0,2020,505.0,16.0,0.4900990099009901,4.7,2.3,1.7,0.4,0.2,False
Isaac,2022-23 → 2023-24,ORL,ORL,0,492,123.0,10.0,0.6077235772357723,5.0,6.8,4.5,0.5,0.7,False
Houstan,2022-23 → 2023-24,ORL,ORL,0,3132,783.0,17.0,0.47126436781609193,3.7999999999999994,4.3,1.4,0.5,0.3,False
Bitadze,2022-23 → 2023-24,IND/ORL,ORL,0,1804,451.0,26.0,0.35864745011086474,4.663636363636364,5.0,4.6,1.3,0.5,False
Hampton,2022-23 → 2023-24,DET/ORL,MIA,1,2916,729.0,26.0,0.28566529492455417,6.544993141289438,1.3,0.8,1.0,0.0,False
Dort,2022-23 → 2023-24,OKC,OKC,0,8604,2151.0,15.0,0.7136215713621571,13.7,10.9,3.6,1.4,0.9,False
Gilgeous-Alexander,2022-23 → 2023-24,OKC,OKC,0,9064,2266.0,15.0,0.6736540158870256,31.4,30.1,5.5,6.2,2.0,False
Giddey,2022-23 → 2023-24,OKC,OKC,0,9024,2256.0,15.0,0.6829565602836879,16.6,12.3,6.4,4.8,0.6,False
Joe,2022-23 → 2023-24,OKC,OKC,0,5064,1266.0,15.0,0.6380331753554502,9.5,8.2,2.3,1.3,0.6,False
Robinson-Earl,2022-23 → 2023-24,OKC,NOP,1,2960,740.0,16.0,0.6172297297297298,6.8,2.9,1.9,0.5,0.3,False
Sarr,2022-23 → 2023-24,OKC,OKC,0,408,102.0,11.0,0.5759803921568627,4.0,2.3,2.4,0.1,0.0,False
Omoruyi,2022-23 → 2023-24,DET/OKC,WAS,1,2428,607.0,26.0,0.3418451400329489,7.833772652388798,4.8,2.0,0.8,0.6,False
Brunson,2022-23 → 2023-24,NYK,NYK,0,9500,2375.0,13.0,0.646,24.0,28.7,3.6,6.7,0.9,False
Randle,2022-23 → 2023-24,NYK,NYK,0,10964,2741.0,14.0,0.6317949653411163,25.1,24.0,9.2,5.0,0.5,False
Sims,2022-23 → 2023-24,NYK,NYK,0,3240,810.0,16.0,0.595679012345679,3.4,2.0,3.3,0.6,0.2,False
Hartenstein,2022-23 → 2023-24,NYK,NYK,0,6516,1629.0,15.0,0.5446593001841621,5.0,7.8,8.3,2.5,1.2,False
McBride,2022-23 → 2023-24,NYK,NYK,0,3040,760.0,16.0,0.5421052631578948,3.5,8.3,1.5,1.7,0.7,False
Rose,2022-23 → 2023-24,NYK,MEM,1,1356,339.0,14.0,0.6084070796460177,5.6,8.0,1.9,3.3,0.3,False
Mykhailiuk,2022-23 → 2023-24,CHA/NYK,BOS,1,1868,467.0,25.0,0.42933618843683086,9.886937901498928,4.0,1.2,0.9,0.3,False
Ingram,2022-23 → 2023-24,NOP,NOP,0,6160,1540.0,14.0,0.6327922077922078,24.7,20.8,5.1,5.7,0.8,False
McCollum,2022-23 → 2023-24,NOP,NOP,0,10572,2643.0,15.0,0.5637533106318577,20.9,20.0,4.3,4.6,0.9,False
Marshall,2022-23 → 2023-24,NOP,NOP,0,7124,1781.0,15.0,0.5047725996631106,9.1,7.1,3.6,1.9,0.7,False
Williamson,2022-23 → 2023-24,NOP,NOP,0,3792,948.0,13.0,0.5253164556962026,26.0,22.9,5.8,5.0,1.1,False
Daniels,2022-23 → 2023-24,NOP,NOP,0,4136,1034.0,16.0,0.43665377176015474,3.8,5.8,3.9,2.7,1.4,False
Alvarado,2022-23 → 2023-24,NOP,NOP,0,5212,1303.0,16.0,0.4623944742900998,9.0,7.1,2.3,2.1,1.1,False
Temple,2022-23 → 2023-24,NOP,TOR,1,628,157.0,15.0,0.5875796178343949,2.0,3.3,1.7,1.0,0.4,False
Seabron,2022-23 → 2023-24,NOP,NOP,0,52,13.0,9.0,0.6923076923076923,0.8,2.3,1.2,0.8,0.3,False
Russell,2022-23 → 2023-24,LAL/MIN,LAL,0,9064,2266.0,25.0,0.4901809355692851,17.786584289496908,18.0,3.1,6.3,0.9,False
Towns,2022-23 → 2023-24,MIN,MIN,0,3752,938.0,14.0,0.6356609808102346,20.8,21.8,8.3,3.0,0.7,False
Gobert,2022-23 → 2023-24,MIN,MIN,0,8452,2113.0,17.0,0.6282536677709418,13.4,14.0,12.9,1.3,0.7,False
Anderson,2022-23 → 2023-24,MIN,MIN,0,7660,1915.0,18.0,0.5652741514360313,9.4,6.4,3.5,4.2,0.9,False
Reid,2022-23 → 2023-24,MIN,MIN,0,4880,1220.0,19.0,0.4989754098360656,11.5,13.5,5.2,1.3,0.8,False
Prince,2022-23 → 2023-24,MIN,LAL,1,4620,1155.0,18.0,0.43744588744588747,9.1,8.9,2.9,1.5,0.7,False
McLaughlin,2022-23 → 2023-24,MIN,MIN,0,2600,650.0,19.0,0.5207692307692308,3.7,3.5,1.3,2.0,0.6,False
Ryan,2022-23 → 2023-24,LAL/MIN,NOP,1,1180,295.0,31.0,0.24915254237288137,3.6033898305084744,5.4,1.4,0.6,0.2,False
Garza,2022-23 → 2023-24,MIN,MIN,0,940,235.0,17.0,0.4425531914893617,6.5,4.0,1.2,0.2,0.2,False
Minott,2022-23 → 2023-24,MIN,MIN,0,364,91.0,15.0,0.5824175824175825,3.1,1.6,0.5,0.3,0.2,False
Lawson,2022-23 → 2023-24,DAL/MIN,DAL,0,436,109.0,20.0,0.5711009174311926,3.865137614678899,3.2,1.2,0.5,0.2,False
Connaughton,2022-23 → 2023-24,MIL,MIL,0,5380,1345.0,19.0,0.5769516728624535,7.6,5.6,3.1,2.1,0.5,False
Carter,2022-23 → 2023-24,MIL,CHI,1,6640,1660.0,19.0,0.5375,8.0,5.0,0.8,1.3,0.5,False
Middleton,2022-23 → 2023-24,MIL,MIL,0,2952,738.0,16.0,0.5606368563685636,15.1,15.1,4.7,5.3,0.9,False
Portis,2022-23 → 2023-24,MIL,MIL,0,6732,1683.0,19.0,0.47474747474747475,14.1,13.8,7.4,1.3,0.8,False
Beauchamp,2022-23 → 2023-24,MIL,MIL,0,2452,613.0,19.0,0.48450244698205547,5.1,4.4,2.1,0.6,0.3,False
Matthews,2022-23 → 2023-24,MIL,ATL,1,2952,738.0,19.0,0.45528455284552843,3.4,3.1,1.5,0.6,0.4,False
Ingles,2022-23 → 2023-24,MIL,ORL,1,3908,977.0,19.0,0.5161207778915046,6.9,4.4,2.1,3.0,0.6,False
Crowder,2022-23 → 2023-24,MIL,MIL,0,1176,294.0,15.0,0.47534013605442177,6.9,6.2,3.2,1.3,0.8,False
Leonard,2022-23 → 2023-24,LAC/MIL,LAC,0,7308,1827.0,32.0,0.5120415982484948,22.791242474001095,23.7,6.1,3.6,1.6,True
Wigginton,2022-23 → 2023-24,MIL,MIL,0,296,74.0,11.0,0.652027027027027,7.1,2.0,0.0,0.0,0.0,False
Adebayo,2022-23 → 2023-24,MIA,MIA,0,10400,2600.0,16.0,0.5820192307692308,20.4,19.3,10.4,3.9,1.1,False
Herro,2022-23 → 2023-24,MIA,MIA,0,9360,2340.0,18.0,0.5714743589743589,20.1,20.8,5.3,4.5,0.7,False
Vincent,2022-23 → 2023-24,MIA,LAL,1,7016,1754.0,18.0,0.5866590649942988,9.400000000000002,3.1,0.8,1.9,0.8,False
Love,2022-23 → 2023-24,CLE/MIA,MIA,0,4960,1240.0,26.0,0.3580645161290323,8.230322580645161,8.8,6.1,2.1,0.3,False
Strus,2022-23 → 2023-24,MIA,CLE,1,9080,2270.0,18.0,0.5029735682819383,11.5,12.2,4.8,4.0,0.9,False
Highsmith,2022-23 → 2023-24,MIA,MIA,0,3876,969.0,18.0,0.5054179566563467,4.4,6.1,3.2,1.1,0.8,False
Zeller,2022-23 → 2023-24,MIA,NOP,1,876,219.0,12.0,0.5993150684931506,6.5,1.8,2.6,0.9,0.2,False
Cain,2022-23 → 2023-24,MIA,MIA,0,964,241.0,16.0,0.5010373443983402,5.4,3.7,1.4,0.4,0.4,False
Yurtseven,2022-23 → 2023-24,MIA,UTA,1,336,84.0,12.0,0.5595238095238095,4.4,4.6,4.3,0.6,0.2,False
Morant,2022-23 → 2023-24,MEM,MEM,0,7764,1941.0,16.0,0.5057959814528593,26.2,25.1,5.6,8.1,0.8,False
Konchar,2022-23 → 2023-24,MEM,MEM,0,5972,1493.0,18.0,0.441728064300067,5.1,4.3,4.7,2.0,0.9,False
Bane,2022-23 → 2023-24,MEM,MEM,0,7376,1844.0,16.0,0.4924078091106291,21.5,23.7,4.4,5.5,1.0,False
Aldama,2022-23 → 2023-24,MEM,MEM,0,6732,1683.0,16.0,0.470291146761735,9.0,10.7,5.8,2.3,0.7,False
Clarke,2022-23 → 2023-24,MEM,MEM,0,4360,1090.0,16.0,0.5022935779816514,10.0,11.3,5.3,1.5,0.8,False
Kennard,2022-23 → 2023-24,LAC/MEM,MEM,0,5204,1301.0,29.0,0.27132974634896234,9.38186010760953,11.0,2.9,3.5,0.5,False
LaRavia,2022-23 → 2023-24,MEM,MEM,0,1668,417.0,16.0,0.4292565947242206,3.0,10.8,3.7,1.7,0.8,False
Bryant,2022-23 → 2023-24,DEN/LAL,MIA,1,4212,1053.0,30.0,0.47388414055080724,10.647008547008546,5.7,3.7,0.6,0.3,False
James,2022-23 → 2023-24,LAL,LAL,0,7656,1914.0,19.0,0.458594566353187,28.9,25.7,7.3,8.3,1.3,False
Reaves,2022-23 → 2023-24,LAL,LAL,0,7196,1799.0,20.0,0.4360755975541968,13.0,15.9,4.3,5.5,0.8,False
Westbrook,2022-23 → 2023-24,LAC/LAL,LAC,0,8304,2076.0,28.0,0.3090077071290944,15.869605009633913,11.1,5.0,4.5,1.1,False
Gabriel,2022-23 → 2023-24,LAL,MEM,1,3920,980.0,23.0,0.4418367346938776,5.5,3.4,5.0,0.6,0.4,False
Christie,2022-23 → 2023-24,LAL,LAL,0,1936,484.0,21.0,0.42510330578512395,3.1,4.2,2.1,0.9,0.3,False
Swider,2022-23 → 2023-24,LAL,MIA,1,152,38.0,15.0,0.4868421052631579,1.3,2.3,0.4,0.3,0.1,False
Zubac,2022-23 → 2023-24,LAC,LAC,0,8616,2154.0,18.0,0.5244893221912721,10.8,11.7,9.2,1.4,0.3,False
Coffey,2022-23 → 2023-24,LAC,LAC,0,2440,610.0,19.0,0.44426229508196724,3.4,6.6,2.1,1.1,0.6,False
Hyland,2022-23 → 2023-24,DEN/LAC,LAC,0,4328,1082.0,27.0,0.3364140480591497,11.785212569316082,6.9,1.5,2.5,0.7,False
Plumlee,2022-23 → 2023-24,CHA/LAC,LAC,0,8188,2047.0,24.0,0.4948705422569614,11.16218856863703,5.3,5.1,1.2,0.3,False
Preston,2022-23 → 2023-24,LAC,UTA,1,480,120.0,11.0,0.7291666666666666,2.9,1.7,2.4,2.3,0.3,False
Moon,2022-23 → 2023-24,LAC,LAC,0,80,20.0,7.0,0.925,1.8,2.4,1.3,1.5,0.2,False
Turner,2022-23 → 2023-24,IND,IND,0,7288,1822.0,15.0,0.6800219538968166,18.0,17.1,6.9,1.3,0.5,False
Nembhard,2022-23 → 2023-24,IND,IND,0,8292,2073.0,19.0,0.5600578871201157,9.5,9.2,2.1,4.1,0.9,False
Haliburton,2022-23 → 2023-24,IND,IND,0,7532,1883.0,15.0,0.6286510886882634,20.7,20.1,3.9,10.9,1.2,False
Nesmith,2022-23 → 2023-24,IND,IND,0,7252,1813.0,19.0,0.5787369001654716,10.1,12.2,3.8,1.5,0.9,False
Mathurin,2022-23 → 2023-24,IND,IND,0,8876,2219.0,19.0,0.44073907165389814,16.7,14.5,4.0,2.0,0.6,False
Brissett,2022-23 → 2023-24,IND,BOS,1,4340,1085.0,19.0,0.5011520737327189,6.1,3.7,2.9,0.8,0.3,False
Duarte,2022-23 → 2023-24,IND,SAC,1,3588,897.0,17.0,0.49052396878483834,7.9,3.9,1.8,0.7,0.5,False
McConnell,2022-23 → 2023-24,IND,IND,0,6080,1520.0,19.0,0.4733552631578947,8.7,10.2,2.7,5.5,1.0,False
Taylor,2022-23 → 2023-24,CHI/IND,CHI,0,1056,264.0,23.0,0.38257575757575757,2.8772727272727274,1.5,1.2,0.3,0.2,False
Queen,2022-23 → 2023-24,IND,ORL,1,272,68.0,14.0,0.47794117647058826,3.0,2.9,1.4,1.3,0.5,False
Garuba,2022-23 → 2023-24,HOU,GSW,1,3896,974.0,16.0,0.553388090349076,3.0,0.5,1.2,0.2,0.2,False
Eason,2022-23 → 2023-24,HOU,HOU,0,7088,1772.0,17.0,0.44229683972911965,9.3,9.8,7.0,1.2,1.4,False
Nix,2022-23 → 2023-24,HOU,MIN,1,3656,914.0,16.0,0.525984682713348,4.0,1.8,0.2,0.4,0.3,False
Tate,2022-23 → 2023-24,HOU,HOU,0,2728,682.0,15.0,0.533357771260997,9.1,4.1,3.0,1.0,0.6,False
Fernando,2022-23 → 2023-24,ATL/HOU,ATL,0,1616,404.0,24.0,0.4511138613861386,4.028960396039604,6.3,4.3,1.0,0.6,False
Mathews,2022-23 → 2023-24,ATL/HOU,ATL,0,2748,687.0,27.0,0.38064046579330424,4.8,4.9,1.4,0.6,0.3,False
Looney,2022-23 → 2023-24,GSW,GSW,0,7816,1954.0,14.0,0.5951893551688844,7.0,4.5,5.7,1.8,0.4,False
DiVincenzo,2022-23 → 2023-24,GSW,NYK,1,7548,1887.0,15.0,0.6018812930577636,9.4,15.5,3.7,2.7,1.3,False
Poole,2022-23 → 2023-24,GSW,WAS,1,9808,2452.0,16.0,0.5543433931484503,20.4,17.4,2.7,4.4,1.1,False
Kuminga,2022-23 → 2023-24,GSW,GSW,0,5556,1389.0,16.0,0.548776097912167,9.9,16.1,4.8,2.2,0.7,False
Jerome,2022-23 → 2023-24,GSW,CLE,1,3228,807.0,15.0,0.4826517967781908,6.9,2.0,0.5,1.5,0.0,False
Moody,2022-23 → 2023-24,GSW,GSW,0,3212,803.0,16.0,0.5015566625155666,4.8,8.1,3.0,0.9,0.6,False
Wiseman,2022-23 → 2023-24,DET/GSW,DET,0,3420,855.0,28.0,0.38596491228070173,10.922690058479532,7.1,5.3,0.9,0.2,False
Stewart,2022-23 → 2023-24,DET,DET,0,5604,1401.0,14.0,0.6448965024982155,11.3,10.9,6.6,1.6,0.4,False
Ivey,2022-23 → 2023-24,DET,DET,0,9136,2284.0,19.0,0.49660683012259194,16.3,15.4,3.4,3.8,0.7,False
Duren,2022-23 → 2023-24,DET,DET,0,6628,1657.0,20.0,0.4923053711526856,9.1,13.8,11.6,2.4,0.5,False
Bey,2022-23 → 2023-24,ATL/DET,ATL,0,8456,2114.0,29.0,0.3631740775780511,13.849385052034059,13.7,6.5,1.5,0.8,False
Cunningham,2022-23 → 2023-24,DET,DET,0,1576,394.0,13.0,0.7893401015228426,19.9,22.7,4.3,7.5,0.9,False
Joseph,2022-23 → 2023-24,DET,GSW,1,4820,1205.0,21.0,0.3437759336099585,6.9,2.4,1.2,1.6,0.2,False
Livers,2022-23 → 2023-24,DET,DET,0,4708,1177.0,20.0,0.45072217502124046,6.7,5.0,2.1,1.1,0.6,False
Diallo,2022-23 → 2023-24,DET,WAS,1,3916,979.0,20.0,0.4307967313585291,9.3,1.0,1.0,0.5,1.0,False
Rhoden,2022-23 → 2023-24,DET,DET,0,760,190.0,14.0,0.5302631578947369,3.2,4.9,1.9,0.8,0.2,False
Boeheim,2022-23 → 2023-24,DET,DET,0,340,85.0,13.0,0.5882352941176471,1.6,3.4,1.0,0.3,0.0,False
Key,2022-23 → 2023-24,DET,DEN,1,32,8.0,11.0,0.625,1.3,1.1,0.9,0.5,0.1,False
Umude,2022-23 → 2023-24,DET,DET,0,4,1.0,4.0,1.0,2.0,5.3,2.1,0.5,0.3,False
Caldwell-Pope,2022-23 → 2023-24,DEN,DEN,0,9528,2382.0,16.0,0.6727539882451721,10.8,10.1,2.4,2.4,1.3,False
Braun,2022-23 → 2023-24,DEN,DEN,0,4748,1187.0,17.0,0.42017691659646167,4.7,7.3,3.7,1.6,0.5,False
Nnaji,2022-23 → 2023-24,DEN,DEN,0,2928,732.0,17.0,0.47540983606557374,5.2,3.2,2.2,0.6,0.3,False
Jordan,2022-23 → 2023-24,DEN,DEN,0,2344,586.0,15.0,0.514505119453925,5.1,3.9,4.4,0.7,0.2,False
Watson,2022-23 → 2023-24,DEN,DEN,0,736,184.0,16.0,0.532608695652174,3.3,6.7,3.2,1.1,0.5,False
Wood,2022-23 → 2023-24,DAL,LAL,1,6776,1694.0,21.0,0.5354191263282172,16.6,6.9,5.1,1.0,0.3,False
Bullock,2022-23 → 2023-24,DAL,,0,9324,2331.0,20.0,0.48305448305448306,7.2,2.2,1.7,0.3,0.3,False
Finney-Smith,2022-23 → 2023-24,BKN/DAL,BKN,0,7912,1978.0,29.0,0.4101365015166835,8.424721941354903,8.5,4.7,1.6,0.8,False
Irving,2022-23 → 2023-24,BKN/DAL,DAL,0,8720,2180.0,28.0,0.41100917431192663,27.065458715596332,25.6,5.0,5.2,1.3,False
McGee,2022-23 → 2023-24,DAL,SAC,1,1368,342.0,19.0,0.4641812865497076,4.4,4.0,2.7,0.4,0.3,False
Kleber,2022-23 → 2023-24,DAL,DAL,0,3624,906.0,16.0,0.5601545253863135,5.9,4.4,3.3,1.6,0.4,False
Hardy,2022-23 → 2023-24,DAL,DAL,0,2696,674.0,21.0,0.40318991097922846,8.8,7.3,1.8,1.5,0.3,False
Ntilikina,2022-23 → 2023-24,DAL,CHA,1,2352,588.0,20.0,0.38605442176870747,2.9,1.0,1.2,0.8,0.0,False
Garland,2022-23 → 2023-24,CLE,CLE,0,9796,2449.0,14.0,0.6219885667619437,21.6,18.0,2.7,6.5,1.3,False
Okoro,2022-23 → 2023-24,CLE,CLE,0,6588,1647.0,14.0,0.6445051608986035,6.4,9.4,3.0,1.9,0.8,False
LeVert,2022-23 → 2023-24,CLE,CLE,0,8948,2237.0,14.0,0.5743182834152883,12.1,14.0,4.1,5.1,1.1,False
Osman,2022-23 → 2023-24,CLE,SAS,1,6204,1551.0,15.0,0.49484203739522886,8.7,6.8,2.5,1.7,0.5,False
Wade,2022-23 → 2023-24,CLE,CLE,0,3592,898.0,17.0,0.5072383073496659,4.7,5.4,4.0,0.8,0.7,False
Merrill,2022-23 → 2023-24,CLE,CLE,0,224,56.0,10.0,0.6339285714285714,5.0,8.0,2.0,1.8,0.3,False
Dosunmu,2022-23 → 2023-24,CHI,CHI,0,8380,2095.0,17.0,0.6714797136038186,8.6,12.2,2.8,3.2,0.9,False
DeRozan,2022-23 → 2023-24,CHI,CHI,0,10716,2679.0,12.0,0.6299925345278089,24.5,24.0,4.3,5.3,1.1,False
LaVine,2022-23 → 2023-24,CHI,CHI,0,11072,2768.0,15.0,0.6324060693641619,24.800000000000004,19.5,5.2,3.9,0.8,False
Caruso,2022-23 → 2023-24,CHI,CHI,0,6300,1575.0,12.0,0.6285714285714286,5.6,10.1,3.8,3.5,1.7,False
Drummond,2022-23 → 2023-24,CHI,CHI,0,3396,849.0,14.0,0.549469964664311,6.0,8.4,9.0,0.5,0.9,False
Terry,2022-23 → 2023-24,CHI,CHI,0,844,211.0,17.0,0.5367298578199052,2.2,3.1,1.9,1.4,0.5,False
Ball,2022-23 → 2023-24,CHA,CHA,0,5060,1265.0,16.0,0.6092885375494071,23.3,23.9,5.1,8.0,1.8,False
Richards,2022-23 → 2023-24,CHA,CHA,0,4860,1215.0,17.0,0.4125514403292181,8.2,9.7,8.0,0.8,0.4,False
Thor,2022-23 → 2023-24,CHA,CHA,0,3876,969.0,18.0,0.3831269349845201,3.8,3.2,2.3,0.5,0.2,False
McGowens,2022-23 → 2023-24,CHA,CHA,0,3168,792.0,18.0,0.38983585858585856,5.299999999999999,5.1,1.7,0.9,0.4,False
Bouknight,2022-23 → 2023-24,CHA,CHA,0,2060,515.0,17.0,0.46116504854368934,5.6,3.6,0.6,0.4,0.1,False
Tatum,2022-23 → 2023-24,BOS,BOS,0,10924,2731.0,16.0,0.5787257414866349,30.1,26.9,8.1,4.9,1.0,False
Horford,2022-23 → 2023-24,BOS,BOS,0,7688,1922.0,13.0,0.72840790842872,9.8,8.6,6.4,2.6,0.6,False
Brogdon,2022-23 → 2023-24,BOS,POR,1,6972,1743.0,14.0,0.5249569707401033,14.9,15.7,3.8,5.5,0.7,False
Kornet,2022-23 → 2023-24,BOS,BOS,0,3220,805.0,16.0,0.5509316770186335,3.8,5.3,4.1,1.1,0.4,False
Hauser,2022-23 → 2023-24,BOS,BOS,0,5176,1294.0,17.0,0.4918856259659969,6.4,9.0,3.5,1.0,0.5,False
Griffin,2022-23 → 2023-24,ATL/BOS,ATL,0,7888,1972.0,31.0,0.35573022312373226,7.502839756592293,2.4,0.9,0.3,0.1,True
Pritchard,2022-23 → 2023-24,BOS,BOS,0,2572,643.0,17.0,0.4801710730948678,5.6,9.6,3.2,3.4,0.5,False
Davison,2022-23 → 2023-24,BOS,BOS,0,268,67.0,13.0,0.6753731343283582,1.6,2.0,1.3,1.3,0.1,False
Claxton,2022-23 → 2023-24,BKN,BKN,0,8840,2210.0,20.0,0.46934389140271493,12.6,11.8,9.9,2.1,0.6,False
Gray,2022-23 → 2023-24,BKN,SAS,1,140,35.0,6.0,0.7642857142857142,16.0,7.7,2.3,2.0,0.3,False
Hunter,2022-23 → 2023-24,ATL,ATL,0,8496,2124.0,16.0,0.7085687382297552,15.4,15.6,3.9,1.5,0.7,False
Capela,2022-23 → 2023-24,ATL,ATL,0,6924,1731.0,14.0,0.7593876372039283,12.0,11.5,10.6,1.2,0.6,False
Okongwu,2022-23 → 2023-24,ATL,ATL,0,7392,1848.0,16.0,0.5250270562770563,9.9,10.2,6.8,1.3,0.5,False
Forrest,2022-23 → 2023-24,ATL,ATL,0,1104,276.0,17.0,0.47192028985507245,2.3,2.2,1.3,2.4,0.3,False
Gafford,2023-24 → 2024-25,DAL/WAS,DAL,0,7220,1805.0,24.0,0.5317174515235457,11.002216066481994,12.3,6.8,1.4,0.4,False
Poole,2023-24 → 2024-25,WAS,WAS,0,9336,2334.0,21.0,0.568337617823479,17.4,20.5,3.0,4.5,1.3,False
Avdija,2023-24 → 2024-25,WAS,POR,1,8952,2238.0,22.0,0.561662198391421,14.7,16.9,7.3,3.9,1.0,False
Coulibaly,2023-24 → 2024-25,WAS,WAS,0,6792,1698.0,22.0,0.5114840989399293,8.4,12.3,5.0,3.4,1.3,False
Kispert,2023-24 → 2024-25,WAS,WAS,0,8192,2048.0,21.0,0.47412109375,13.4,11.6,3.0,1.7,0.4,False
Holmes,2023-24 → 2024-25,DAL/WAS,WAS,0,2148,537.0,30.0,0.36638733705772814,5.570391061452514,7.4,5.7,1.4,0.3,False
Shamet,2023-24 → 2024-25,WAS,NYK,1,2880,720.0,18.0,0.4777777777777778,7.1,5.7,1.2,0.5,0.5,False
Gill,2023-24 → 2024-25,WAS,WAS,0,1824,456.0,22.0,0.46710526315789475,3.8,2.5,1.3,0.3,0.2,False
Rollins,2023-24 → 2024-25,MIL/WAS,MIL,0,304,76.0,16.0,0.618421052631579,3.6105263157894734,6.2,1.9,1.9,0.8,False
Vukcevic,2023-24 → 2024-25,WAS,WAS,0,604,151.0,13.0,0.6324503311258278,8.5,9.4,3.7,1.1,0.3,False
Markkanen,2023-24 → 2024-25,UTA,UTA,0,7244,1811.0,17.0,0.5266427388183325,23.2,19.0,5.9,1.5,0.7,False
Sexton,2023-24 → 2024-25,UTA,UTA,0,8268,2067.0,19.0,0.4409772617319787,18.7,18.4,2.7,4.2,0.7,False
Fontecchio,2023-24 → 2024-25,DET/UTA,DET,0,6484,1621.0,28.0,0.385101789019124,10.760579888957434,5.9,2.9,0.9,0.4,False
Agbaji,2023-24 → 2024-25,TOR/UTA,TOR,0,6416,1604.0,31.0,0.31966957605985036,5.887905236907731,10.4,3.8,1.5,0.9,False
Kessler,2023-24 → 2024-25,UTA,UTA,0,5992,1498.0,17.0,0.47997329773030706,8.1,11.1,12.2,1.7,0.6,False
Clarkson,2023-24 → 2024-25,UTA,UTA,0,6720,1680.0,16.0,0.5370535714285715,17.1,16.2,3.2,3.7,0.8,False
Hendricks,2023-24 → 2024-25,UTA,UTA,0,3416,854.0,20.0,0.4812646370023419,7.3,4.7,5.0,0.7,1.7,False
Horton-Tucker,2023-24 → 2024-25,UTA,CHI,1,4044,1011.0,20.0,0.390702274975272,10.1,6.5,1.7,1.4,0.4,False
Juzang,2023-24 → 2024-25,UTA,UTA,0,1504,376.0,17.0,0.4175531914893617,7.200000000000001,8.9,2.9,1.1,0.6,False
Sensabaugh,2023-24 → 2024-25,UTA,UTA,0,2328,582.0,18.0,0.44544673539518903,7.5,10.9,3.0,1.5,0.6,False
Potter,2023-24 → 2024-25,UTA,UTA,0,744,186.0,18.0,0.45161290322580644,3.3,4.3,4.3,0.8,0.4,False
Poeltl,2023-24 → 2024-25,TOR,TOR,0,5156,1289.0,19.0,0.6297517455391777,11.1,14.5,9.6,2.8,1.2,False
Siakam,2023-24 → 2024-25,IND/TOR,IND,0,10544,2636.0,29.0,0.36361911987860396,21.756145675265554,20.2,6.9,3.4,0.9,False
Anunoby,2023-24 → 2024-25,NYK/TOR,NYK,0,6740,1685.0,24.0,0.39940652818991096,14.623442136498516,18.0,4.8,2.2,1.5,False
Barrett,2023-24 → 2024-25,NYK/TOR,TOR,0,7224,1806.0,32.0,0.3372093023255814,20.275083056478408,21.1,6.3,5.4,0.8,False
Quickley,2023-24 → 2024-25,NYK/TOR,TOR,0,7744,1936.0,34.0,0.34697830578512395,17.264876033057853,17.1,3.5,5.8,0.7,False
Dick,2023-24 → 2024-25,TOR,TOR,0,4836,1209.0,28.0,0.3610421836228288,8.5,14.4,3.6,1.8,0.9,False
Achiuwa,2023-24 → 2024-25,NYK/TOR,NYK,0,6448,1612.0,31.0,0.46169354838709675,7.626426799007445,6.6,5.6,1.0,0.8,False
Flynn,2023-24 → 2024-25,DET/NYK/TOR,CHA,1,3224,806.0,41.0,0.3387096774193548,5.902357320099255,4.0,1.8,1.8,0.8,False
Boucher,2023-24 → 2024-25,TOR,TOR,0,2676,669.0,23.0,0.44170403587443946,6.4,10.0,4.5,0.7,0.5,False
Temple,2023-24 → 2024-25,TOR,TOR,0,1108,277.0,21.0,0.4963898916967509,3.3,1.9,1.0,1.1,0.6,False
Gueye,2023-24 → 2024-25,ATL/TOR,ATL,0,716,179.0,27.0,0.361731843575419,3.043575418994413,6.0,4.2,0.8,0.8,True
Carton,2023-24 → 2024-25,TOR,TOR,0,128,32.0,14.0,0.6171875,2.8,0.8,1.0,0.8,0.5,False
Nowell,2023-24 → 2024-25,DET/MEM/TOR,NOP,1,752,188.0,28.0,0.449468085106383,6.042553191489362,8.4,2.5,2.3,0.1,True
Vassell,2023-24 → 2024-25,SAS,SAS,0,8968,2242.0,15.0,0.5932203389830508,19.5,16.3,4.0,2.9,1.3,False
Sochan,2023-24 → 2024-25,SAS,SAS,0,8732,2183.0,16.0,0.592533211177279,11.6,11.4,6.5,2.4,0.8,False
Wembanyama,2023-24 → 2024-25,SAS,SAS,0,8396,2099.0,16.0,0.5655073844687947,21.4,24.3,11.0,3.7,1.1,False
Branham,2023-24 → 2024-25,SAS,SAS,0,6336,1584.0,18.0,0.47490530303030304,9.2,5.0,1.1,0.8,0.2,False
Wesley,2023-24 → 2024-25,SAS,SAS,0,3512,878.0,19.0,0.4253986332574032,4.4,3.7,1.1,2.0,0.6,False
Mamukelashvili,2023-24 → 2024-25,SAS,SAS,0,1804,451.0,19.0,0.5110864745011087,4.1,6.3,3.1,0.8,0.4,False
McDermott,2023-24 → 2024-25,IND/SAS,SAC,1,3588,897.0,29.0,0.3843366778149387,5.594648829431438,3.5,0.5,0.2,0.1,False
Barlow,2023-24 → 2024-25,SAS,ATL,1,1664,416.0,16.0,0.5078125,4.4,4.2,2.4,0.5,0.3,False
Bouyea,2023-24 → 2024-25,POR/SAS,MIL,1,372,93.0,21.0,0.30913978494623656,2.495698924731183,3.4,1.0,2.0,0.8,False
Bassey,2023-24 → 2024-25,SAS,SAS,0,816,204.0,14.0,0.5649509803921569,3.3,4.4,4.2,0.5,0.4,False
Sabonis,2023-24 → 2024-25,SAC,SAC,0,11700,2925.0,15.0,0.6573504273504274,19.4,19.1,13.9,6.0,0.7,False
Ellis,2023-24 → 2024-25,SAC,SAC,0,3892,973.0,18.0,0.630524152106886,5.4,8.3,2.7,1.5,1.5,False
Monk,2023-24 → 2024-25,SAC,SAC,0,7484,1871.0,17.0,0.5285943345804383,15.4,17.2,3.8,5.6,0.9,False
Duarte,2023-24 → 2024-25,SAC,CHI,1,2876,719.0,17.0,0.5406815020862309,3.9,2.1,1.2,0.5,0.0,False
Lyles,2023-24 → 2024-25,SAC,SAC,0,4628,1157.0,15.0,0.5641745894554884,7.199999999999999,6.5,4.6,1.2,0.6,False
Ayton,2023-24 → 2024-25,POR,POR,0,6996,1749.0,17.0,0.46855345911949686,16.7,14.4,10.2,1.6,0.8,False
Brogdon,2023-24 → 2024-25,POR,WAS,1,4448,1112.0,16.0,0.5119154676258992,15.699999999999998,12.7,3.8,4.1,0.5,False
Camara,2023-24 → 2024-25,POR,POR,0,6812,1703.0,21.0,0.44069289489136815,7.5,11.3,5.8,2.2,1.5,False
Grant,2023-24 → 2024-25,POR,POR,0,7168,1792.0,20.0,0.46791294642857145,21.0,14.4,3.5,2.1,0.9,False
Henderson,2023-24 → 2024-25,POR,POR,0,6936,1734.0,20.0,0.40383506343713954,14.0,12.7,3.0,5.1,1.0,False
Rupert,2023-24 → 2024-25,POR,POR,0,2480,620.0,20.0,0.5330645161290323,4.0,3.0,1.3,0.5,0.3,False
Simons,2023-24 → 2024-25,POR,POR,0,6172,1543.0,18.0,0.4745625405055087,22.6,19.3,2.7,4.8,0.9,False
Reath,2023-24 → 2024-25,POR,POR,0,4768,1192.0,18.0,0.432256711409396,9.1,4.2,2.0,0.6,0.3,False
Thybulle,2023-24 → 2024-25,POR,POR,0,5832,1458.0,20.0,0.45267489711934156,5.4,7.5,3.5,1.9,2.2,False
Banton,2023-24 → 2024-25,BOS/POR,POR,0,4104,1026.0,30.0,0.3830409356725146,14.257894736842106,8.3,2.0,2.4,0.6,False
Minaya,2023-24 → 2024-25,POR,POR,0,1412,353.0,19.0,0.5106232294617564,1.8,0.9,0.5,0.4,0.3,False
Moore,2023-24 → 2024-25,POR,POR,0,152,38.0,9.0,0.6973684210526315,4.5,3.0,4.0,0.5,1.0,False
Booker,2023-24 → 2024-25,PHX,PHX,0,9760,2440.0,19.0,0.605327868852459,27.1,25.6,4.1,7.1,0.9,False
Durant,2023-24 → 2024-25,PHX,PHX,0,11100,2775.0,19.0,0.6036036036036037,27.1,26.6,6.0,4.2,0.8,False
Beal,2023-24 → 2024-25,PHX,PHX,0,7016,1754.0,19.0,0.6445267958950969,18.2,17.0,3.3,3.7,1.1,False
O'Neale,2023-24 → 2024-25,BKN/PHX,PHX,0,7732,1933.0,30.0,0.30897568546301085,7.670512157268494,9.1,4.7,2.2,0.9,False
Bol,2023-24 → 2024-25,PHX,PHX,0,1844,461.0,21.0,0.44414316702819956,5.2,6.8,2.9,0.6,0.3,False
Goodwin,2023-24 → 2024-25,MEM/PHX,LAL,1,3928,982.0,34.0,0.2515274949083503,7.179226069246436,5.6,3.9,1.4,1.0,False
Lee,2023-24 → 2024-25,PHX,PHX,0,732,183.0,20.0,0.39344262295081966,3.0,3.3,0.8,0.4,0.2,False
Thomas,2023-24 → 2024-25,BKN/PHX,BKN,0,8276,2069.0,25.0,0.4942000966650556,22.295070082165296,24.0,3.3,3.8,0.6,True
Maxey,2023-24 → 2024-25,PHI,PHI,0,10292,2573.0,24.0,0.49659930042751654,25.9,26.3,3.3,6.1,1.8,False
Melton,2023-24 → 2024-25,PHI,GSW,1,4024,1006.0,21.0,0.6587972166998012,11.1,10.3,3.3,2.8,1.2,False
Batum,2023-24 → 2024-25,LAC/PHI,LAC,0,5944,1486.0,27.0,0.5338156123822342,5.3982503364737555,4.0,2.8,1.1,0.7,False
Embiid,2023-24 → 2024-25,PHI,PHI,0,5144,1286.0,20.0,0.6135303265940902,34.7,23.8,8.2,4.5,0.7,False
Lowry,2023-24 → 2024-25,MIA/PHI,PHI,0,6692,1673.0,28.0,0.3280035863717872,8.123371189479975,3.9,1.9,2.7,0.9,False
Reed,2023-24 → 2024-25,PHI,DET,1,6168,1542.0,24.0,0.5181582360570688,7.3,4.1,2.7,1.0,0.9,False
Hield,2023-24 → 2024-25,IND/PHI,GSW,1,8564,2141.0,32.0,0.3011443250817375,12.075478748248482,11.1,3.2,1.6,0.8,False
Tucker,2023-24 → 2024-25,LAC/PHI,NYK,1,1928,482.0,22.0,0.3993775933609959,1.6506224066390043,3.0,2.7,0.0,0.3,False
Payne,2023-24 → 2024-25,MIL/PHI,NYK,1,5120,1280.0,30.0,0.3115234375,7.5901562500000015,6.9,1.4,2.8,0.5,False
Wilson,2023-24 → 2024-25,BKN/PHI,BKN,0,2616,654.0,27.0,0.41743119266055045,5.0,9.5,3.4,1.8,0.5,True
Suggs,2023-24 → 2024-25,ORL,ORL,0,8100,2025.0,15.0,0.644320987654321,12.6,16.2,4.0,3.7,1.5,False
Banchero,2023-24 → 2024-25,ORL,ORL,0,11200,2800.0,15.0,0.5745535714285714,22.6,25.9,7.5,4.8,0.8,False
Fultz,2023-24 → 2024-25,ORL,SAC,1,3624,906.0,14.0,0.6495584988962473,7.8,2.9,1.0,1.3,0.5,False
Bitadze,2023-24 → 2024-25,ORL,ORL,0,3824,956.0,15.0,0.672071129707113,5.0,7.2,6.6,2.0,0.7,False
Black,2023-24 → 2024-25,CHA/ORL,ORL,0,5768,1442.0,38.0,0.4866504854368932,4.231067961165048,9.4,2.9,3.1,1.1,True
Isaac,2023-24 → 2024-25,ORL,ORL,0,3652,913.0,13.0,0.697973713033954,6.8,5.4,4.4,0.6,0.9,False
Anthony,2023-24 → 2024-25,ORL,ORL,0,7296,1824.0,15.0,0.6229440789473685,11.6,9.4,3.0,2.9,0.7,False
Ingles,2023-24 → 2024-25,ORL,MIN,1,4692,1173.0,13.0,0.6432225063938619,4.4,0.8,0.6,1.2,0.1,False
Houstan,2023-24 → 2024-25,ORL,ORL,0,3248,812.0,15.0,0.5372536945812808,4.3,4.1,1.3,0.6,0.4,False
Howard,2023-24 → 2024-25,ORL,ORL,0,260,65.0,11.0,0.7076923076923077,1.6,4.5,1.2,0.7,0.2,False
Queen,2023-24 → 2024-25,ORL,ORL,0,648,162.0,15.0,0.5108024691358025,2.9,4.9,1.7,1.2,1.0,False
Dort,2023-24 → 2024-25,OKC,OKC,0,8880,2220.0,16.0,0.7882882882882883,10.9,10.1,4.1,1.6,1.1,False
Gilgeous-Alexander,2023-24 → 2024-25,OKC,OKC,0,10116,2529.0,18.0,0.716093317516805,30.100000000000005,32.7,5.0,6.4,1.7,False
Giddey,2023-24 → 2024-25,OKC,CHI,1,7940,1985.0,18.0,0.7821158690176322,12.3,14.6,8.1,7.2,1.2,False
Holmgren,2023-24 → 2024-25,OKC,OKC,0,9588,2397.0,13.0,0.7169378389653733,16.5,15.0,8.0,2.0,0.7,False
Joe,2023-24 → 2024-25,OKC,OKC,0,5684,1421.0,18.0,0.6748768472906403,8.2,10.2,2.6,1.6,0.6,False
Dieng,2023-24 → 2024-25,OKC,OKC,0,1448,362.0,18.0,0.4972375690607735,4.0,3.8,2.2,0.8,0.5,False
Biyombo,2023-24 → 2024-25,MEM/OKC,SAS,1,2964,741.0,26.0,0.49122807017543857,4.85587044534413,5.1,5.6,1.1,0.6,False
Flagler,2023-24 → 2024-25,OKC,OKC,0,60,15.0,7.0,0.8,1.5,1.8,0.7,0.3,0.2,False
Sarr,2023-24 → 2024-25,OKC,WAS,1,388,97.0,16.0,0.42010309278350516,2.3,13.0,6.5,2.4,0.7,False
Brunson,2023-24 → 2024-25,NYK,NYK,0,10912,2728.0,21.0,0.5659824046920822,28.699999999999996,26.0,2.9,7.3,0.9,False
Randle,2023-24 → 2024-25,NYK,MIN,1,6512,1628.0,15.0,0.566031941031941,24.0,18.7,7.1,4.7,0.7,False
Hart,2023-24 → 2024-25,NYK,NYK,0,10828,2707.0,22.0,0.528075360177318,9.4,13.6,9.6,5.9,1.5,False
Hartenstein,2023-24 → 2024-25,NYK,OKC,1,7592,1898.0,21.0,0.6334299262381454,7.8,11.2,10.7,3.8,0.8,False
DiVincenzo,2023-24 → 2024-25,NYK,MIN,1,9448,2362.0,22.0,0.5762066045723963,15.5,11.7,3.7,3.6,1.2,False
McBride,2023-24 → 2024-25,NYK,NYK,0,5308,1327.0,25.0,0.5589675960813866,8.3,9.5,2.5,2.9,1.0,False
Burks,2023-24 → 2024-25,DET/NYK,MIA,1,4520,1130.0,30.0,0.288716814159292,10.926548672566371,7.3,2.5,1.1,0.6,False
Gibson,2023-24 → 2024-25,DET/NYK,CHA,1,788,197.0,28.0,0.4302030456852792,1.5507614213197969,2.9,3.2,0.6,0.2,False
Jeffries,2023-24 → 2024-25,NYK,CHA,1,192,48.0,20.0,0.5833333333333334,0.8000000000000002,6.7,2.9,1.1,0.6,False
Williamson,2023-24 → 2024-25,NOP,NOP,0,8828,2207.0,15.0,0.55969642048029,22.9,24.6,7.2,5.3,1.2,False
McCollum,2023-24 → 2024-25,NOP,NOP,0,8604,2151.0,15.0,0.6115760111576011,20.0,21.1,3.8,4.1,0.8,False
Daniels,2023-24 → 2024-25,NOP,ATL,1,5424,1356.0,17.0,0.4365781710914454,5.8,14.1,5.9,4.4,3.0,False
Marshall,2023-24 → 2024-25,NOP,DAL,1,5020,1255.0,15.0,0.43266932270916336,7.1,13.2,4.8,3.0,1.0,False
Alvarado,2023-24 → 2024-25,NOP,NOP,0,4108,1027.0,15.0,0.47224926971762415,7.1,10.3,2.4,4.6,1.3,False
Ryan,2023-24 → 2024-25,NOP,NYK,1,1576,394.0,19.0,0.43274111675126903,5.400000000000001,1.5,0.4,0.2,0.1,False
Hawkins,2023-24 → 2024-25,NOP,NOP,0,4672,1168.0,19.0,0.4272260273972603,7.8,10.8,2.8,1.2,0.5,False
Robinson-Earl,2023-24 → 2024-25,NOP,NOP,0,1332,333.0,18.0,0.43993993993993996,2.9,6.3,4.8,1.3,0.6,False
Liddell,2023-24 → 2024-25,NOP,CHI,1,92,23.0,9.0,0.5760869565217391,0.5,1.8,0.8,0.3,0.1,False
Towns,2023-24 → 2024-25,MIN,NYK,1,8088,2022.0,12.0,0.6364985163204748,21.8,24.4,12.8,3.1,1.0,False
Conley,2023-24 → 2024-25,MIN,MIN,0,8744,2186.0,13.0,0.6777218664226898,11.4,8.2,2.6,4.5,1.1,False
Gobert,2023-24 → 2024-25,MIN,MIN,0,10356,2589.0,14.0,0.6348976438779451,14.0,12.0,10.9,1.8,0.8,False
Reid,2023-24 → 2024-25,MIN,MIN,0,7844,1961.0,17.0,0.5539265680775115,13.5,14.2,6.0,2.3,0.7,False
Alexander-Walker,2023-24 → 2024-25,MIN,MIN,0,7688,1922.0,16.0,0.5656867845993756,8.0,9.4,3.2,2.7,0.6,False
Garza,2023-24 → 2024-25,MIN,MIN,0,496,124.0,16.0,0.4032258064516129,4.0,3.5,1.4,0.3,0.2,False
Nix,2023-24 → 2024-25,MIN,MIN,0,200,50.0,15.0,0.515,1.8,0.3,1.3,1.0,0.0,False
Minott,2023-24 → 2024-25,MIN,MIN,0,376,94.0,15.0,0.526595744680851,1.6,2.6,1.0,0.4,0.3,False
Beasley,2023-24 → 2024-25,MIL,DET,1,9364,2341.0,15.0,0.6846433148227253,11.3,16.3,2.6,1.7,0.9,False
Lopez,2023-24 → 2024-25,MIL,MIL,0,9916,2479.0,16.0,0.6602460669624849,,13.0,5.0,1.8,0.6,True
Lillard,2023-24 → 2024-25,MIL,MIL,0,10316,2579.0,14.0,0.6397828615742536,24.3,24.9,4.7,7.1,1.2,False
Antetokounmpo,2023-24 → 2024-25,MIL,MIL,0,10892,2723.0,19.0,0.5556371648916636,,30.4,11.9,6.5,0.9,True
Crowder,2023-24 → 2024-25,MIL,SAC,1,4640,1160.0,15.0,0.625646551724138,6.2,2.6,2.2,0.7,0.3,False
Connaughton,2023-24 → 2024-25,MIL,MIL,0,6704,1676.0,15.0,0.5717482100238663,5.599999999999999,5.3,2.7,1.7,0.2,False
Portis,2023-24 → 2024-25,MIL,MIL,0,8048,2012.0,15.0,0.5192594433399602,13.8,13.9,8.4,2.1,0.7,False
Livingston,2023-24 → 2024-25,MIL,MIL,0,368,92.0,18.0,0.5570652173913043,1.2,1.4,1.7,0.2,0.2,False
Adebayo,2023-24 → 2024-25,MIA,MIA,0,9632,2408.0,17.0,0.47093023255813954,19.3,18.1,9.6,4.3,1.3,False
Rozier,2023-24 → 2024-25,CHA/MIA,MIA,0,8136,2034.0,30.0,0.3357915437561455,19.950442477876106,10.6,3.7,2.6,0.6,False
Herro,2023-24 → 2024-25,MIA,MIA,0,5616,1404.0,16.0,0.5069444444444444,20.8,23.9,5.2,5.5,0.9,False
Highsmith,2023-24 → 2024-25,MIA,MIA,0,5420,1355.0,19.0,0.49944649446494466,6.1,6.5,3.4,1.5,0.9,False
Richardson,2023-24 → 2024-25,MIA,MIA,0,4404,1101.0,15.0,0.551544050862852,9.9,4.0,1.5,1.5,1.0,False
Love,2023-24 → 2024-25,MIA,MIA,0,3688,922.0,19.0,0.5168112798264642,8.8,5.3,4.1,1.0,0.7,False
Cain,2023-24 → 2024-25,MIA,NOP,1,1012,253.0,19.0,0.49110671936758893,3.7,5.3,2.3,0.6,0.6,False
Bane,2023-24 → 2024-25,MEM,MEM,0,5176,1294.0,23.0,0.48241885625965997,23.7,19.2,6.1,5.3,1.2,False
Kennard,2023-24 → 2024-25,MEM,MEM,0,3432,858.0,27.0,0.44376456876456877,11.0,8.9,2.8,3.3,0.8,False
Konchar,2023-24 → 2024-25,MEM,MEM,0,4012,1003.0,25.0,0.4573778664007976,4.3,2.4,3.3,0.9,0.7,False
Aldama,2023-24 → 2024-25,MEM,MEM,0,5680,1420.0,28.0,0.43802816901408453,10.7,12.5,6.4,2.9,0.8,False
Morant,2023-24 → 2024-25,MEM,MEM,0,1168,292.0,11.0,0.5830479452054794,25.1,23.2,4.1,7.3,1.2,False
Clarke,2023-24 → 2024-25,MEM,MEM,0,404,101.0,15.0,0.5123762376237624,11.300000000000002,8.3,5.1,1.0,0.8,False
Evbuomwan,2023-24 → 2024-25,DET/MEM,BKN,1,1320,330.0,27.0,0.42045454545454547,6.168181818181818,9.5,4.3,2.0,0.9,False
Simpson,2023-24 → 2024-25,MEM,CHA,1,508,127.0,10.0,0.531496062992126,6.0,7.8,3.0,3.1,0.9,False
Hachimura,2023-24 → 2024-25,LAL,LAL,0,7300,1825.0,18.0,0.6516438356164383,13.6,13.1,5.0,1.4,0.8,False
Reaves,2023-24 → 2024-25,LAL,LAL,0,10528,2632.0,19.0,0.6193958966565349,15.9,20.2,4.5,5.8,1.1,False
Prince,2023-24 → 2024-25,LAL,MIL,1,8432,2108.0,18.0,0.635673624288425,8.9,8.2,3.6,1.9,1.0,False
Reddish,2023-24 → 2024-25,LAL,LAL,0,3932,983.0,18.0,0.6042726347914548,5.4,3.2,2.0,0.7,1.0,False
Dinwiddie,2023-24 → 2024-25,BKN/LAL,DAL,1,8560,2140.0,30.0,0.4441588785046729,10.767850467289719,11.0,2.6,4.4,0.9,False
Vanderbilt,2023-24 → 2024-25,LAL,LAL,0,2340,585.0,15.0,0.544017094017094,5.2,4.1,5.1,1.1,1.0,False
Vincent,2023-24 → 2024-25,LAL,LAL,0,876,219.0,14.0,0.5799086757990868,3.1,6.4,1.3,1.4,0.7,False
Zubac,2023-24 → 2024-25,LAC,LAC,0,7188,1797.0,14.0,0.733166388425153,11.7,16.8,12.6,2.7,0.7,False
Harden,2023-24 → 2024-25,LAC,LAC,0,9884,2471.0,15.0,0.6251517604208823,16.6,22.8,5.8,8.7,1.5,False
Leonard,2023-24 → 2024-25,LAC,LAC,0,9304,2326.0,17.0,0.6262897678417885,23.7,21.5,5.9,3.1,1.6,False
Plumlee,2023-24 → 2024-25,LAC,PHX,1,2704,676.0,17.0,0.4818786982248521,5.3,4.5,6.1,1.8,0.4,False
Theis,2023-24 → 2024-25,IND/LAC,NOP,1,4072,1018.0,19.0,0.556483300589391,6.266208251473477,4.3,4.3,1.6,0.5,False
Coffey,2023-24 → 2024-25,LAC,LAC,0,5836,1459.0,17.0,0.47395476353666893,6.6,9.7,2.2,1.1,0.6,False
Westbrook,2023-24 → 2024-25,LAC,DEN,1,6104,1526.0,17.0,0.5525884665792923,11.1,13.3,4.9,6.1,1.4,False
Turner,2023-24 → 2024-25,IND,IND,0,8308,2077.0,16.0,0.5664419836302359,17.1,15.6,6.5,1.5,0.8,False
Nembhard,2023-24 → 2024-25,IND,IND,0,6784,1696.0,18.0,0.6171875,9.2,10.0,3.3,5.0,1.2,False
Haliburton,2023-24 → 2024-25,IND,IND,0,8892,2223.0,18.0,0.5374493927125507,20.1,18.6,3.5,9.2,1.4,False
Nesmith,2023-24 → 2024-25,IND,IND,0,7964,1991.0,15.0,0.5561275740833752,12.2,12.0,4.0,1.2,0.8,False
Mathurin,2023-24 → 2024-25,IND,IND,0,6144,1536.0,18.0,0.4435221354166667,14.5,16.1,5.3,1.9,0.7,False
McConnell,2023-24 → 2024-25,IND,IND,0,5156,1289.0,17.0,0.45907680372381693,10.2,9.1,2.4,4.4,1.1,False
Tshiebwe,2023-24 → 2024-25,IND,UTA,1,168,42.0,14.0,0.7261904761904762,3.3,7.6,8.7,0.6,0.9,False
Wong,2023-24 → 2024-25,IND,CHA,1,16,4.0,4.0,1.0,2.0,6.0,1.6,1.4,0.6,False
Brooks,2023-24 → 2024-25,BKN/HOU,HOU,0,9288,2322.0,28.0,0.7420327304048234,12.337596899224804,14.0,3.7,1.7,0.8,True
VanVleet,2023-24 → 2024-25,HOU,HOU,0,10740,2685.0,14.0,0.7366852886405959,17.4,14.1,3.7,5.6,1.6,False
Tate,2023-24 → 2024-25,HOU,HOU,0,4092,1023.0,14.0,0.6099706744868035,4.1,3.6,2.3,0.9,0.5,False
Whitmore,2023-24 → 2024-25,HOU,HOU,0,3508,877.0,15.0,0.5538768529076397,12.3,9.4,3.0,1.0,0.6,False
Landale,2023-24 → 2024-25,HOU,HOU,0,3036,759.0,15.0,0.5662055335968379,4.9,4.8,3.3,0.9,0.3,False
Eason,2023-24 → 2024-25,HOU,HOU,0,1908,477.0,12.0,0.6441299790356394,9.8,12.0,6.4,1.5,1.7,False
Kuminga,2023-24 → 2024-25,GSW,GSW,0,7764,1941.0,16.0,0.51172076249356,16.1,15.3,4.6,2.2,0.8,False
Podziemski,2023-24 → 2024-25,GSW,GSW,0,7848,1962.0,15.0,0.4641946992864424,9.2,11.7,5.1,3.4,1.1,False
Looney,2023-24 → 2024-25,GSW,GSW,0,4784,1196.0,16.0,0.5942725752508361,4.5,4.5,6.1,1.6,0.6,False
Paul,2023-24 → 2024-25,GSW,SAS,1,6132,1533.0,15.0,0.4582517938682322,9.2,8.8,3.6,7.4,1.3,False
Jackson-Davis,2023-24 → 2024-25,GSW,GSW,0,4496,1124.0,17.0,0.5060053380782918,7.9,6.6,5.0,1.7,0.4,False
Moody,2023-24 → 2024-25,GSW,GSW,0,4608,1152.0,17.0,0.4448784722222222,8.1,9.8,2.6,1.3,0.8,False
Joseph,2023-24 → 2024-25,GSW,ORL,1,1168,292.0,16.0,0.5616438356164384,2.4,3.5,1.5,1.4,0.5,False
Santos,2023-24 → 2024-25,GSW,GSW,0,764,191.0,17.0,0.4568062827225131,3.6,4.1,3.1,1.4,0.4,False
Cunningham,2023-24 → 2024-25,DET,DET,0,7820,1955.0,25.0,0.5617647058823529,22.7,26.1,6.1,9.1,1.0,False
Stewart,2023-24 → 2024-25,DET,DET,0,5384,1346.0,23.0,0.5963967310549777,10.9,6.0,5.5,1.7,0.4,False
Ivey,2023-24 → 2024-25,DET,DET,0,8376,2094.0,29.0,0.4574976122254059,15.4,17.6,4.1,4.0,0.9,False
Duren,2023-24 → 2024-25,DET,DET,0,6728,1682.0,27.0,0.5591557669441142,13.8,11.8,10.3,2.7,0.7,False
Wiseman,2023-24 → 2024-25,DET,IND,1,4028,1007.0,26.0,0.39821251241310823,7.1,6.0,1.0,0.0,0.0,False
Sasser,2023-24 → 2024-25,DET,DET,0,4988,1247.0,30.0,0.35565356856455493,8.3,6.6,1.2,2.3,0.6,False
Umude,2023-24 → 2024-25,DET,MIL,1,1032,258.0,23.0,0.4903100775193798,5.3,0.7,0.8,0.2,0.1,False
Caldwell-Pope,2023-24 → 2024-25,DEN,ORL,1,9596,2399.0,16.0,0.7562526052521884,10.1,8.7,2.2,1.8,1.3,False
Braun,2023-24 → 2024-25,DEN,DEN,0,6608,1652.0,16.0,0.5049939467312349,7.3,15.4,5.2,2.6,1.1,False
Nnaji,2023-24 → 2024-25,DEN,DEN,0,2284,571.0,16.0,0.6287215411558669,3.2,3.2,1.6,0.4,0.4,False
Strawther,2023-24 → 2024-25,DEN,DEN,0,2196,549.0,16.0,0.5514571948998178,4.5,9.0,2.2,1.3,0.6,False
Jordan,2023-24 → 2024-25,DEN,DEN,0,1588,397.0,15.0,0.6505037783375315,3.9,3.7,5.1,0.9,0.3,False
Gillespie,2023-24 → 2024-25,DEN,PHX,1,900,225.0,15.0,0.48777777777777775,3.6,5.9,2.4,2.4,0.6,False
Pickett,2023-24 → 2024-25,DEN,DEN,0,484,121.0,15.0,0.45661157024793386,1.6,4.1,1.4,2.2,0.4,False
Key,2023-24 → 2024-25,DEN,GSW,1,244,61.0,14.0,0.5778688524590164,1.1,1.0,0.7,0.0,0.7,False
Huff,2023-24 → 2024-25,DEN,MEM,1,200,50.0,11.0,0.635,1.2,6.9,2.0,0.6,0.3,False
Washington,2023-24 → 2024-25,CHA/DAL,DAL,0,8816,2204.0,29.0,0.3162431941923775,12.805172413793104,14.7,7.8,2.3,1.1,False
Irving,2023-24 → 2024-25,DAL,DAL,0,8024,2006.0,17.0,0.4910269192422732,25.6,24.7,4.8,4.6,1.3,False
Kleber,2023-24 → 2024-25,DAL,DAL,0,3404,851.0,17.0,0.6113396004700352,4.4,3.0,2.8,1.3,0.3,False
Exum,2023-24 → 2024-25,DAL,DAL,0,4216,1054.0,17.0,0.48908918406072105,7.799999999999999,8.7,1.7,2.8,0.6,False
Hardy,2023-24 → 2024-25,DAL,DAL,0,3784,946.0,20.0,0.37420718816067655,7.3,8.7,1.6,1.4,0.5,False
Lawson,2023-24 → 2024-25,DAL,TOR,1,1168,292.0,20.0,0.5042808219178082,3.2,9.1,3.3,1.2,0.5,False
Prosper,2023-24 → 2024-25,DAL,DAL,0,1264,316.0,20.0,0.4786392405063291,3.0,3.9,2.4,0.8,0.5,False
Dennis,2023-24 → 2024-25,DAL,IND,1,116,29.0,7.0,0.7844827586206896,5.5,2.7,1.1,1.3,0.6,False
Strus,2023-24 → 2024-25,CLE,CLE,0,8936,2234.0,16.0,0.5699418084153984,12.2,9.4,4.3,3.2,0.5,False
Garland,2023-24 → 2024-25,CLE,CLE,0,7620,1905.0,15.0,0.5489501312335958,18.0,20.6,2.9,6.7,1.2,False
Wade,2023-24 → 2024-25,CLE,CLE,0,4428,1107.0,15.0,0.6041102077687444,5.4,5.4,4.2,1.3,0.7,False
Okoro,2023-24 → 2024-25,CLE,CLE,0,7532,1883.0,16.0,0.5107541157727031,9.4,6.1,2.4,1.2,0.6,False
Merrill,2023-24 → 2024-25,CLE,CLE,0,4276,1069.0,15.0,0.4747427502338634,8.0,7.2,2.2,1.5,0.7,False
Bates,2023-24 → 2024-25,CLE,CLE,0,536,134.0,15.0,0.5186567164179104,2.7,3.7,0.7,0.8,0.1,False
Jerome,2023-24 → 2024-25,CLE,CLE,0,60,15.0,9.0,0.6833333333333333,2.0,12.5,2.5,3.4,1.1,False
Caruso,2023-24 → 2024-25,CHI,OKC,1,8124,2031.0,15.0,0.6777449532250123,10.1,7.1,2.9,2.5,1.6,False
Dosunmu,2023-24 → 2024-25,CHI,CHI,0,8816,2204.0,15.0,0.6178539019963702,12.2,12.3,3.5,4.5,0.9,False
DeRozan,2023-24 → 2024-25,CHI,SAC,1,11948,2987.0,15.0,0.6270505523937061,24.0,22.2,3.9,4.4,0.8,False
Drummond,2023-24 → 2024-25,CHI,PHI,1,5400,1350.0,14.0,0.5953703703703703,8.4,7.3,7.8,0.9,1.0,False
Terry,2023-24 → 2024-25,CHI,CHI,0,2708,677.0,17.0,0.5036927621861153,3.1000000000000005,4.5,1.7,1.3,0.6,False
Phillips,2023-24 → 2024-25,CHI,CHI,0,1268,317.0,14.0,0.5181388012618297,2.2,4.6,2.1,0.5,0.5,False
Taylor,2023-24 → 2024-25,CHI,SAC,1,740,185.0,17.0,0.5256756756756756,1.5,0.0,0.3,0.7,0.0,False
Sanogo,2023-24 → 2024-25,CHI,CHI,0,260,65.0,13.0,0.5615384615384615,4.0,2.0,1.5,0.3,0.0,False
McGowens,2023-24 → 2024-25,CHA,POR,1,3500,875.0,23.0,0.42428571428571427,5.1,1.0,0.2,0.2,0.1,False
Tatum,2023-24 → 2024-25,BOS,BOS,0,10568,2642.0,17.0,0.6092922028766087,26.900000000000002,26.8,8.7,6.0,1.1,False
Horford,2023-24 → 2024-25,BOS,BOS,0,6956,1739.0,15.0,0.6418918918918919,8.6,9.0,6.2,2.1,0.6,False
Pritchard,2023-24 → 2024-25,BOS,BOS,0,7292,1823.0,18.0,0.4687328579264948,9.6,14.3,3.8,3.5,0.9,False
Hauser,2023-24 → 2024-25,BOS,BOS,0,6940,1735.0,18.0,0.4873198847262248,9.0,8.5,3.2,0.9,0.6,False
Kornet,2023-24 → 2024-25,BOS,BOS,0,3948,987.0,18.0,0.574468085106383,5.3,6.0,5.3,1.6,0.5,False
Queta,2023-24 → 2024-25,BOS,BOS,0,1328,332.0,18.0,0.5173192771084337,5.5,5.0,3.8,0.7,0.3,False
Mykhailiuk,2023-24 → 2024-25,BOS,UTA,1,1652,413.0,18.0,0.5665859564164649,4.0,8.8,2.4,2.0,0.5,False
Brissett,2023-24 → 2024-25,BOS,PHI,1,2524,631.0,18.0,0.47702060221870046,3.7000000000000006,8.7,3.7,0.7,0.7,False
Walsh,2023-24 → 2024-25,BOS,BOS,0,336,84.0,16.0,0.5327380952380952,1.6999999999999997,1.6,1.3,0.4,0.2,False
Davison,2023-24 → 2024-25,BOS,BOS,0,156,39.0,13.0,0.5384615384615384,2.0,2.1,0.8,0.8,0.3,False
Peterson,2023-24 → 2024-25,BOS,BOS,0,92,23.0,12.0,0.5978260869565217,3.7,2.2,1.6,0.5,0.2,False
Claxton,2023-24 → 2024-25,BKN,BKN,0,8412,2103.0,16.0,0.5882073228720875,11.8,10.3,7.4,2.2,0.9,False
Watford,2023-24 → 2024-25,BKN,BKN,0,3272,818.0,19.0,0.3957823960880196,6.900000000000001,10.2,3.6,2.6,0.6,False
Clowney,2023-24 → 2024-25,BKN,BKN,0,1436,359.0,19.0,0.5348189415041783,5.8,9.1,3.9,0.9,0.5,False
Whitehead,2023-24 → 2024-25,BKN,BKN,0,84,21.0,7.0,0.7142857142857143,1.5,5.7,1.5,0.6,0.3,False
Capela,2023-24 → 2024-25,ATL,ATL,0,7528,1882.0,18.0,0.6283209351753454,11.5,8.9,8.5,1.1,0.6,False
Okongwu,2023-24 → 2024-25,ATL,ATL,0,5628,1407.0,15.0,0.6313077469793887,10.2,13.4,8.9,2.3,0.9,False
Mathews,2023-24 → 2024-25,ATL,ATL,0,3980,995.0,18.0,0.4321608040201005,4.9,7.5,1.9,1.3,0.6,False
Fernando,2023-24 → 2024-25,ATL,TOR,1,2716,679.0,17.0,0.5180412371134021,6.3,3.4,3.0,1.1,0.2,False
Bufkin,2023-24 → 2024-25,ATL,ATL,0,772,193.0,17.0,0.5712435233160622,4.8,5.3,2.1,1.7,0.3,False
