Team,Season,Lineups,Lineup_Minutes,Truncated,MWDT_all,N_Pairs_all,Top10_Share_all,Pair_Minutes_all,MWDT_h,N_Pairs_h,Top10_Share_h,Pair_Minutes_h,Top_Pair,MWDT,N_Pairs,Top10_Share
NYK,2022-23,287,3986,0,352.7433628318584,113,0.3683893627696939,39860.0,374.75728155339806,103,0.37647668393782385,38600.0,Brunson / Randle,352.7433628318584,113,0.3683893627696939
DEN,2023-24,326,3932,0,319.6747967479675,123,0.4425737538148525,39320.0,358.95238095238096,105,0.4555319713451844,37690.0,Caldwell-Pope / Jokic,319.6747967479675,123,0.4425737538148525
HOU,2023-24,500,3961,1,350.53097345132744,113,0.4715980812926029,39610.0,357.0192307692308,104,0.492297333692432,37130.0,Green / VanVleet,350.53097345132744,113,0.4715980812926029
CHI,2022-23,321,3975,0,331.25,120,0.4179874213836478,39750.0,348.0,110,0.42870950888192266,38280.0,LaVine / Vucevic,331.25,120,0.4179874213836478
OKC,2024-25,500,3877,1,346.1607142857143,112,0.42687645086407017,38770.0,345.14285714285717,105,0.4390176600441501,36240.0,Gilgeous-Alexander / Williams,346.1607142857143,112,0.42687645086407017
ORL,2023-24,421,3954,0,346.8421052631579,114,0.3726100151745068,39540.0,342.4770642201835,109,0.38218590945620146,37330.0,Banchero / Wagner,346.8421052631579,114,0.3726100151745068
MIN,2024-25,311,3966,0,325.08196721311475,122,0.4061018658598084,39660.0,336.5486725663717,113,0.416802524322903,38030.0,Edwards / McDaniels,325.08196721311475,122,0.4061018658598084
HOU,2024-25,500,3935,1,339.2241379310345,116,0.4009911054637865,39350.0,332.45454545454544,110,0.4187585452556741,36570.0,Brooks / Green,339.2241379310345,116,0.4009911054637865
CLE,2022-23,460,3975,0,328.5123966942149,121,0.37446540880503143,39750.0,330.79646017699116,113,0.38908507223113964,37380.0,Garland / Mobley,328.5123966942149,121,0.37446540880503143
GSW,2022-23,500,3947,1,334.49152542372883,118,0.36090701798834557,39470.0,330.7142857142857,112,0.37178725701943843,37040.0,Green / Poole,334.49152542372883,118,0.36090701798834557
CLE,2023-24,483,3960,0,319.35483870967744,124,0.311010101010101,39600.0,320.6896551724138,116,0.32301075268817203,37200.0,Allen / Strus,319.35483870967744,124,0.311010101010101
DEN,2024-25,364,3977,0,318.16,125,0.401257229067136,39770.0,320.672268907563,119,0.4121593291404612,38160.0,Braun / Jokić,318.16,125,0.401257229067136
ORL,2024-25,500,3852,1,340.88495575221236,113,0.2789460020768432,38520.0,320.44642857142856,112,0.2881025355252159,35890.0,Caldwell-Pope / Wagner,340.88495575221236,113,0.2789460020768432
BOS,2022-23,412,3998,0,314.8031496062992,127,0.36325662831415706,39980.0,318.5833333333333,120,0.37392100444676957,38230.0,Brown / Tatum,314.8031496062992,127,0.36325662831415706
CHI,2023-24,460,3982,0,308.6821705426357,129,0.411225514816675,39820.0,311.5,120,0.42803638309256287,37380.0,DeRozan / White,308.6821705426357,129,0.411225514816675
MIN,2023-24,362,3956,0,286.6666666666667,138,0.3825328614762386,39560.0,307.8048780487805,123,0.3927363972530375,37860.0,Edwards / Gobert,286.6666666666667,138,0.3825328614762386
NOP,2022-23,500,3952,1,318.7096774193548,124,0.3277834008097166,39520.0,306.2809917355372,121,0.34042093901780895,37060.0,McCollum / Murphy III,318.7096774193548,124,0.3277834008097166
HOU,2022-23,488,3960,0,302.29007633587787,131,0.37782828282828285,39600.0,304.21487603305786,121,0.39663135017658246,36810.0,Green / Smith Jr.,302.29007633587787,131,0.37782828282828285
MIL,2023-24,439,3967,0,296.04477611940297,134,0.38326191076380134,39670.0,300.16,125,0.3960820895522388,37520.0,Lillard / Lopez,296.04477611940297,134,0.38326191076380134
ATL,2022-23,385,3969,0,285.53956834532374,139,0.381456286218191,39690.0,292.9230769230769,130,0.39269957983193277,38080.0,Collins / Murray,285.53956834532374,139,0.381456286218191
GSW,2023-24,500,3956,1,297.4436090225564,133,0.2831900910010111,39560.0,288.359375,128,0.2949607152533189,36910.0,Curry / Wiggins,297.4436090225564,133,0.2831900910010111
OKC,2022-23,500,3677,1,301.39344262295083,122,0.45477291270057113,36770.0,287.2950819672131,122,0.46407988587731813,35050.0,Giddey / Williams,301.39344262295083,122,0.45477291270057113
DET,2024-25,432,3953,0,286.4492753623188,138,0.3498102706804958,39530.0,284.9618320610687,131,0.3632199303509242,37330.0,Cunningham / Harris,286.4492753623188,138,0.3498102706804958
SAC,2023-24,461,3966,0,267.97297297297297,148,0.4155068078668684,39660.0,283.93939393939394,132,0.43060298826040555,37480.0,Murray / Sabonis,267.97297297297297,148,0.4155068078668684
PHI,2022-23,474,3970,0,271.9178082191781,146,0.3673551637279597,39700.0,282.10526315789474,133,0.3815831556503198,37520.0,Embiid / Harris,271.9178082191781,146,0.3673551637279597
POR,2024-25,500,3944,1,283.7410071942446,139,0.31706389452332656,39440.0,281.2977099236641,131,0.330719131614654,36850.0,Camara / Simons,283.7410071942446,139,0.31706389452332656
ORL,2022-23,500,3892,1,297.09923664122135,131,0.3765416238437821,38920.0,278.359375,128,0.3927869772663486,35630.0,Banchero / Wagner,297.09923664122135,131,0.3765416238437821
BOS,2024-25,379,3966,0,281.27659574468083,141,0.34329299041855776,39660.0,274.07142857142856,140,0.3501433411519416,38370.0,Tatum / White,281.27659574468083,141,0.34329299041855776
IND,2024-25,438,3968,0,262.78145695364236,151,0.3577116935483871,39680.0,271.0144927536232,138,0.37267379679144386,37400.0,Haliburton / Turner,262.78145695364236,151,0.3577116935483871
DEN,2022-23,468,3953,0,282.35714285714283,140,0.377181887174298,39530.0,270.3649635036496,137,0.3964902807775378,37040.0,Caldwell-Pope / Jokic,282.35714285714283,140,0.377181887174298
MEM,2022-23,500,3954,1,278.4507042253521,142,0.2484825493171472,39540.0,269.6376811594203,138,0.2553345874764848,37210.0,Brooks / Morant,278.4507042253521,142,0.2484825493171472
NOP,2023-24,500,3941,1,285.57971014492756,138,0.32709972088302464,39410.0,267.007299270073,137,0.3428922908693275,36580.0,Jones / McCollum,285.57971014492756,138,0.32709972088302464
CHA,2022-23,500,3963,1,275.2083333333333,144,0.26462276053494826,39630.0,266.9064748201439,139,0.27460916442048516,37100.0,Rozier / Washington,275.2083333333333,144,0.26462276053494826
NYK,2024-25,321,3969,0,242.0121951219512,164,0.49317208364827414,39690.0,262.4657534246575,146,0.5065240083507306,38320.0,Bridges / Hart,242.0121951219512,164,0.49317208364827414
LAC,2023-24,396,3941,0,262.73333333333335,150,0.3638670388226338,39410.0,261.8881118881119,143,0.377543391188251,37450.0,George / Harden,262.73333333333335,150,0.3638670388226338
SAC,2022-23,417,3954,0,235.35714285714286,168,0.44157814871016693,39540.0,261.0416666666667,144,0.45799414737962224,37590.0,Barnes / Sabonis,235.35714285714286,168,0.44157814871016693
MIA,2022-23,472,3961,0,267.63513513513516,148,0.3327947488008079,39610.0,259.65034965034965,143,0.3469162402370051,37130.0,Adebayo / Herro,267.63513513513516,148,0.3327947488008079
SAS,2023-24,500,3955,1,260.19736842105266,152,0.30551201011378004,39550.0,255.66433566433565,143,0.32021334792122536,36560.0,Sochan / Vassell,260.19736842105266,152,0.30551201011378004
BOS,2023-24,390,3963,0,259.01960784313724,153,0.38019177390865505,39630.0,255.5704697986577,149,0.3907300420168067,38080.0,Holiday / Tatum,259.01960784313724,153,0.38019177390865505
ATL,2023-24,365,3975,0,256.4516129032258,155,0.33433962264150946,39750.0,255.1006711409396,149,0.34243620099973693,38010.0,Capela / Murray,256.4516129032258,155,0.33433962264150946
IND,2023-24,500,3935,1,257.18954248366015,153,0.2760609911054638,39350.0,253.40277777777777,144,0.2885722115648123,36490.0,Haliburton / Turner,257.18954248366015,153,0.2760609911054638
SAS,2024-25,500,3934,1,258.8157894736842,152,0.296314184036604,39340.0,248.50340136054422,147,0.3081850533807829,36530.0,Barnes / Paul,258.8157894736842,152,0.296314184036604
LAL,2023-24,414,3974,0,235.14792899408283,169,0.39667840966280826,39740.0,248.0392156862745,153,0.4067457180500659,37950.0,Davis / Reaves,235.14792899408283,169,0.39667840966280826
PHX,2024-25,500,3957,1,245.77639751552795,161,0.2974728329542583,39570.0,246.9798657718121,149,0.3092663043478261,36800.0,Booker / Jones,245.77639751552795,161,0.2974728329542583
BKN,2023-24,500,3894,1,248.02547770700636,157,0.31343091936312273,38940.0,240.9933774834437,151,0.32728771640560594,36390.0,Bridges / Claxton,248.02547770700636,157,0.31343091936312273
MIN,2022-23,500,3875,1,242.1875,160,0.3379354838709677,38750.0,240.06666666666666,150,0.3533462926964732,36010.0,Edwards / McDaniels,242.1875,160,0.3379354838709677
MIA,2024-25,500,3974,1,237.96407185628743,167,0.2912934071464519,39740.0,239.67741935483872,155,0.300349932705249,37150.0,Adebayo / Herro,237.96407185628743,167,0.2912934071464519
TOR,2022-23,500,3958,1,250.50632911392404,158,0.4001768569984841,39580.0,238.3116883116883,154,0.42024523160762944,36700.0,Siakam / VanVleet,250.50632911392404,158,0.4001768569984841
DET,2022-23,500,3911,1,227.38372093023256,172,0.26131424188187163,39110.0,237.8709677419355,155,0.26905343097369133,36870.0,Bogdanovic / Ivey,227.38372093023256,172,0.26131424188187163
OKC,2023-24,500,3910,1,247.46835443037975,158,0.4712020460358056,39100.0,237.01986754966887,151,0.4929868678401788,35790.0,Gilgeous-Alexander / Williams,247.46835443037975,158,0.4712020460358056
IND,2022-23,500,3946,1,248.1761006289308,159,0.30793208312214904,39460.0,235.64102564102564,156,0.322170837867247,36760.0,Hield / Turner,248.1761006289308,159,0.30793208312214904
CLE,2024-25,500,3937,1,241.53374233128835,163,0.29400558801117604,39370.0,234.3312101910828,157,0.3057352541451481,36790.0,Allen / Garland,241.53374233128835,163,0.29400558801117604
MIA,2023-24,500,3934,1,236.9879518072289,166,0.2613879003558719,39340.0,233.35443037974684,158,0.26864659614863035,36870.0,Adebayo / Robinson,236.9879518072289,166,0.2613879003558719
PHX,2022-23,500,3852,1,251.76470588235293,153,0.28491692627206644,38520.0,233.28947368421052,152,0.3016920473773266,35460.0,Ayton / Bridges,251.76470588235293,153,0.28491692627206644
LAC,2022-23,500,3920,1,239.02439024390245,164,0.2602295918367347,39200.0,229.5625,160,0.26945276340865776,36730.0,Morris Sr. / Zubac,239.02439024390245,164,0.2602295918367347
ATL,2024-25,500,3951,1,233.7869822485207,169,0.2991141483168818,39510.0,225.15337423312883,163,0.31326975476839236,36700.0,Daniels / Young,233.7869822485207,169,0.2991141483168818
SAC,2024-25,488,3967,0,214.43243243243242,185,0.3762793042601462,39670.0,222.2754491017964,167,0.39164870689655173,37120.0,DeRozan / Sabonis,214.43243243243242,185,0.3762793042601462
NYK,2023-24,321,3946,0,193.4313725490196,204,0.3338063862138875,39460.0,222.2674418604651,172,0.33957624901909494,38230.0,Brunson / Hart,193.4313725490196,204,0.3338063862138875
DAL,2023-24,500,3843,1,232.9090909090909,165,0.2658600052042675,38430.0,220.0,162,0.2764029180695847,35640.0,Doncic / Jones Jr.,232.9090909090909,165,0.2658600052042675
WAS,2022-23,500,3920,1,216.5745856353591,181,0.2851020408163265,39200.0,216.1904761904762,168,0.2981002202643172,36320.0,Kuzma / Porzingis,216.5745856353591,181,0.2851020408163265
UTA,2023-24,500,3952,1,225.82857142857142,175,0.23856275303643726,39520.0,216.0233918128655,171,0.2477801840822956,36940.0,Collins / Sexton,225.82857142857142,175,0.23856275303643726
MIL,2024-25,488,3950,0,205.72916666666666,192,0.32524050632911394,39500.0,215.93023255813952,172,0.33704900376952074,37140.0,Lopez / Prince,205.72916666666666,192,0.32524050632911394
MIL,2022-23,500,3654,1,221.45454545454547,165,0.30873015873015874,36540.0,213.75,160,0.3207309941520468,34200.0,Holiday / Lopez,221.45454545454547,165,0.30873015873015874
LAC,2024-25,442,3950,0,210.10638297872342,188,0.3608860759493671,39500.0,213.29545454545453,176,0.3726957911561002,37540.0,Harden / Zubac,210.10638297872342,188,0.3608860759493671
UTA,2024-25,500,3641,1,215.44378698224853,169,0.22543257346882725,36410.0,209.0532544378698,169,0.22909708463062553,35330.0,George / Kessler,215.44378698224853,169,0.22543257346882725
PHX,2023-24,500,3933,1,214.91803278688525,183,0.37737096364098655,39330.0,209.02298850574712,174,0.39711300522408577,36370.0,Allen / Durant,214.91803278688525,183,0.37737096364098655
BKN,2024-25,500,3743,1,213.88571428571427,175,0.28925995191023246,37430.0,207.52941176470588,170,0.29302721088435374,35280.0,Claxton / Johnson,213.88571428571427,175,0.28925995191023246
CHI,2024-25,500,3802,1,203.31550802139037,187,0.28237769594950024,38020.0,206.25730994152048,171,0.2943861638786504,35270.0,Vučević / White,203.31550802139037,187,0.28237769594950024
POR,2022-23,500,3936,1,211.61290322580646,186,0.3116361788617886,39360.0,206.03351955307264,179,0.3260574837310195,36880.0,Grant / Simons,211.61290322580646,186,0.3116361788617886
UTA,2022-23,500,3921,1,209.67914438502675,187,0.25378729915837794,39210.0,202.5,180,0.2672153635116598,36450.0,Clarkson / Markkanen,209.67914438502675,187,0.25378729915837794
MEM,2024-25,500,3637,1,204.32584269662922,178,0.26461369260379436,36370.0,200.88235294117646,170,0.2746998535871157,34150.0,Bane / Jackson Jr.,204.32584269662922,178,0.26461369260379436
GSW,2024-25,500,3805,1,206.79347826086956,184,0.22888304862023653,38050.0,200.5586592178771,179,0.2337883008356546,35900.0,Curry / Green,206.79347826086956,184,0.22888304862023653
POR,2023-24,500,3886,1,208.9247311827957,186,0.2044776119402985,38860.0,200.05434782608697,184,0.21043194784026079,36810.0,Ayton / Grant,208.9247311827957,186,0.2044776119402985
LAL,2024-25,500,3859,1,202.04188481675394,191,0.27268722466960355,38590.0,198.34254143646407,181,0.28331476323119775,35900.0,James / Reaves,202.04188481675394,191,0.27268722466960355
WAS,2023-24,500,3912,1,191.76470588235293,204,0.3264314928425358,39120.0,196.6120218579235,183,0.34402445803224013,35980.0,Jones / Kuzma,191.76470588235293,204,0.3264314928425358
LAL,2022-23,500,3867,1,201.40625,192,0.22017067494181536,38670.0,195.24324324324326,185,0.2271594684385382,36120.0,James / Schroder,201.40625,192,0.22017067494181536
DAL,2022-23,500,3901,1,201.08247422680412,194,0.2798513201743143,39010.0,191.8716577540107,187,0.2925027870680045,35880.0,Bullock / Doncic,201.08247422680412,194,0.2798513201743143
WAS,2024-25,500,3931,1,193.64532019704433,203,0.2774357669804121,39310.0,189.01554404145077,193,0.2885142543859649,36480.0,Coulibaly / Poole,193.64532019704433,203,0.2774357669804121
CHA,2023-24,500,3941,1,189.47115384615384,208,0.23329104288251712,39410.0,185.7,200,0.23941841680129242,37140.0,Bridges / Miller,189.47115384615384,208,0.23329104288251712
BKN,2022-23,500,3775,1,186.88118811881188,202,0.25687417218543046,37750.0,181.22448979591837,196,0.2658220720720721,35520.0,Claxton / O'Neale,186.88118811881188,202,0.25687417218543046
PHI,2023-24,500,3833,1,178.27906976744185,215,0.2790764414296895,38330.0,180.40201005025125,199,0.28969359331476324,35900.0,Harris / Maxey,178.27906976744185,215,0.2790764414296895
SAS,2022-23,500,3414,1,186.55737704918033,183,0.2524018746338606,34140.0,178.7912087912088,182,0.25811309157959433,32540.0,Johnson / Jones,186.55737704918033,183,0.2524018746338606
DAL,2024-25,500,3514,1,168.13397129186603,209,0.23557199772339216,35140.0,166.73170731707316,205,0.23768285547103568,34180.0,Thompson / Washington,168.13397129186603,209,0.23557199772339216
TOR,2024-25,500,3583,1,169.00943396226415,212,0.2375662852358359,35830.0,162.36966824644549,211,0.2438995913601868,34260.0,Barrett / Poeltl,169.00943396226415,212,0.2375662852358359
NOP,2024-25,500,3696,1,155.9493670886076,237,0.2069534632034632,36960.0,148.34745762711864,236,0.21373893173379035,35010.0,McCollum / Murphy III,155.9493670886076,237,0.2069534632034632
TOR,2023-24,500,3804,1,155.9016393442623,244,0.2327024185068349,38040.0,146.98744769874477,239,0.2444634215769997,35130.0,Schroder / Siakam,155.9016393442623,244,0.2327024185068349
PHI,2024-25,500,3563,1,143.66935483870967,248,0.24204322200392928,35630.0,139.30041152263374,243,0.24889217134416544,33850.0,Maxey / Oubre Jr.,143.66935483870967,248,0.24204322200392928
CHA,2024-25,500,3421,1,136.84,250,0.22206957030108154,34210.0,131.96,250,0.22525007578053954,32990.0,Bridges / Green,136.84,250,0.22206957030108154
DET,2023-24,500,3666,1,133.79562043795622,274,0.24822695035460993,36660.0,131.25475285171103,263,0.2563441483198146,34520.0,Duren / Ivey,133.79562043795622,274,0.24822695035460993
MEM,2023-24,500,3431,1,114.36666666666666,300,0.1862430778198776,34310.0,111.73913043478261,299,0.18790781203232565,33410.0,Bane / Jackson Jr.,114.36666666666666,300,0.1862430778198776
