Player,Team,Season,PPG,REB,AST,STL
AJ Griffin,ATL,2022-23,8.9,2.1,1.0,0.6
AJ Griffin,ATL,2023-24,2.4,0.9,0.3,0.1
Aaron Holiday,ATL,2022-23,3.9,1.2,1.4,0.6
Bogdan Bogdanović,ATL,2022-23,14.0,3.1,2.8,0.8
Bogdan Bogdanović,ATL,2023-24,16.9,3.4,3.1,1.2
Bogdan Bogdanović,ATL,2024-25,10.0,2.8,2.0,0.8
Bruno Fernando,ATL,2022-23,3.4,1.9,0.1,0.0
Bruno Fernando,ATL,2023-24,6.3,4.3,1.0,0.6
Caris LeVert,ATL,2024-25,14.9,3.7,2.9,0.9
Clint Capela,ATL,2022-23,12.0,11.0,0.9,0.7
Clint Capela,ATL,2023-24,11.5,10.6,1.2,0.6
Clint Capela,ATL,2024-25,8.9,8.5,1.1,0.6
Daeqwon Plowden,ATL,2024-25,7.2,1.8,0.3,0.0
David Roddy,ATL,2024-25,4.5,2.6,1.1,0.4
De'Andre Hunter,ATL,2022-23,15.4,4.2,1.4,0.5
De'Andre Hunter,ATL,2023-24,15.6,3.9,1.5,0.7
De'Andre Hunter,ATL,2024-25,19.0,3.9,1.5,0.8
Dejounte Murray,ATL,2022-23,20.5,5.3,6.1,1.5
Dejounte Murray,ATL,2023-24,22.5,5.3,6.4,1.4
Dominick Barlow,ATL,2024-25,4.2,2.4,0.5,0.3
Donovan Williams,ATL,2022-23,2.0,1.0,0.0,0.0
Dylan Windler,ATL,2023-24,4.7,2.0,0.5,0.3
Dyson Daniels,ATL,2024-25,14.1,5.9,4.4,3.0
Frank Kaminsky,ATL,2022-23,2.7,1.4,0.8,0.2
Garrison Mathews,ATL,2022-23,4.8,1.2,0.3,0.1
Garrison Mathews,ATL,2023-24,4.9,1.4,0.6,0.3
Garrison Mathews,ATL,2024-25,7.5,1.9,1.3,0.6
Georges Niang,ATL,2024-25,12.1,3.0,1.6,0.4
Jacob Toppin,ATL,2024-25,17.0,4.0,2.0,0.0
Jalen Johnson,ATL,2022-23,5.6,4.0,1.2,0.5
Jalen Johnson,ATL,2023-24,16.0,8.7,3.6,1.2
Jalen Johnson,ATL,2024-25,18.9,10.0,5.0,1.6
Jarrett Culver,ATL,2022-23,4.4,3.8,0.6,0.6
John Collins,ATL,2022-23,13.1,6.5,1.2,0.6
Justin Holiday,ATL,2022-23,4.5,0.8,0.9,0.2
Keaton Wallace,ATL,2024-25,5.4,1.6,2.6,0.9
Kobe Bufkin,ATL,2023-24,4.8,1.9,1.6,0.4
Kobe Bufkin,ATL,2024-25,5.3,2.1,1.7,0.3
Larry Nance Jr.,ATL,2024-25,8.5,4.3,1.6,0.8
Mouhamed Gueye,ATL,2023-24,4.0,3.7,0.7,0.8
Mouhamed Gueye,ATL,2024-25,6.0,4.2,0.8,0.8
Onyeka Okongwu,ATL,2022-23,9.9,7.2,1.0,0.7
Onyeka Okongwu,ATL,2023-24,10.2,6.8,1.3,0.5
Onyeka Okongwu,ATL,2024-25,13.4,8.9,2.3,0.9
Patty Mills,ATL,2023-24,2.7,1.1,0.7,0.5
Saddiq Bey,ATL,2022-23,11.6,4.8,1.4,0.8
Saddiq Bey,ATL,2023-24,13.7,6.5,1.5,0.8
Seth Lundy,ATL,2023-24,1.6,0.8,0.0,0.0
Team Totals,ATL,2022-23,118.4,44.4,25.0,7.1
Team Totals,ATL,2023-24,118.3,44.7,26.6,7.5
Team Totals,ATL,2024-25,118.2,44.5,29.6,9.7
Terance Mann,ATL,2024-25,9.8,3.1,2.1,0.6
Trae Young,ATL,2022-23,26.2,3.0,10.2,1.1
Trae Young,ATL,2023-24,25.7,2.8,10.8,1.3
Trae Young,ATL,2024-25,24.2,3.1,11.6,1.2
Trent Forrest,ATL,2022-23,2.3,1.6,1.7,0.3
Trent Forrest,ATL,2023-24,2.2,1.3,2.4,0.3
Tyrese Martin,ATL,2022-23,1.3,0.8,0.1,0.1
Vít Krejčí,ATL,2022-23,1.2,0.9,0.6,0.2
Vít Krejčí,ATL,2023-24,6.1,2.4,2.3,0.6
Vít Krejčí,ATL,2024-25,7.2,2.7,2.6,0.6
Wesley Matthews,ATL,2023-24,3.1,1.5,0.6,0.4
Zaccharie Risacher,ATL,2024-25,12.6,3.6,1.2,0.7
Al Horford,BOS,2022-23,9.8,6.2,3.0,0.5
Al Horford,BOS,2023-24,8.6,6.4,2.6,0.6
Al Horford,BOS,2024-25,9.0,6.2,2.1,0.6
Baylor Scheierman,BOS,2024-25,3.6,2.1,1.1,0.5
Blake Griffin,BOS,2022-23,4.1,3.8,1.5,0.3
Dalano Banton,BOS,2023-24,2.3,1.5,0.8,0.2
Derrick White,BOS,2022-23,12.4,3.6,3.9,0.7
Derrick White,BOS,2023-24,15.2,4.2,5.2,1.0
Derrick White,BOS,2024-25,16.4,4.5,4.8,0.9
Drew Peterson,BOS,2023-24,3.7,0.3,0.3,0.7
Drew Peterson,BOS,2024-25,2.2,1.6,0.5,0.2
Grant Williams,BOS,2022-23,8.1,4.6,1.7,0.5
JD Davison,BOS,2022-23,1.6,0.8,0.9,0.2
JD Davison,BOS,2023-24,2.0,1.3,1.3,0.1
JD Davison,BOS,2024-25,2.1,0.8,0.8,0.3
Jaden Springer,BOS,2023-24,2.1,1.2,0.5,0.6
Jaden Springer,BOS,2024-25,1.7,0.9,0.4,0.5
Jaylen Brown,BOS,2022-23,26.6,6.9,3.5,1.1
Jaylen Brown,BOS,2023-24,23.0,5.5,3.6,1.2
Jaylen Brown,BOS,2024-25,22.2,5.8,4.5,1.2
Jayson Tatum,BOS,2022-23,30.1,8.8,4.6,1.1
Jayson Tatum,BOS,2023-24,26.9,8.1,4.9,1.0
Jayson Tatum,BOS,2024-25,26.8,8.7,6.0,1.1
Jordan Walsh,BOS,2023-24,1.7,2.2,0.6,0.6
Jordan Walsh,BOS,2024-25,1.6,1.3,0.4,0.2
Jrue Holiday,BOS,2023-24,12.5,5.4,4.8,0.9
Jrue Holiday,BOS,2024-25,11.1,4.3,3.9,1.1
Justin Champagnie,BOS,2022-23,2.5,2.0,1.5,0.5
Justin Jackson,BOS,2022-23,0.9,0.7,0.4,0.2
Kristaps Porziņģis,BOS,2023-24,20.1,7.2,2.0,0.7
Kristaps Porziņģis,BOS,2024-25,19.5,6.8,2.1,0.7
Lamar Stevens,BOS,2023-24,2.8,1.6,0.4,0.3
Luke Kornet,BOS,2022-23,3.8,2.9,0.8,0.2
Luke Kornet,BOS,2023-24,5.3,4.1,1.1,0.4
Luke Kornet,BOS,2024-25,6.0,5.3,1.6,0.5
Malcolm Brogdon,BOS,2022-23,14.9,4.2,3.7,0.7
Marcus Smart,BOS,2022-23,11.5,3.1,6.3,1.5
Mfiondu Kabengele,BOS,2022-23,1.5,2.5,0.0,0.5
Mike Muscala,BOS,2022-23,5.9,3.4,0.6,0.2
Miles Norris,BOS,2024-25,2.3,3.0,0.0,0.7
Neemias Queta,BOS,2023-24,5.5,4.4,0.7,0.5
Neemias Queta,BOS,2024-25,5.0,3.8,0.7,0.3
Noah Vonleh,BOS,2022-23,1.1,2.1,0.3,0.1
Oshae Brissett,BOS,2023-24,3.7,2.9,0.8,0.3
Payton Pritchard,BOS,2022-23,5.6,1.8,1.3,0.3
Payton Pritchard,BOS,2023-24,9.6,3.2,3.4,0.5
Payton Pritchard,BOS,2024-25,14.3,3.8,3.5,0.9
Robert Williams,BOS,2022-23,8.0,8.3,1.4,0.6
Sam Hauser,BOS,2022-23,6.4,2.6,0.9,0.4
Sam Hauser,BOS,2023-24,9.0,3.5,1.0,0.5
Sam Hauser,BOS,2024-25,8.5,3.2,0.9,0.6
Svi Mykhailiuk,BOS,2023-24,4.0,1.2,0.9,0.3
Team Totals,BOS,2022-23,117.9,45.3,26.7,6.4
Team Totals,BOS,2023-24,120.6,46.3,26.9,6.8
Team Totals,BOS,2024-25,116.3,45.3,26.1,7.2
Torrey Craig,BOS,2024-25,2.7,2.8,0.7,0.4
Xavier Tillman Sr.,BOS,2023-24,4.0,2.7,1.0,0.5
Xavier Tillman Sr.,BOS,2024-25,1.0,1.3,0.2,0.3
Alondes Williams,BRK,2022-23,0.0,1.0,0.0,0.0
Armoni Brooks,BRK,2023-24,4.2,1.8,0.5,0.1
Ben Simmons,BRK,2022-23,6.9,6.3,6.1,1.3
Ben Simmons,BRK,2023-24,6.1,7.9,5.7,0.8
Ben Simmons,BRK,2024-25,6.2,5.2,6.9,0.8
Cam Thomas,BRK,2022-23,10.6,1.7,1.4,0.4
Cam Thomas,BRK,2023-24,22.5,3.2,2.9,0.7
Cam Thomas,BRK,2024-25,24.0,3.3,3.8,0.6
Cameron Johnson,BRK,2022-23,16.6,4.8,2.1,1.4
Cameron Johnson,BRK,2023-24,13.4,4.3,2.4,0.8
Cameron Johnson,BRK,2024-25,18.8,4.3,3.4,0.9
Cui Yongxi,BRK,2024-25,0.6,0.4,0.0,0.0
D'Angelo Russell,BRK,2024-25,12.9,2.8,5.6,1.1
Dariq Whitehead,BRK,2023-24,1.5,2.0,1.5,0.0
Dariq Whitehead,BRK,2024-25,5.7,1.5,0.6,0.3
David Duke Jr.,BRK,2022-23,3.7,1.3,0.9,0.4
Day'Ron Sharpe,BRK,2022-23,4.7,4.2,0.8,0.3
Day'Ron Sharpe,BRK,2023-24,6.8,6.4,1.4,0.4
Day'Ron Sharpe,BRK,2024-25,7.9,6.6,1.8,0.8
Dennis Schröder,BRK,2023-24,14.6,3.5,6.0,0.6
Dennis Schröder,BRK,2024-25,18.4,3.0,6.6,1.1
Dennis Smith Jr.,BRK,2023-24,6.6,2.9,3.6,1.2
Dorian Finney-Smith,BRK,2022-23,7.2,4.9,1.6,0.7
Dorian Finney-Smith,BRK,2023-24,8.5,4.7,1.6,0.8
Dorian Finney-Smith,BRK,2024-25,10.4,4.6,1.6,0.9
Drew Timme,BRK,2024-25,12.1,7.2,2.2,0.4
Dru Smith,BRK,2022-23,3.3,1.5,1.7,0.6
Edmond Sumner,BRK,2022-23,7.1,1.5,1.3,0.6
Harry Giles,BRK,2023-24,3.4,1.6,0.4,0.1
Jacob Gilyard,BRK,2023-24,0.0,0.8,1.5,1.5
Jalen Wilson,BRK,2023-24,5.0,3.0,1.0,0.3
Jalen Wilson,BRK,2024-25,9.5,3.4,1.8,0.5
Jaylen Martin,BRK,2024-25,1.0,0.0,0.0,0.0
Joe Harris,BRK,2022-23,7.6,2.2,1.4,0.5
Keita Bates-Diop,BRK,2023-24,1.6,0.6,0.3,0.2
Keon Johnson,BRK,2023-24,6.2,1.4,0.6,0.6
Keon Johnson,BRK,2024-25,10.6,3.8,2.2,1.0
Kessler Edwards,BRK,2022-23,1.1,1.0,0.1,0.2
Kevin Durant,BRK,2022-23,29.7,6.7,5.3,0.8
Killian Hayes,BRK,2024-25,9.0,3.0,5.2,0.7
Kyrie Irving,BRK,2022-23,27.1,5.1,5.3,1.0
Lonnie Walker IV,BRK,2023-24,9.7,2.2,1.3,0.6
Markieff Morris,BRK,2022-23,3.6,2.2,0.9,0.3
Maxwell Lewis,BRK,2024-25,5.3,2.5,0.8,0.4
Mikal Bridges,BRK,2022-23,26.1,4.5,2.7,1.0
Mikal Bridges,BRK,2023-24,19.6,4.5,3.6,1.0
Moses Brown,BRK,2022-23,0.0,0.0,0.0,0.5
Nerlens Noel,BRK,2022-23,1.0,3.0,1.0,1.0
Nic Claxton,BRK,2022-23,12.6,9.2,1.9,0.9
Nic Claxton,BRK,2023-24,11.8,9.9,2.1,0.6
Nic Claxton,BRK,2024-25,10.3,7.4,2.2,0.9
Noah Clowney,BRK,2023-24,5.8,3.5,0.8,0.3
Noah Clowney,BRK,2024-25,9.1,3.9,0.9,0.5
Patty Mills,BRK,2022-23,6.2,1.1,1.4,0.4
RaiQuan Gray,BRK,2022-23,16.0,9.0,7.0,0.0
Reece Beekman,BRK,2024-25,2.7,1.1,1.8,0.9
Royce O'Neale,BRK,2022-23,8.8,5.1,3.7,0.9
Royce O'Neale,BRK,2023-24,7.4,4.5,2.8,0.7
Seth Curry,BRK,2022-23,9.2,1.6,1.6,0.6
Shake Milton,BRK,2024-25,7.4,1.9,2.4,0.6
Spencer Dinwiddie,BRK,2022-23,16.5,4.1,9.1,1.1
Spencer Dinwiddie,BRK,2023-24,12.6,3.3,6.0,0.8
T.J. Warren,BRK,2022-23,9.5,2.8,1.1,0.6
Team Totals,BRK,2022-23,113.4,40.5,25.5,7.1
Team Totals,BRK,2023-24,110.4,44.1,25.6,6.8
Team Totals,BRK,2024-25,105.1,41.3,25.2,7.8
Tosan Evbuomwan,BRK,2024-25,9.5,4.3,2.0,0.9
Trendon Watford,BRK,2023-24,6.9,3.1,1.3,0.4
Trendon Watford,BRK,2024-25,10.2,3.6,2.6,0.6
Tyrese Martin,BRK,2024-25,8.7,3.7,2.0,0.6
Tyson Etienne,BRK,2024-25,7.9,1.3,1.7,0.4
Yuta Watanabe,BRK,2022-23,5.6,2.4,0.8,0.4
Ziaire Williams,BRK,2024-25,10.0,4.6,1.3,1.0
Adama Sanogo,CHI,2023-24,4.0,4.0,0.0,0.1
Adama Sanogo,CHI,2024-25,2.0,1.5,0.3,0.0
Alex Caruso,CHI,2022-23,5.6,2.9,2.9,1.5
Alex Caruso,CHI,2023-24,10.1,3.8,3.5,1.7
Andre Drummond,CHI,2022-23,6.0,6.6,0.5,0.7
Andre Drummond,CHI,2023-24,8.4,9.0,0.5,0.9
Andrew Funk,CHI,2023-24,0.0,0.0,0.0,0.2
Ayo Dosunmu,CHI,2022-23,8.6,2.8,2.6,0.8
Ayo Dosunmu,CHI,2023-24,12.2,2.8,3.2,0.9
Ayo Dosunmu,CHI,2024-25,12.3,3.5,4.5,0.9
Carlik Jones,CHI,2022-23,2.9,0.7,0.9,0.3
Chris Duarte,CHI,2024-25,2.1,1.2,0.5,0.0
Coby White,CHI,2022-23,9.7,2.9,2.8,0.7
Coby White,CHI,2023-24,19.1,4.5,5.1,0.7
Coby White,CHI,2024-25,20.4,3.7,4.5,0.9
Dalen Terry,CHI,2022-23,2.2,1.0,0.6,0.3
Dalen Terry,CHI,2023-24,3.1,1.9,1.4,0.5
Dalen Terry,CHI,2024-25,4.5,1.7,1.3,0.6
DeMar DeRozan,CHI,2022-23,24.5,4.6,5.1,1.1
DeMar DeRozan,CHI,2023-24,24.0,4.3,5.3,1.1
Derrick Jones Jr.,CHI,2022-23,5.0,2.4,0.5,0.5
E.J. Liddell,CHI,2024-25,1.8,0.8,0.3,0.1
Emanuel Miller,CHI,2024-25,1.7,1.3,0.3,0.2
Goran Dragić,CHI,2022-23,6.4,1.4,2.7,0.2
Henri Drell,CHI,2023-24,2.8,1.0,1.0,0.5
Jahmir Young,CHI,2024-25,1.8,0.5,1.0,0.0
Jalen Smith,CHI,2024-25,8.2,5.6,1.0,0.3
Javonte Green,CHI,2022-23,5.2,2.8,0.7,0.8
Javonte Green,CHI,2023-24,12.2,7.4,0.6,1.1
Jevon Carter,CHI,2023-24,5.0,0.8,1.3,0.5
Jevon Carter,CHI,2024-25,4.3,1.1,1.1,0.4
Josh Giddey,CHI,2024-25,14.6,8.1,7.2,1.2
Julian Phillips,CHI,2023-24,2.2,0.9,0.3,0.2
Julian Phillips,CHI,2024-25,4.6,2.1,0.5,0.5
Kevin Huerter,CHI,2024-25,13.2,3.3,3.2,1.2
Lonzo Ball,CHI,2024-25,7.6,3.4,3.3,1.3
Malcolm Hill,CHI,2022-23,1.0,0.6,0.0,0.0
Marko Simonovic,CHI,2022-23,0.9,0.3,0.0,0.0
Matas Buzelis,CHI,2024-25,8.6,3.5,1.0,0.4
Nikola Vučević,CHI,2022-23,17.6,11.0,3.2,0.7
Nikola Vučević,CHI,2023-24,18.0,10.5,3.3,0.7
Nikola Vučević,CHI,2024-25,18.5,10.1,3.5,0.8
Onuralp Bitim,CHI,2023-24,3.5,1.4,0.6,0.1
Patrick Beverley,CHI,2022-23,5.8,4.9,3.5,1.0
Patrick Williams,CHI,2022-23,10.2,4.0,1.2,0.9
Patrick Williams,CHI,2023-24,10.0,3.9,1.5,0.9
Patrick Williams,CHI,2024-25,9.0,3.8,2.0,0.8
Talen Horton-Tucker,CHI,2024-25,6.5,1.7,1.4,0.4
Team Totals,CHI,2022-23,113.1,42.4,24.5,7.9
Team Totals,CHI,2023-24,112.3,43.8,25.0,7.8
Team Totals,CHI,2024-25,117.8,45.9,29.1,7.6
Terry Taylor,CHI,2022-23,4.0,1.6,0.0,0.0
Terry Taylor,CHI,2023-24,1.5,1.2,0.3,0.2
Tony Bradley,CHI,2022-23,1.6,0.9,0.1,0.1
Torrey Craig,CHI,2023-24,5.7,4.1,1.1,0.6
Torrey Craig,CHI,2024-25,6.9,2.8,0.6,0.2
Tre Jones,CHI,2024-25,11.5,3.2,4.9,1.1
Zach Collins,CHI,2024-25,8.6,6.7,2.1,0.5
Zach LaVine,CHI,2022-23,24.8,4.5,4.2,0.9
Zach LaVine,CHI,2023-24,19.5,5.2,3.9,0.8
Zach LaVine,CHI,2024-25,24.0,4.8,4.5,0.9
Aleksej Pokusevski,CHO,2023-24,7.4,4.4,1.7,0.8
Amari Bailey,CHO,2023-24,2.3,0.9,0.7,0.3
Brandon Miller,CHO,2023-24,17.3,4.3,2.4,0.9
Brandon Miller,CHO,2024-25,21.0,4.9,3.6,1.1
Bryce McGowens,CHO,2022-23,5.3,2.0,1.2,0.3
Bryce McGowens,CHO,2023-24,5.1,1.7,0.9,0.4
Cody Martin,CHO,2022-23,5.0,3.4,1.6,0.6
Cody Martin,CHO,2023-24,7.5,3.9,3.7,1.1
Cody Martin,CHO,2024-25,7.8,4.5,2.3,1.1
DaQuan Jeffries,CHO,2024-25,6.7,2.9,1.1,0.6
Damion Baugh,CHO,2024-25,7.3,3.3,3.7,1.0
Dennis Smith Jr.,CHO,2022-23,8.8,3.1,4.8,1.4
Dāvis Bertāns,CHO,2023-24,8.8,1.8,0.9,0.8
Elfrid Payton,CHO,2024-25,1.0,2.2,3.3,1.0
Frank Ntilikina,CHO,2023-24,1.0,1.2,0.8,0.0
Gordon Hayward,CHO,2022-23,14.7,4.3,4.1,0.8
Gordon Hayward,CHO,2023-24,14.5,4.7,4.6,1.1
Grant Williams,CHO,2023-24,13.9,5.1,3.2,0.7
Grant Williams,CHO,2024-25,10.4,5.1,2.3,1.1
Isaiah Wong,CHO,2024-25,6.0,1.6,1.4,0.6
Ish Smith,CHO,2023-24,3.2,1.8,3.4,0.4
JT Thor,CHO,2022-23,3.8,2.2,0.5,0.3
JT Thor,CHO,2023-24,3.2,2.3,0.5,0.2
Jalen McDaniels,CHO,2022-23,10.6,4.8,2.0,1.2
James Bouknight,CHO,2022-23,5.6,2.1,1.2,0.4
James Bouknight,CHO,2023-24,3.6,0.6,0.4,0.1
Jared Rhoden,CHO,2024-25,1.0,1.0,0.5,0.3
Jaylen Sims,CHO,2024-25,7.0,1.0,2.0,0.5
Josh Green,CHO,2024-25,7.4,2.5,1.6,1.1
Josh Okogie,CHO,2024-25,8.9,2.7,1.3,1.8
Jusuf Nurkić,CHO,2024-25,9.2,6.5,2.6,0.7
KJ Simpson,CHO,2024-25,7.8,3.0,3.1,0.9
Kai Jones,CHO,2022-23,3.4,2.7,0.3,0.4
Kelly Oubre Jr.,CHO,2022-23,20.3,5.2,1.1,1.4
Kobi Simmons,CHO,2022-23,1.0,0.8,1.0,0.0
LaMelo Ball,CHO,2022-23,23.3,6.4,8.4,1.3
LaMelo Ball,CHO,2023-24,23.9,5.1,8.0,1.8
LaMelo Ball,CHO,2024-25,25.2,4.9,7.4,1.1
Leaky Black,CHO,2023-24,2.7,1.8,0.9,0.3
Malachi Flynn,CHO,2024-25,4.0,1.8,1.8,0.8
Marcus Garrett,CHO,2024-25,7.0,1.5,3.3,0.8
Mark Williams,CHO,2022-23,9.0,7.1,0.4,0.7
Mark Williams,CHO,2023-24,12.7,9.7,1.2,0.8
Mark Williams,CHO,2024-25,15.3,10.2,2.5,0.7
Marques Bolden,CHO,2023-24,4.1,3.6,0.4,0.3
Mason Plumlee,CHO,2022-23,12.2,9.7,3.7,0.6
Miles Bridges,CHO,2023-24,21.0,7.3,3.3,0.9
Miles Bridges,CHO,2024-25,20.3,7.5,3.9,0.7
Moussa Diabaté,CHO,2024-25,5.7,6.2,0.8,0.6
Nathan Mensah,CHO,2023-24,1.3,2.6,0.4,0.2
Nick Richards,CHO,2022-23,8.2,6.4,0.6,0.2
Nick Richards,CHO,2023-24,9.7,8.0,0.8,0.4
Nick Richards,CHO,2024-25,8.9,7.5,1.3,0.3
Nick Smith Jr.,CHO,2023-24,5.9,1.4,1.2,0.2
Nick Smith Jr.,CHO,2024-25,9.9,2.1,2.4,0.3
P.J. Washington,CHO,2022-23,15.7,4.9,2.4,0.9
P.J. Washington,CHO,2023-24,13.6,5.3,2.2,0.9
Seth Curry,CHO,2023-24,9.0,2.0,1.8,0.6
Seth Curry,CHO,2024-25,6.5,1.7,0.9,0.4
Svi Mykhailiuk,CHO,2022-23,10.6,2.4,2.7,0.7
Taj Gibson,CHO,2024-25,2.9,3.2,0.6,0.2
Team Totals,CHO,2022-23,111.0,44.5,25.1,7.7
Team Totals,CHO,2023-24,106.6,40.3,24.8,6.9
Team Totals,CHO,2024-25,105.1,45.2,24.3,7.4
Terry Rozier,CHO,2022-23,21.1,4.1,5.1,1.2
Terry Rozier,CHO,2023-24,23.2,3.9,6.6,1.1
Théo Maledon,CHO,2022-23,6.7,2.8,3.5,0.8
Théo Maledon,CHO,2023-24,4.2,1.8,2.2,0.5
Tidjane Salaün,CHO,2024-25,5.9,4.7,1.2,0.5
Tre Mann,CHO,2023-24,11.9,4.5,5.2,1.7
Tre Mann,CHO,2024-25,14.1,2.9,3.0,0.5
Vasilije Micić,CHO,2023-24,10.8,2.1,6.2,0.7
Vasilije Micić,CHO,2024-25,7.5,2.4,3.5,0.4
Wendell Moore Jr.,CHO,2024-25,5.4,3.2,1.2,0.6
Xavier Sneed,CHO,2022-23,4.3,1.3,1.3,0.0
Caris LeVert,CLE,2022-23,12.1,3.8,3.9,1.0
Caris LeVert,CLE,2023-24,14.0,4.1,5.1,1.1
Caris LeVert,CLE,2024-25,10.2,2.8,3.7,0.9
Cedi Osman,CLE,2022-23,8.7,2.3,1.5,0.5
Chuma Okeke,CLE,2024-25,2.5,2.0,1.0,0.0
Craig Porter Jr.,CLE,2023-24,5.6,2.1,2.3,0.4
Craig Porter Jr.,CLE,2024-25,3.7,1.3,1.4,0.3
Damian Jones,CLE,2023-24,2.7,1.6,0.4,0.2
Danny Green,CLE,2022-23,6.5,1.3,0.5,0.6
Darius Garland,CLE,2022-23,21.6,2.7,7.8,1.2
Darius Garland,CLE,2023-24,18.0,2.7,6.5,1.3
Darius Garland,CLE,2024-25,20.6,2.9,6.7,1.2
De'Andre Hunter,CLE,2024-25,14.3,4.2,1.3,0.7
Dean Wade,CLE,2022-23,4.7,3.4,0.8,0.6
Dean Wade,CLE,2023-24,5.4,4.0,0.8,0.7
Dean Wade,CLE,2024-25,5.4,4.2,1.3,0.7
Donovan Mitchell,CLE,2022-23,28.3,4.3,4.4,1.5
Donovan Mitchell,CLE,2023-24,26.6,5.1,6.1,1.8
Donovan Mitchell,CLE,2024-25,24.0,4.5,5.0,1.3
Dylan Windler,CLE,2022-23,1.7,0.0,0.3,0.3
Emoni Bates,CLE,2023-24,2.7,0.9,0.7,0.1
Emoni Bates,CLE,2024-25,3.7,0.7,0.8,0.1
Evan Mobley,CLE,2022-23,16.2,9.0,2.8,0.8
Evan Mobley,CLE,2023-24,15.7,9.4,3.2,0.9
Evan Mobley,CLE,2024-25,18.5,9.3,3.2,0.9
Georges Niang,CLE,2023-24,9.4,3.4,1.2,0.4
Georges Niang,CLE,2024-25,8.7,3.7,1.3,0.3
Isaac Okoro,CLE,2022-23,6.4,2.5,1.1,0.7
Isaac Okoro,CLE,2023-24,9.4,3.0,1.9,0.8
Isaac Okoro,CLE,2024-25,6.1,2.4,1.2,0.6
Isaiah Mobley,CLE,2022-23,2.6,1.7,0.3,0.3
Isaiah Mobley,CLE,2023-24,2.3,1.0,0.6,0.2
JT Thor,CLE,2024-25,3.1,0.7,0.1,0.2
Jarrett Allen,CLE,2022-23,14.3,9.8,1.7,0.8
Jarrett Allen,CLE,2023-24,16.5,10.5,2.7,0.7
Jarrett Allen,CLE,2024-25,13.5,9.7,1.9,0.9
Javonte Green,CLE,2024-25,3.3,2.2,0.6,0.6
Jaylon Tyson,CLE,2024-25,3.6,2.0,0.9,0.3
Kevin Love,CLE,2022-23,8.5,6.8,1.9,0.2
Lamar Stevens,CLE,2022-23,5.3,3.3,0.5,0.4
Luke Travers,CLE,2024-25,1.0,1.7,0.7,0.1
Mamadi Diakite,CLE,2022-23,2.6,1.4,0.4,0.2
Marcus Morris,CLE,2023-24,5.8,2.1,0.8,0.2
Max Strus,CLE,2023-24,12.2,4.8,4.0,0.9
Max Strus,CLE,2024-25,9.4,4.3,3.2,0.5
Nae'Qwan Tomlin,CLE,2024-25,7.2,4.2,0.4,0.0
Pete Nance,CLE,2023-24,0.4,0.4,0.0,0.1
Raul Neto,CLE,2022-23,3.3,1.0,1.6,0.4
Ricky Rubio,CLE,2022-23,5.2,2.1,3.5,0.8
Robin Lopez,CLE,2022-23,3.0,1.4,0.5,0.1
Sam Merrill,CLE,2022-23,5.0,1.8,1.0,0.8
Sam Merrill,CLE,2023-24,8.0,2.0,1.8,0.3
Sam Merrill,CLE,2024-25,7.2,2.2,1.5,0.7
Team Totals,CLE,2022-23,112.3,41.1,24.9,7.1
Team Totals,CLE,2023-24,112.6,43.3,28.0,7.4
Team Totals,CLE,2024-25,121.9,45.4,28.1,8.2
Tristan Thompson,CLE,2023-24,3.3,3.6,1.0,0.2
Tristan Thompson,CLE,2024-25,1.7,3.4,0.6,0.1
Ty Jerome,CLE,2023-24,2.0,0.5,1.5,0.0
Ty Jerome,CLE,2024-25,12.5,2.5,3.4,1.1
A.J. Lawson,DAL,2022-23,3.9,1.4,0.1,0.1
A.J. Lawson,DAL,2023-24,3.2,1.2,0.5,0.2
Alex Fudge,DAL,2023-24,5.5,1.5,0.0,1.5
Anthony Davis,DAL,2024-25,20.0,10.1,4.4,0.6
Brandon Williams,DAL,2023-24,3.2,0.8,1.0,0.1
Brandon Williams,DAL,2024-25,8.3,1.8,2.3,0.7
Caleb Martin,DAL,2024-25,5.4,2.9,1.9,0.9
Chris Silva,DAL,2022-23,2.0,0.0,0.0,0.0
Christian Wood,DAL,2022-23,16.6,7.3,1.8,0.4
Daniel Gafford,DAL,2023-24,11.2,6.9,1.6,0.7
Daniel Gafford,DAL,2024-25,12.3,6.8,1.4,0.4
Danté Exum,DAL,2023-24,7.8,2.7,2.9,0.4
Danté Exum,DAL,2024-25,8.7,1.7,2.8,0.6
Dereck Lively II,DAL,2023-24,8.8,6.9,1.1,0.7
Dereck Lively II,DAL,2024-25,8.7,7.5,2.4,0.6
Derrick Jones Jr.,DAL,2023-24,8.6,3.3,1.0,0.7
Dexter Dennis,DAL,2023-24,5.5,2.3,1.0,0.0
Dorian Finney-Smith,DAL,2022-23,9.1,4.7,1.5,1.0
Dwight Powell,DAL,2022-23,6.7,4.1,0.9,0.6
Dwight Powell,DAL,2023-24,3.3,3.4,1.3,0.4
Dwight Powell,DAL,2024-25,2.1,2.1,1.0,0.3
Dāvis Bertāns,DAL,2022-23,4.6,1.2,0.5,0.2
Facundo Campazzo,DAL,2022-23,1.3,0.3,1.1,0.8
Frank Ntilikina,DAL,2022-23,2.9,1.3,1.2,0.3
Grant Williams,DAL,2023-24,8.1,3.6,1.7,0.5
Greg Brown III,DAL,2023-24,2.5,1.5,0.7,0.0
JaVale McGee,DAL,2022-23,4.4,2.5,0.3,0.1
Jaden Hardy,DAL,2022-23,8.8,1.9,1.4,0.4
Jaden Hardy,DAL,2023-24,7.3,1.8,1.5,0.3
Jaden Hardy,DAL,2024-25,8.7,1.6,1.4,0.5
Jazian Gortman,DAL,2024-25,1.5,0.3,0.4,0.1
Josh Green,DAL,2022-23,9.1,3.0,1.7,0.7
Josh Green,DAL,2023-24,8.2,3.2,2.3,0.8
Justin Holiday,DAL,2022-23,4.4,1.8,0.9,0.8
Kai Jones,DAL,2024-25,11.4,6.6,1.3,0.8
Kemba Walker,DAL,2022-23,8.0,1.8,2.1,0.2
Kessler Edwards,DAL,2024-25,4.2,2.9,1.1,0.5
Klay Thompson,DAL,2024-25,14.0,3.4,2.0,0.7
Kylor Kelley,DAL,2024-25,3.0,2.6,0.3,0.0
Kyrie Irving,DAL,2022-23,27.0,5.0,6.0,1.3
Kyrie Irving,DAL,2023-24,25.6,5.0,5.2,1.3
Kyrie Irving,DAL,2024-25,24.7,4.8,4.6,1.3
Luka Dončić,DAL,2022-23,32.4,8.6,8.0,1.4
Luka Dončić,DAL,2023-24,33.9,9.2,9.8,1.4
Luka Dončić,DAL,2024-25,28.1,8.3,7.8,2.0
Markieff Morris,DAL,2022-23,4.5,1.5,0.8,0.1
Markieff Morris,DAL,2023-24,2.5,1.5,0.6,0.2
Markieff Morris,DAL,2024-25,1.7,1.1,0.6,0.1
Max Christie,DAL,2024-25,11.2,4.2,2.5,0.9
Maxi Kleber,DAL,2022-23,5.9,3.6,1.4,0.3
Maxi Kleber,DAL,2023-24,4.4,3.3,1.6,0.4
Maxi Kleber,DAL,2024-25,3.0,2.8,1.3,0.3
McKinley Wright IV,DAL,2022-23,4.2,1.7,2.1,0.3
Moses Brown,DAL,2024-25,11.8,7.8,0.5,1.0
Naji Marshall,DAL,2024-25,13.2,4.8,3.0,1.0
Olivier-Maxence Prosper,DAL,2023-24,3.0,2.0,0.6,0.2
Olivier-Maxence Prosper,DAL,2024-25,3.9,2.4,0.8,0.5
P.J. Washington,DAL,2023-24,11.7,6.2,1.5,1.2
P.J. Washington,DAL,2024-25,14.7,7.8,2.3,1.1
Quentin Grimes,DAL,2024-25,10.2,3.8,2.1,0.7
Reggie Bullock,DAL,2022-23,7.2,3.6,1.4,0.7
Richaun Holmes,DAL,2023-24,3.4,3.4,0.7,0.1
Seth Curry,DAL,2023-24,4.3,1.4,0.8,0.5
Spencer Dinwiddie,DAL,2022-23,17.7,3.1,5.3,0.7
Spencer Dinwiddie,DAL,2024-25,11.0,2.6,4.4,0.9
Team Totals,DAL,2022-23,114.2,38.8,22.9,6.3
Team Totals,DAL,2023-24,117.9,42.9,25.7,6.9
Team Totals,DAL,2024-25,114.2,43.0,25.2,7.8
Theo Pinson,DAL,2022-23,2.4,1.6,1.2,0.2
Tim Hardaway Jr.,DAL,2022-23,14.4,3.5,1.8,0.7
Tim Hardaway Jr.,DAL,2023-24,14.4,3.2,1.8,0.5
Tyler Dorsey,DAL,2022-23,3.0,0.7,0.0,0.0
Aaron Gordon,DEN,2022-23,16.3,6.6,3.0,0.8
Aaron Gordon,DEN,2023-24,13.9,6.5,3.5,0.8
Aaron Gordon,DEN,2024-25,14.7,4.8,3.2,0.5
Bones Hyland,DEN,2022-23,12.1,2.0,3.0,0.7
Braxton Key,DEN,2023-24,1.1,0.9,0.5,0.1
Bruce Brown,DEN,2022-23,11.5,4.1,3.4,1.1
Christian Braun,DEN,2022-23,4.7,2.4,0.8,0.5
Christian Braun,DEN,2023-24,7.3,3.7,1.6,0.5
Christian Braun,DEN,2024-25,15.4,5.2,2.6,1.1
Collin Gillespie,DEN,2023-24,3.6,0.9,1.1,0.5
Dario Šarić,DEN,2024-25,3.5,3.1,1.4,0.4
Davon Reed,DEN,2022-23,2.3,1.6,0.5,0.4
DeAndre Jordan,DEN,2022-23,5.1,5.2,0.9,0.3
DeAndre Jordan,DEN,2023-24,3.9,4.4,0.7,0.2
DeAndre Jordan,DEN,2024-25,3.7,5.1,0.9,0.3
Hunter Tyson,DEN,2023-24,1.1,0.5,0.1,0.1
Hunter Tyson,DEN,2024-25,2.6,1.5,0.4,0.2
Ish Smith,DEN,2022-23,2.5,1.3,2.3,0.2
Jack White,DEN,2022-23,1.2,1.0,0.2,0.2
Jalen Pickett,DEN,2023-24,1.6,0.5,0.8,0.1
Jalen Pickett,DEN,2024-25,4.1,1.4,2.2,0.4
Jamal Murray,DEN,2022-23,20.0,4.0,6.2,1.0
Jamal Murray,DEN,2023-24,21.2,4.1,6.5,1.0
Jamal Murray,DEN,2024-25,21.4,3.9,6.0,1.4
Jay Huff,DEN,2023-24,1.2,0.6,0.1,0.1
Jeff Green,DEN,2022-23,7.8,2.6,1.2,0.3
Julian Strawther,DEN,2023-24,4.5,1.2,0.9,0.3
Julian Strawther,DEN,2024-25,9.0,2.2,1.3,0.6
Justin Holiday,DEN,2023-24,4.0,1.2,1.2,0.6
Kentavious Caldwell-Pope,DEN,2022-23,10.8,2.7,2.4,1.5
Kentavious Caldwell-Pope,DEN,2023-24,10.1,2.4,2.4,1.3
Michael Porter Jr.,DEN,2022-23,17.4,5.5,1.0,0.6
Michael Porter Jr.,DEN,2023-24,16.7,7.0,1.5,0.5
Michael Porter Jr.,DEN,2024-25,18.2,7.0,2.1,0.6
Nikola Jokić,DEN,2022-23,24.5,11.8,9.8,1.3
Nikola Jokić,DEN,2023-24,26.4,12.4,9.0,1.4
Nikola Jokić,DEN,2024-25,29.6,12.7,10.2,1.8
PJ Hall,DEN,2024-25,1.7,1.2,0.2,0.0
Peyton Watson,DEN,2022-23,3.3,1.6,0.5,0.1
Peyton Watson,DEN,2023-24,6.7,3.2,1.1,0.5
Peyton Watson,DEN,2024-25,8.1,3.4,1.4,0.7
Reggie Jackson,DEN,2022-23,7.9,1.8,3.1,0.6
Reggie Jackson,DEN,2023-24,10.2,1.9,3.8,0.5
Russell Westbrook,DEN,2024-25,13.3,4.9,6.1,1.4
Spencer Jones,DEN,2024-25,1.3,0.9,0.3,0.3
Team Totals,DEN,2022-23,115.8,43.0,28.9,7.5
Team Totals,DEN,2023-24,114.9,44.4,29.5,7.1
Team Totals,DEN,2024-25,120.8,45.7,31.0,8.0
Thomas Bryant,DEN,2022-23,4.6,3.3,0.1,0.1
Trey Alexander,DEN,2024-25,1.3,0.5,0.5,0.1
Vlatko Čančar,DEN,2022-23,5.0,2.1,1.3,0.4
Vlatko Čančar,DEN,2024-25,1.8,2.5,0.7,0.2
Zeke Nnaji,DEN,2022-23,5.2,2.6,0.3,0.3
Zeke Nnaji,DEN,2023-24,3.2,2.2,0.6,0.3
Zeke Nnaji,DEN,2024-25,3.2,1.6,0.4,0.4
Alec Burks,DET,2022-23,12.8,3.1,2.2,0.7
Alec Burks,DET,2023-24,12.6,2.6,1.6,0.5
Alondes Williams,DET,2024-25,5.0,0.0,1.0,0.0
Ausar Thompson,DET,2023-24,8.8,6.4,1.9,1.1
Ausar Thompson,DET,2024-25,10.1,5.1,2.3,1.7
Bobi Klintman,DET,2024-25,1.9,0.9,0.9,0.3
Bojan Bogdanović,DET,2022-23,21.6,3.8,2.6,0.6
Bojan Bogdanović,DET,2023-24,20.2,3.4,2.5,0.8
Braxton Key,DET,2022-23,1.3,0.3,0.0,0.0
Buddy Boeheim,DET,2022-23,1.6,0.6,0.4,0.2
Buddy Boeheim,DET,2023-24,3.4,1.0,0.3,0.0
Cade Cunningham,DET,2022-23,19.9,6.2,6.0,0.8
Cade Cunningham,DET,2023-24,22.7,4.3,7.5,0.9
Cade Cunningham,DET,2024-25,26.1,6.1,9.1,1.0
Chimezie Metu,DET,2023-24,10.5,6.0,1.9,1.7
Cole Swider,DET,2024-25,0.0,1.0,0.5,0.0
Cory Joseph,DET,2022-23,6.9,1.7,3.5,0.5
Danilo Gallinari,DET,2023-24,8.7,2.3,2.0,0.3
Daniss Jenkins,DET,2024-25,1.0,0.3,0.4,0.0
Dennis Schröder,DET,2024-25,10.8,2.6,5.3,0.5
Eugene Omoruyi,DET,2022-23,9.7,3.5,1.0,0.8
Evan Fournier,DET,2023-24,7.2,1.9,1.6,0.9
Hamidou Diallo,DET,2022-23,9.3,3.5,1.0,0.9
Isaiah Livers,DET,2022-23,6.7,2.8,0.8,0.5
Isaiah Livers,DET,2023-24,5.0,2.1,1.1,0.6
Isaiah Stewart,DET,2022-23,11.3,8.1,1.4,0.4
Isaiah Stewart,DET,2023-24,10.9,6.6,1.6,0.4
Isaiah Stewart,DET,2024-25,6.0,5.5,1.7,0.4
Jaden Ivey,DET,2022-23,16.3,3.9,5.2,0.8
Jaden Ivey,DET,2023-24,15.4,3.4,3.8,0.7
Jaden Ivey,DET,2024-25,17.6,4.1,4.0,0.9
Jalen Duren,DET,2022-23,9.1,8.9,1.1,0.7
Jalen Duren,DET,2023-24,13.8,11.6,2.4,0.5
Jalen Duren,DET,2024-25,11.8,10.3,2.7,0.7
James Wiseman,DET,2022-23,12.7,8.1,0.7,0.2
James Wiseman,DET,2023-24,7.1,5.3,0.9,0.2
Jared Rhoden,DET,2022-23,3.2,2.6,0.3,0.3
Jared Rhoden,DET,2023-24,4.9,1.9,0.8,0.2
Jaylen Nowell,DET,2023-24,7.5,2.5,0.8,0.3
Joe Harris,DET,2023-24,2.4,0.8,0.6,0.2
Kevin Knox,DET,2022-23,5.6,2.6,0.4,0.3
Kevin Knox,DET,2023-24,7.2,2.4,0.7,0.4
Killian Hayes,DET,2022-23,10.3,2.9,6.2,1.4
Killian Hayes,DET,2023-24,6.9,2.8,4.9,0.9
Lindy Waters III,DET,2024-25,3.4,1.0,0.7,0.4
Malachi Flynn,DET,2023-24,8.0,1.8,2.1,0.8
Malcolm Cazalon,DET,2023-24,0.0,0.0,0.0,0.0
Malik Beasley,DET,2024-25,16.3,2.6,1.7,0.9
Marcus Sasser,DET,2023-24,8.3,1.8,3.3,0.6
Marcus Sasser,DET,2024-25,6.6,1.2,2.3,0.6
Marvin Bagley III,DET,2022-23,12.0,6.4,0.9,0.5
Marvin Bagley III,DET,2023-24,10.2,4.5,1.0,0.2
Mike Muscala,DET,2023-24,3.5,2.2,0.8,0.2
Monte Morris,DET,2023-24,4.5,2.0,1.3,0.2
Nerlens Noel,DET,2022-23,2.3,2.6,0.5,0.9
Paul Reed,DET,2024-25,4.1,2.7,1.0,0.9
Quentin Grimes,DET,2023-24,5.3,2.0,2.3,0.8
R.J. Hampton,DET,2022-23,7.3,2.3,1.0,0.5
Rodney McGruder,DET,2022-23,5.7,2.3,0.9,0.5
Ron Harper Jr.,DET,2024-25,4.0,7.0,2.0,0.0
Ron Holland,DET,2024-25,6.4,2.7,1.0,0.6
Saddiq Bey,DET,2022-23,14.8,4.7,1.6,1.0
Shake Milton,DET,2023-24,6.8,4.5,1.5,0.5
Simone Fontecchio,DET,2023-24,15.4,4.4,1.8,0.9
Simone Fontecchio,DET,2024-25,5.9,2.9,0.9,0.4
Stanley Umude,DET,2022-23,2.0,0.0,0.0,1.0
Stanley Umude,DET,2023-24,5.3,2.1,0.5,0.3
Taj Gibson,DET,2023-24,4.5,2.3,0.5,0.3
Team Totals,DET,2022-23,110.3,42.4,23.0,7.0
Team Totals,DET,2023-24,109.9,43.3,25.5,6.5
Team Totals,DET,2024-25,115.5,44.8,26.4,8.0
Tim Hardaway Jr.,DET,2024-25,11.0,2.4,1.6,0.5
Tobias Harris,DET,2024-25,13.7,5.9,2.2,1.0
Tolu Smith,DET,2024-25,14.0,8.0,0.0,0.0
Tosan Evbuomwan,DET,2023-24,7.0,3.5,0.8,0.5
Troy Brown Jr.,DET,2023-24,4.2,3.3,1.1,0.7
Wendell Moore Jr.,DET,2024-25,3.2,2.2,1.2,0.5
Andre Iguodala,GSW,2022-23,2.1,2.1,2.4,0.5
Andrew Wiggins,GSW,2022-23,17.1,5.0,2.3,1.2
Andrew Wiggins,GSW,2023-24,13.2,4.5,1.7,0.6
Andrew Wiggins,GSW,2024-25,17.6,4.6,2.4,0.9
Anthony Lamb,GSW,2022-23,6.7,3.5,1.5,0.5
Brandin Podziemski,GSW,2023-24,9.2,5.8,3.7,0.8
Brandin Podziemski,GSW,2024-25,11.7,5.1,3.4,1.1
Braxton Key,GSW,2024-25,1.0,0.7,0.0,0.7
Buddy Hield,GSW,2024-25,11.1,3.2,1.6,0.8
Chris Paul,GSW,2023-24,9.2,3.9,6.8,1.2
Cory Joseph,GSW,2023-24,2.4,1.2,1.6,0.2
Dario Šarić,GSW,2023-24,8.0,4.4,2.3,0.5
De'Anthony Melton,GSW,2024-25,10.3,3.3,2.8,1.2
Dennis Schröder,GSW,2024-25,10.6,2.3,4.4,1.0
Donte DiVincenzo,GSW,2022-23,9.4,4.5,3.5,1.3
Draymond Green,GSW,2022-23,8.5,7.2,6.8,1.0
Draymond Green,GSW,2023-24,8.6,7.2,6.0,1.0
Draymond Green,GSW,2024-25,9.0,6.1,5.6,1.5
Gary Payton II,GSW,2022-23,5.7,4.3,1.1,0.9
Gary Payton II,GSW,2023-24,5.5,2.6,1.1,0.9
Gary Payton II,GSW,2024-25,6.5,3.0,1.3,0.8
Gui Santos,GSW,2023-24,3.6,2.1,0.6,0.2
Gui Santos,GSW,2024-25,4.1,3.1,1.4,0.4
JaMychal Green,GSW,2022-23,6.4,3.6,0.9,0.4
Jackson Rowe,GSW,2024-25,3.7,1.8,0.7,0.7
James Wiseman,GSW,2022-23,6.9,3.5,0.7,0.1
Jerome Robinson,GSW,2023-24,1.4,0.3,0.2,0.0
Jimmy Butler,GSW,2024-25,17.9,5.5,5.9,1.7
Jonathan Kuminga,GSW,2022-23,9.9,3.4,1.9,0.6
Jonathan Kuminga,GSW,2023-24,16.1,4.8,2.2,0.7
Jonathan Kuminga,GSW,2024-25,15.3,4.6,2.2,0.8
Jordan Poole,GSW,2022-23,20.4,2.7,4.5,0.8
Kevin Knox,GSW,2024-25,3.3,1.2,0.4,0.1
Kevon Looney,GSW,2022-23,7.0,9.3,2.5,0.6
Kevon Looney,GSW,2023-24,4.5,5.7,1.8,0.4
Kevon Looney,GSW,2024-25,4.5,6.1,1.6,0.6
Klay Thompson,GSW,2022-23,21.9,4.1,2.4,0.7
Klay Thompson,GSW,2023-24,17.9,3.3,2.3,0.6
Kyle Anderson,GSW,2024-25,5.3,3.1,2.3,0.7
Lester Quiñones,GSW,2022-23,2.5,0.8,0.5,0.3
Lester Quiñones,GSW,2023-24,4.4,1.9,1.0,0.2
Lindy Waters III,GSW,2024-25,5.5,2.5,1.1,0.6
Moses Moody,GSW,2022-23,4.8,1.7,0.8,0.3
Moses Moody,GSW,2023-24,8.1,3.0,0.9,0.6
Moses Moody,GSW,2024-25,9.8,2.6,1.3,0.8
Pat Spencer,GSW,2023-24,0.7,0.7,0.8,0.0
Pat Spencer,GSW,2024-25,2.5,1.2,1.2,0.4
Patrick Baldwin Jr.,GSW,2022-23,3.9,1.3,0.4,0.2
Quinten Post,GSW,2024-25,8.1,3.5,1.3,0.4
Reece Beekman,GSW,2024-25,1.0,0.5,0.5,0.5
Ryan Rollins,GSW,2022-23,1.9,1.0,0.5,0.1
Stephen Curry,GSW,2022-23,29.4,6.1,6.3,0.9
Stephen Curry,GSW,2023-24,26.4,4.5,5.1,0.7
Stephen Curry,GSW,2024-25,24.5,4.4,6.0,1.1
Team Totals,GSW,2022-23,118.9,44.6,29.8,7.2
Team Totals,GSW,2023-24,117.8,46.7,29.3,7.0
Team Totals,GSW,2024-25,113.8,45.4,29.1,9.4
Trayce Jackson-Davis,GSW,2023-24,7.9,5.0,1.2,0.4
Trayce Jackson-Davis,GSW,2024-25,6.6,5.0,1.7,0.4
Ty Jerome,GSW,2022-23,6.9,1.7,3.0,0.5
Usman Garuba,GSW,2023-24,0.5,1.2,0.2,0.2
Yuri Collins,GSW,2024-25,1.0,1.5,2.0,1.0
Aaron Holiday,HOU,2023-24,6.6,1.6,1.8,0.5
Aaron Holiday,HOU,2024-25,5.5,1.3,1.3,0.3
Alperen Şengün,HOU,2022-23,14.8,9.0,3.9,0.9
Alperen Şengün,HOU,2023-24,21.1,9.3,5.0,1.2
Alperen Şengün,HOU,2024-25,19.1,10.3,4.9,1.1
Amen Thompson,HOU,2023-24,9.5,6.6,2.6,1.3
Amen Thompson,HOU,2024-25,14.1,8.2,3.8,1.4
Boban Marjanović,HOU,2022-23,3.3,1.9,0.3,0.2
Boban Marjanović,HOU,2023-24,3.2,2.3,0.4,0.1
Bruno Fernando,HOU,2022-23,4.1,3.9,1.0,0.2
Cam Whitmore,HOU,2023-24,12.3,3.8,0.7,0.6
Cam Whitmore,HOU,2024-25,9.4,3.0,1.0,0.6
Daishen Nix,HOU,2022-23,4.0,1.7,2.3,0.5
Darius Days,HOU,2022-23,3.8,1.5,0.3,0.0
David Roddy,HOU,2024-25,4.3,1.7,0.7,0.0
Dillon Brooks,HOU,2023-24,12.7,3.4,1.7,0.9
Dillon Brooks,HOU,2024-25,14.0,3.7,1.7,0.8
Eric Gordon,HOU,2022-23,13.1,2.1,2.9,0.6
Frank Kaminsky,HOU,2022-23,1.8,1.6,1.1,0.1
Fred VanVleet,HOU,2023-24,17.4,3.8,8.1,1.4
Fred VanVleet,HOU,2024-25,14.1,3.7,5.6,1.6
Garrison Mathews,HOU,2022-23,4.8,1.4,0.5,0.5
Jabari Smith Jr.,HOU,2022-23,12.8,7.2,1.3,0.5
Jabari Smith Jr.,HOU,2023-24,13.7,8.1,1.6,0.7
Jabari Smith Jr.,HOU,2024-25,12.2,7.0,1.1,0.4
Jack McVeigh,HOU,2024-25,1.6,0.6,0.1,0.0
Jae'Sean Tate,HOU,2022-23,9.1,3.8,2.7,0.7
Jae'Sean Tate,HOU,2023-24,4.1,3.0,1.0,0.6
Jae'Sean Tate,HOU,2024-25,3.6,2.3,0.9,0.5
Jalen Green,HOU,2022-23,22.1,3.7,3.7,0.8
Jalen Green,HOU,2023-24,19.6,5.2,3.5,0.8
Jalen Green,HOU,2024-25,21.0,4.6,3.4,0.9
Jeff Green,HOU,2023-24,6.5,2.3,0.9,0.2
Jeff Green,HOU,2024-25,5.4,1.8,0.6,0.2
Jermaine Samuels,HOU,2023-24,1.4,0.9,0.2,0.1
Jock Landale,HOU,2023-24,4.9,3.1,1.2,0.4
Jock Landale,HOU,2024-25,4.8,3.3,0.9,0.3
Josh Christopher,HOU,2022-23,5.8,1.1,1.1,0.5
KJ Martin,HOU,2022-23,12.7,5.5,1.5,0.5
Kevin Porter Jr.,HOU,2022-23,19.2,5.3,5.7,1.4
N'Faly Dante,HOU,2024-25,6.0,5.3,0.5,0.3
Nate Hinton,HOU,2023-24,2.2,1.5,0.7,0.2
Nate Williams,HOU,2023-24,2.9,1.0,0.3,0.2
Nate Williams,HOU,2024-25,3.3,0.7,0.5,0.4
Reed Sheppard,HOU,2024-25,4.4,1.5,1.4,0.7
Reggie Bullock,HOU,2023-24,2.2,1.7,0.3,0.3
Steven Adams,HOU,2024-25,3.9,5.6,1.1,0.4
Tari Eason,HOU,2022-23,9.3,6.0,1.1,1.2
Tari Eason,HOU,2023-24,9.8,7.0,1.2,1.4
Tari Eason,HOU,2024-25,12.0,6.4,1.5,1.7
Team Totals,HOU,2022-23,110.7,46.3,22.4,7.3
Team Totals,HOU,2023-24,114.3,45.5,24.8,7.8
Team Totals,HOU,2024-25,114.3,48.5,23.3,8.4
Trevor Hudgins,HOU,2022-23,1.8,0.0,0.6,0.0
TyTy Washington Jr.,HOU,2022-23,4.7,1.5,1.5,0.5
Usman Garuba,HOU,2022-23,3.0,4.1,0.9,0.6
Aaron Nesmith,IND,2022-23,10.1,3.8,1.3,0.8
Aaron Nesmith,IND,2023-24,12.2,3.8,1.5,0.9
Aaron Nesmith,IND,2024-25,12.0,4.0,1.2,0.8
Andrew Nembhard,IND,2022-23,9.5,2.7,4.5,0.9
Andrew Nembhard,IND,2023-24,9.2,2.1,4.1,0.9
Andrew Nembhard,IND,2024-25,10.0,3.3,5.0,1.2
Ben Sheppard,IND,2023-24,4.4,1.6,0.9,0.6
Ben Sheppard,IND,2024-25,5.3,2.8,1.3,0.6
Bennedict Mathurin,IND,2022-23,16.7,4.1,1.5,0.6
Bennedict Mathurin,IND,2023-24,14.5,4.0,2.0,0.6
Bennedict Mathurin,IND,2024-25,16.1,5.3,1.9,0.7
Bruce Brown,IND,2023-24,12.1,4.7,3.0,1.1
Buddy Hield,IND,2022-23,16.8,5.0,2.8,1.2
Buddy Hield,IND,2023-24,12.0,3.2,2.7,0.8
Chris Duarte,IND,2022-23,7.9,2.5,1.4,0.5
Daniel Theis,IND,2022-23,7.0,3.1,1.3,0.3
Daniel Theis,IND,2023-24,2.0,0.0,0.0,0.0
Doug McDermott,IND,2023-24,4.2,0.6,0.7,0.3
Enrique Freeman,IND,2024-25,2.1,1.4,0.4,0.1
Gabe York,IND,2022-23,8.0,2.0,1.7,0.7
George Hill,IND,2022-23,5.2,1.6,1.9,0.6
Goga Bitadze,IND,2022-23,3.3,2.3,0.9,0.4
Isaiah Jackson,IND,2022-23,7.2,4.5,0.8,0.5
Isaiah Jackson,IND,2023-24,6.5,4.0,0.8,0.6
Isaiah Jackson,IND,2024-25,7.0,5.6,1.0,0.6
Isaiah Wong,IND,2023-24,2.0,0.0,0.0,0.0
Jahlil Okafor,IND,2024-25,0.0,1.0,1.0,0.0
Jalen Smith,IND,2022-23,9.4,5.8,1.0,0.3
Jalen Smith,IND,2023-24,9.9,5.5,1.0,0.3
James Johnson,IND,2022-23,2.8,1.7,0.8,0.4
James Johnson,IND,2023-24,0.9,0.4,0.9,0.6
James Johnson,IND,2024-25,0.7,0.5,0.3,0.0
James Wiseman,IND,2024-25,6.0,1.0,0.0,0.0
Jarace Walker,IND,2023-24,3.6,1.9,1.2,0.5
Jarace Walker,IND,2024-25,6.1,3.1,1.5,0.7
Johnny Furphy,IND,2024-25,2.1,1.4,0.4,0.4
Jordan Nwora,IND,2022-23,13.0,4.7,2.1,0.5
Jordan Nwora,IND,2023-24,5.2,1.8,1.0,0.3
Kendall Brown,IND,2022-23,1.5,1.0,0.5,0.7
Kendall Brown,IND,2023-24,1.4,0.3,0.3,0.0
Moses Brown,IND,2024-25,3.2,1.4,0.0,0.2
Myles Turner,IND,2022-23,18.0,7.5,1.4,0.6
Myles Turner,IND,2023-24,17.1,6.9,1.3,0.5
Myles Turner,IND,2024-25,15.6,6.5,1.5,0.8
Obi Toppin,IND,2023-24,10.3,3.9,1.6,0.6
Obi Toppin,IND,2024-25,10.5,4.0,1.6,0.6
Oscar Tshiebwe,IND,2023-24,3.3,2.0,0.3,0.3
Oshae Brissett,IND,2022-23,6.1,3.4,0.7,0.5
Pascal Siakam,IND,2023-24,21.3,7.8,3.7,0.8
Pascal Siakam,IND,2024-25,20.2,6.9,3.4,0.9
Quenton Jackson,IND,2023-24,0.7,1.3,0.7,0.3
Quenton Jackson,IND,2024-25,5.8,1.6,1.9,0.8
RayJ Dennis,IND,2024-25,2.7,1.1,1.3,0.6
T.J. McConnell,IND,2022-23,8.7,3.1,5.3,1.1
T.J. McConnell,IND,2023-24,10.2,2.7,5.5,1.0
T.J. McConnell,IND,2024-25,9.1,2.4,4.4,1.1
Team Totals,IND,2022-23,116.3,41.5,27.0,7.7
Team Totals,IND,2023-24,123.3,41.5,30.8,7.7
Team Totals,IND,2024-25,117.4,41.8,29.2,8.5
Terry Taylor,IND,2022-23,2.7,1.5,0.4,0.1
Thomas Bryant,IND,2024-25,6.9,3.9,0.9,0.5
Tony Bradley,IND,2024-25,4.4,3.0,0.4,0.1
Trevelin Queen,IND,2022-23,3.0,2.4,0.9,0.3
Tristen Newton,IND,2024-25,0.6,0.0,0.2,0.0
Tyrese Haliburton,IND,2022-23,20.7,3.7,10.4,1.6
Tyrese Haliburton,IND,2023-24,20.1,3.9,10.9,1.2
Tyrese Haliburton,IND,2024-25,18.6,3.5,9.2,1.4
Amir Coffey,LAC,2022-23,3.4,1.1,1.1,0.1
Amir Coffey,LAC,2023-24,6.6,2.1,1.1,0.6
Amir Coffey,LAC,2024-25,9.7,2.2,1.1,0.6
Ben Simmons,LAC,2024-25,2.9,3.8,3.1,0.7
Bogdan Bogdanović,LAC,2024-25,11.4,3.1,3.2,0.7
Bones Hyland,LAC,2022-23,10.8,3.5,3.4,0.8
Bones Hyland,LAC,2023-24,6.9,1.5,2.5,0.7
Bones Hyland,LAC,2024-25,7.2,1.2,1.4,0.9
Brandon Boston Jr.,LAC,2022-23,6.5,1.4,0.9,0.4
Brandon Boston Jr.,LAC,2023-24,5.2,1.6,0.4,0.3
Cam Christie,LAC,2024-25,1.4,0.9,0.5,0.4
Daniel Theis,LAC,2023-24,6.3,4.1,1.0,0.4
Derrick Jones Jr.,LAC,2024-25,10.1,3.4,0.8,1.0
Drew Eubanks,LAC,2024-25,2.7,2.4,0.4,0.1
Eric Gordon,LAC,2022-23,11.0,1.7,2.1,0.6
Ivica Zubac,LAC,2022-23,10.8,9.9,1.0,0.4
Ivica Zubac,LAC,2023-24,11.7,9.2,1.4,0.3
Ivica Zubac,LAC,2024-25,16.8,12.6,2.7,0.7
James Harden,LAC,2023-24,16.6,5.1,8.5,1.1
James Harden,LAC,2024-25,22.8,5.8,8.7,1.5
Jason Preston,LAC,2022-23,2.9,1.6,1.9,0.1
John Wall,LAC,2022-23,11.4,2.7,5.2,0.8
Jordan Miller,LAC,2023-24,1.6,0.6,0.0,0.0
Jordan Miller,LAC,2024-25,4.1,1.6,0.9,0.5
Joshua Primo,LAC,2023-24,1.0,0.5,0.0,0.0
KJ Martin,LAC,2023-24,5.0,1.5,0.5,1.0
Kai Jones,LAC,2024-25,2.2,1.6,0.4,0.2
Kawhi Leonard,LAC,2022-23,23.8,6.5,3.9,1.4
Kawhi Leonard,LAC,2023-24,23.7,6.1,3.6,1.6
Kawhi Leonard,LAC,2024-25,21.5,5.9,3.1,1.6
Kevin Porter Jr.,LAC,2024-25,9.3,3.6,3.2,1.0
Kobe Brown,LAC,2023-24,2.0,1.4,0.6,0.3
Kobe Brown,LAC,2024-25,1.9,1.6,0.6,0.2
Kris Dunn,LAC,2024-25,6.4,3.4,2.8,1.7
Luke Kennard,LAC,2022-23,7.8,2.4,1.1,0.5
MarJon Beauchamp,LAC,2024-25,4.0,1.0,0.7,0.0
Marcus Morris,LAC,2022-23,11.2,4.0,1.8,0.6
Mason Plumlee,LAC,2022-23,7.5,6.9,1.7,0.5
Mason Plumlee,LAC,2023-24,5.3,5.1,1.2,0.3
Mo Bamba,LAC,2024-25,4.6,4.3,0.6,0.3
Moses Brown,LAC,2022-23,4.6,4.1,0.1,0.1
Moussa Diabaté,LAC,2022-23,2.7,2.3,0.2,0.3
Moussa Diabaté,LAC,2023-24,2.6,2.2,0.4,0.5
Nicolas Batum,LAC,2022-23,6.1,3.8,1.6,0.7
Nicolas Batum,LAC,2023-24,2.7,2.3,1.7,1.0
Nicolas Batum,LAC,2024-25,4.0,2.8,1.1,0.7
Norman Powell,LAC,2022-23,17.0,2.9,1.8,0.8
Norman Powell,LAC,2023-24,13.9,2.6,1.1,0.6
Norman Powell,LAC,2024-25,21.8,3.2,2.1,1.2
P.J. Tucker,LAC,2023-24,1.6,2.5,0.6,0.5
Patrick Baldwin Jr.,LAC,2024-25,3.0,1.5,0.5,0.0
Patty Mills,LAC,2024-25,3.1,0.1,0.4,0.1
Paul George,LAC,2022-23,23.8,6.1,5.1,1.5
Paul George,LAC,2023-24,22.6,5.2,3.5,1.5
Reggie Jackson,LAC,2022-23,10.9,2.2,3.5,0.7
Robert Covington,LAC,2022-23,6.0,3.5,1.2,0.8
Robert Covington,LAC,2023-24,3.0,2.7,2.3,2.0
Russell Westbrook,LAC,2022-23,15.8,4.9,7.6,1.1
Russell Westbrook,LAC,2023-24,11.1,5.0,4.5,1.1
Team Totals,LAC,2022-23,113.6,43.2,23.9,7.1
Team Totals,LAC,2023-24,115.6,43.0,25.6,7.8
Team Totals,LAC,2024-25,112.9,43.8,25.2,9.4
Terance Mann,LAC,2022-23,8.8,3.4,2.3,0.5
Terance Mann,LAC,2023-24,8.8,3.4,1.6,0.6
Terance Mann,LAC,2024-25,6.0,2.9,1.6,0.8
Trentyn Flowers,LAC,2024-25,1.8,0.7,0.0,0.0
Xavier Moon,LAC,2022-23,1.8,0.8,1.3,0.0
Xavier Moon,LAC,2023-24,2.4,1.3,1.5,0.2
Alex Fudge,LAL,2023-24,1.0,0.5,0.0,0.0
Alex Len,LAL,2024-25,2.2,3.1,0.8,0.1
Anthony Davis,LAL,2022-23,25.9,12.5,2.6,1.1
Anthony Davis,LAL,2023-24,24.7,12.6,3.5,1.2
Anthony Davis,LAL,2024-25,25.7,11.9,3.4,1.3
Armel Traoré,LAL,2024-25,1.6,1.7,0.1,0.4
Austin Reaves,LAL,2022-23,13.0,3.0,3.4,0.5
Austin Reaves,LAL,2023-24,15.9,4.3,5.5,0.8
Austin Reaves,LAL,2024-25,20.2,4.5,5.8,1.1
Bronny James,LAL,2024-25,2.3,0.7,0.8,0.3
Cam Reddish,LAL,2023-24,5.4,2.1,1.0,1.0
Cam Reddish,LAL,2024-25,3.2,2.0,0.7,1.0
Christian Koloko,LAL,2024-25,2.4,2.5,0.4,0.2
Christian Wood,LAL,2023-24,6.9,5.1,1.0,0.3
Cole Swider,LAL,2022-23,1.3,1.0,0.6,0.0
Colin Castleton,LAL,2023-24,1.5,0.8,0.2,0.1
D'Angelo Russell,LAL,2022-23,17.4,2.9,6.1,0.6
D'Angelo Russell,LAL,2023-24,18.0,3.1,6.3,0.9
D'Angelo Russell,LAL,2024-25,12.4,2.8,4.7,0.8
D'Moi Hodge,LAL,2023-24,2.0,0.0,0.7,0.1
Dalton Knecht,LAL,2024-25,9.1,2.8,0.8,0.3
Damian Jones,LAL,2022-23,2.5,2.5,0.2,0.1
Davon Reed,LAL,2022-23,1.0,0.5,0.5,0.3
Dennis Schröder,LAL,2022-23,12.6,2.5,4.5,0.8
Dorian Finney-Smith,LAL,2024-25,7.9,3.6,1.4,0.9
Dylan Windler,LAL,2023-24,1.5,0.4,0.8,0.0
Gabe Vincent,LAL,2023-24,3.1,0.8,1.9,0.8
Gabe Vincent,LAL,2024-25,6.4,1.3,1.4,0.7
Harry Giles,LAL,2023-24,0.3,0.6,0.0,0.1
Jalen Hood-Schifino,LAL,2023-24,1.6,0.6,0.4,0.1
Jalen Hood-Schifino,LAL,2024-25,2.0,0.5,0.5,0.0
Jarred Vanderbilt,LAL,2022-23,7.2,6.7,1.6,1.2
Jarred Vanderbilt,LAL,2023-24,5.2,4.8,1.2,1.2
Jarred Vanderbilt,LAL,2024-25,4.1,5.1,1.1,1.0
Jaxson Hayes,LAL,2023-24,4.3,3.0,0.5,0.5
Jaxson Hayes,LAL,2024-25,6.8,4.8,1.0,0.6
Jordan Goodwin,LAL,2024-25,5.6,3.9,1.4,1.0
Juan Toscano-Anderson,LAL,2022-23,2.7,2.0,0.8,0.3
Kendrick Nunn,LAL,2022-23,6.7,1.4,0.9,0.3
LeBron James,LAL,2022-23,28.9,8.3,6.8,0.9
LeBron James,LAL,2023-24,25.7,7.3,8.3,1.3
LeBron James,LAL,2024-25,24.4,7.8,8.2,1.0
Lonnie Walker IV,LAL,2022-23,11.7,1.9,1.1,0.5
Luka Dončić,LAL,2024-25,28.2,8.1,7.5,1.6
Malik Beasley,LAL,2022-23,11.1,3.3,1.2,0.8
Markieff Morris,LAL,2024-25,5.5,1.9,2.1,0.1
Matt Ryan,LAL,2022-23,3.9,1.2,0.3,0.2
Max Christie,LAL,2022-23,3.1,1.8,0.5,0.2
Max Christie,LAL,2023-24,4.2,2.1,0.9,0.3
Max Christie,LAL,2024-25,8.5,2.7,1.4,0.8
Maxwell Lewis,LAL,2023-24,0.3,0.1,0.2,0.1
Maxwell Lewis,LAL,2024-25,0.6,0.3,0.3,0.1
Mo Bamba,LAL,2022-23,3.7,4.6,0.4,0.1
Patrick Beverley,LAL,2022-23,6.4,3.1,2.6,0.9
Quincy Olivari,LAL,2024-25,1.5,0.0,0.5,0.0
Rui Hachimura,LAL,2022-23,9.6,4.7,0.7,0.2
Rui Hachimura,LAL,2023-24,13.6,4.3,1.2,0.6
Rui Hachimura,LAL,2024-25,13.1,5.0,1.4,0.8
Russell Westbrook,LAL,2022-23,15.9,6.2,7.5,1.0
Scotty Pippen Jr.,LAL,2022-23,2.3,0.7,0.3,0.3
Shake Milton,LAL,2024-25,3.9,1.8,1.3,0.3
Skylar Mays,LAL,2023-24,1.3,0.4,0.6,0.4
Spencer Dinwiddie,LAL,2023-24,6.8,1.7,2.4,0.5
Sterling Brown,LAL,2022-23,0.0,2.0,0.5,0.8
Taurean Prince,LAL,2023-24,8.9,2.9,1.5,0.7
Team Totals,LAL,2022-23,117.2,45.7,25.3,6.4
Team Totals,LAL,2023-24,118.0,43.1,28.5,7.4
Team Totals,LAL,2024-25,113.4,42.4,26.0,7.7
Thomas Bryant,LAL,2022-23,12.1,6.8,0.7,0.3
Trey Jemison,LAL,2024-25,2.6,2.8,0.3,0.1
Troy Brown Jr.,LAL,2022-23,7.1,4.1,1.3,0.8
Wenyen Gabriel,LAL,2022-23,5.5,4.2,0.5,0.4
Bismack Biyombo,MEM,2023-24,5.2,6.4,1.7,0.3
Brandon Clarke,MEM,2022-23,10.0,5.5,1.3,0.6
Brandon Clarke,MEM,2023-24,11.3,5.3,1.5,0.8
Brandon Clarke,MEM,2024-25,8.3,5.1,1.0,0.8
Cam Spencer,MEM,2024-25,4.2,1.2,1.4,0.4
Colin Castleton,MEM,2024-25,1.4,0.9,0.0,0.1
Danny Green,MEM,2022-23,3.0,1.3,0.7,0.3
David Roddy,MEM,2022-23,6.7,2.8,0.8,0.4
David Roddy,MEM,2023-24,8.4,4.2,1.6,0.5
DeJon Jarreau,MEM,2023-24,4.8,4.9,2.9,0.7
Derrick Rose,MEM,2023-24,8.0,1.9,3.3,0.3
Desmond Bane,MEM,2022-23,21.5,5.0,4.4,1.0
Desmond Bane,MEM,2023-24,23.7,4.4,5.5,1.0
Desmond Bane,MEM,2024-25,19.2,6.1,5.3,1.2
Dillon Brooks,MEM,2022-23,14.3,3.3,2.6,0.9
GG Jackson II,MEM,2023-24,14.6,4.1,1.2,0.6
GG Jackson II,MEM,2024-25,7.2,3.2,1.0,0.4
Ja Morant,MEM,2022-23,26.2,5.9,8.1,1.1
Ja Morant,MEM,2023-24,25.1,5.6,8.1,0.8
Ja Morant,MEM,2024-25,23.2,4.1,7.3,1.2
Jack White,MEM,2023-24,1.5,3.0,0.3,1.0
Jacob Gilyard,MEM,2022-23,3.0,4.0,7.0,3.0
Jacob Gilyard,MEM,2023-24,4.7,1.2,3.5,0.7
Jake LaRavia,MEM,2022-23,3.0,1.8,0.6,0.3
Jake LaRavia,MEM,2023-24,10.8,3.7,1.7,0.8
Jake LaRavia,MEM,2024-25,7.3,4.4,2.8,0.9
Jaren Jackson Jr.,MEM,2022-23,18.6,6.8,1.0,1.0
Jaren Jackson Jr.,MEM,2023-24,22.5,5.5,2.3,1.2
Jaren Jackson Jr.,MEM,2024-25,22.2,5.6,2.0,1.2
Jay Huff,MEM,2024-25,6.9,2.0,0.6,0.3
Jaylen Nowell,MEM,2023-24,5.7,1.6,1.8,0.3
Jaylen Wells,MEM,2024-25,10.4,3.4,1.7,0.6
John Konchar,MEM,2022-23,5.1,4.3,1.4,1.1
John Konchar,MEM,2023-24,4.3,4.7,2.0,0.9
John Konchar,MEM,2024-25,2.4,3.3,0.9,0.7
Jordan Goodwin,MEM,2023-24,10.0,8.0,4.5,1.5
Kennedy Chandler,MEM,2022-23,2.2,1.1,1.6,0.3
Kenneth Lofton Jr.,MEM,2022-23,5.0,2.1,0.8,0.2
Kenneth Lofton Jr.,MEM,2023-24,2.6,1.0,0.9,0.2
Lamar Stevens,MEM,2023-24,11.5,5.1,1.1,0.9
Lamar Stevens,MEM,2024-25,4.4,2.2,0.5,0.3
Luke Kennard,MEM,2022-23,11.3,3.1,2.3,0.5
Luke Kennard,MEM,2023-24,11.0,2.9,3.5,0.5
Luke Kennard,MEM,2024-25,8.9,2.8,3.3,0.8
Marcus Smart,MEM,2023-24,14.5,2.7,4.3,2.1
Marcus Smart,MEM,2024-25,8.7,2.3,3.7,1.2
Marvin Bagley III,MEM,2024-25,3.6,2.3,0.3,0.2
Matthew Hurt,MEM,2023-24,4.0,2.0,0.5,0.4
Mãozinha Pereira,MEM,2023-24,6.9,5.3,0.3,0.9
Santi Aldama,MEM,2022-23,9.0,4.8,1.3,0.6
Santi Aldama,MEM,2023-24,10.7,5.8,2.3,0.7
Santi Aldama,MEM,2024-25,12.5,6.4,2.9,0.8
Scotty Pippen Jr.,MEM,2023-24,12.9,3.2,4.7,1.7
Scotty Pippen Jr.,MEM,2024-25,9.9,3.3,4.4,1.3
Shaquille Harrison,MEM,2023-24,0.7,0.7,0.0,0.0
Steven Adams,MEM,2022-23,8.6,11.5,2.3,0.9
Team Totals,MEM,2022-23,116.9,46.6,26.0,8.3
Team Totals,MEM,2023-24,105.8,42.6,24.7,8.2
Team Totals,MEM,2024-25,121.7,47.3,28.4,8.9
Timmy Allen,MEM,2023-24,2.6,3.4,1.0,0.8
Tosan Evbuomwan,MEM,2023-24,2.5,3.5,1.5,0.0
Trey Jemison,MEM,2023-24,7.4,5.8,1.2,0.5
Tyus Jones,MEM,2022-23,10.3,2.5,5.2,1.0
Vince Williams Jr.,MEM,2022-23,2.0,1.0,0.3,0.4
Vince Williams Jr.,MEM,2023-24,10.0,5.6,3.4,0.9
Vince Williams Jr.,MEM,2024-25,6.6,3.6,2.0,0.4
Wenyen Gabriel,MEM,2023-24,3.4,5.0,0.6,0.4
Xavier Tillman Sr.,MEM,2022-23,7.0,5.0,1.6,1.0
Xavier Tillman Sr.,MEM,2023-24,6.0,4.6,1.7,1.2
Yuki Kawamura,MEM,2024-25,1.6,0.5,0.9,0.1
Yuta Watanabe,MEM,2023-24,2.6,1.8,1.0,0.6
Zach Edey,MEM,2024-25,9.2,8.3,1.0,0.5
Zavier Simpson,MEM,2023-24,6.0,2.9,3.6,1.0
Ziaire Williams,MEM,2022-23,5.7,2.1,0.9,0.4
Ziaire Williams,MEM,2023-24,8.2,3.5,1.5,0.7
Zyon Pullin,MEM,2024-25,0.0,0.0,0.0,0.0
Alec Burks,MIA,2024-25,7.3,2.5,1.1,0.6
Alondes Williams,MIA,2023-24,0.7,0.1,0.0,0.0
Andrew Wiggins,MIA,2024-25,19.0,4.2,3.3,1.2
Bam Adebayo,MIA,2022-23,20.4,9.2,3.2,1.2
Bam Adebayo,MIA,2023-24,19.3,10.4,3.9,1.1
Bam Adebayo,MIA,2024-25,18.1,9.6,4.3,1.3
Caleb Martin,MIA,2022-23,9.6,4.8,1.6,1.0
Caleb Martin,MIA,2023-24,10.0,4.4,2.2,0.7
Cody Zeller,MIA,2022-23,6.5,4.3,0.7,0.2
Cole Swider,MIA,2023-24,2.3,0.4,0.3,0.1
Davion Mitchell,MIA,2024-25,10.3,2.7,5.3,1.4
Delon Wright,MIA,2023-24,5.4,1.9,2.6,1.4
Dewayne Dedmon,MIA,2022-23,5.7,3.6,0.5,0.2
Dru Smith,MIA,2022-23,2.2,1.8,1.0,0.8
Dru Smith,MIA,2023-24,4.3,1.6,1.6,1.0
Dru Smith,MIA,2024-25,6.2,2.6,1.6,1.5
Duncan Robinson,MIA,2022-23,6.4,1.6,1.1,0.3
Duncan Robinson,MIA,2023-24,12.9,2.5,2.8,0.7
Duncan Robinson,MIA,2024-25,11.0,2.3,2.4,0.5
Gabe Vincent,MIA,2022-23,9.4,2.1,2.5,0.9
Haywood Highsmith,MIA,2022-23,4.4,3.5,0.8,0.7
Haywood Highsmith,MIA,2023-24,6.1,3.2,1.1,0.8
Haywood Highsmith,MIA,2024-25,6.5,3.4,1.5,0.9
Isaiah Stevens,MIA,2024-25,0.0,0.7,0.0,0.3
Jaime Jaquez Jr.,MIA,2023-24,11.9,3.8,2.6,1.0
Jaime Jaquez Jr.,MIA,2024-25,8.6,4.4,2.5,0.9
Jamal Cain,MIA,2022-23,5.4,2.9,0.7,0.6
Jamal Cain,MIA,2023-24,3.7,1.4,0.4,0.4
Jamaree Bouyea,MIA,2022-23,3.8,1.3,1.0,1.0
Jimmy Butler,MIA,2022-23,22.9,5.9,5.3,1.8
Jimmy Butler,MIA,2023-24,20.8,5.3,5.0,1.3
Jimmy Butler,MIA,2024-25,17.0,5.2,4.8,1.1
Josh Christopher,MIA,2024-25,2.0,0.6,0.6,0.4
Josh Richardson,MIA,2023-24,9.9,2.8,2.4,0.6
Josh Richardson,MIA,2024-25,4.0,1.5,1.5,1.0
Kel'el Ware,MIA,2024-25,9.3,7.4,0.9,0.6
Keshad Johnson,MIA,2024-25,2.7,1.8,0.3,0.3
Kevin Love,MIA,2022-23,7.7,5.7,1.9,0.4
Kevin Love,MIA,2023-24,8.8,6.1,2.1,0.3
Kevin Love,MIA,2024-25,5.3,4.1,1.0,0.7
Kyle Anderson,MIA,2024-25,6.7,3.8,2.6,0.6
Kyle Lowry,MIA,2022-23,11.2,4.1,5.1,1.0
Kyle Lowry,MIA,2023-24,8.2,3.5,4.0,1.1
Max Strus,MIA,2022-23,11.5,3.2,2.1,0.5
Nikola Jović,MIA,2022-23,5.5,2.1,0.7,0.5
Nikola Jović,MIA,2023-24,7.7,4.2,2.0,0.5
Nikola Jović,MIA,2024-25,10.7,3.9,2.8,0.8
Omer Yurtseven,MIA,2022-23,4.4,2.6,0.2,0.2
Orlando Robinson,MIA,2022-23,3.7,4.1,0.8,0.4
Orlando Robinson,MIA,2023-24,2.8,2.3,0.9,0.2
Patty Mills,MIA,2023-24,5.8,1.2,1.5,0.8
Pelle Larsson,MIA,2024-25,4.6,1.7,1.2,0.6
R.J. Hampton,MIA,2023-24,1.3,0.8,1.0,0.0
Team Totals,MIA,2022-23,109.5,40.6,23.8,8.0
Team Totals,MIA,2023-24,110.1,42.3,25.8,7.5
Team Totals,MIA,2024-25,110.6,43.4,26.4,8.1
Terry Rozier,MIA,2023-24,16.4,4.2,4.6,1.0
Terry Rozier,MIA,2024-25,10.6,3.7,2.6,0.6
Thomas Bryant,MIA,2023-24,5.7,3.7,0.6,0.3
Thomas Bryant,MIA,2024-25,4.1,3.2,0.4,0.1
Tyler Herro,MIA,2022-23,20.1,5.4,4.2,0.8
Tyler Herro,MIA,2023-24,20.8,5.3,4.5,0.7
Tyler Herro,MIA,2024-25,23.9,5.2,5.5,0.9
Udonis Haslem,MIA,2022-23,3.9,1.6,0.0,0.1
Victor Oladipo,MIA,2022-23,10.7,3.0,3.5,1.4
A.J. Green,MIL,2022-23,4.4,1.3,0.6,0.2
A.J. Green,MIL,2023-24,4.5,1.1,0.5,0.2
A.J. Green,MIL,2024-25,7.4,2.4,1.5,0.5
AJ Johnson,MIL,2024-25,2.9,1.0,1.0,0.1
Andre Jackson Jr.,MIL,2023-24,2.2,2.0,0.9,0.3
Andre Jackson Jr.,MIL,2024-25,3.4,2.7,1.2,0.5
Bobby Portis,MIL,2022-23,14.1,9.6,1.5,0.4
Bobby Portis,MIL,2023-24,13.8,7.4,1.3,0.8
Bobby Portis,MIL,2024-25,13.9,8.4,2.1,0.7
Brook Lopez,MIL,2022-23,15.9,6.7,1.3,0.5
Brook Lopez,MIL,2023-24,12.5,5.2,1.6,0.5
Brook Lopez,MIL,2024-25,13.0,5.0,1.8,0.6
Cameron Payne,MIL,2023-24,6.2,1.3,2.3,0.5
Chris Livingston,MIL,2023-24,1.2,1.0,0.2,0.1
Chris Livingston,MIL,2024-25,1.4,1.7,0.2,0.2
Damian Lillard,MIL,2023-24,24.3,4.4,7.0,1.0
Damian Lillard,MIL,2024-25,24.9,4.7,7.1,1.2
Danilo Gallinari,MIL,2023-24,2.8,1.1,0.7,0.4
Delon Wright,MIL,2024-25,2.5,1.8,1.8,0.9
Gary Trent Jr.,MIL,2024-25,11.1,2.3,1.2,1.0
George Hill,MIL,2022-23,5.0,1.9,2.5,0.5
Giannis Antetokounmpo,MIL,2022-23,31.1,11.8,5.7,0.8
Giannis Antetokounmpo,MIL,2023-24,30.4,11.5,6.5,1.2
Giannis Antetokounmpo,MIL,2024-25,30.4,11.9,6.5,0.9
Goran Dragić,MIL,2022-23,5.6,1.7,1.7,0.3
Grayson Allen,MIL,2022-23,10.4,3.3,2.3,0.9
Jae Crowder,MIL,2022-23,6.9,3.8,1.5,0.7
Jae Crowder,MIL,2023-24,6.2,3.2,1.3,0.8
Jamaree Bouyea,MIL,2024-25,3.4,1.0,2.0,0.8
Jericho Sims,MIL,2024-25,2.4,4.9,0.8,0.1
Jevon Carter,MIL,2022-23,8.0,2.5,2.4,0.8
Joe Ingles,MIL,2022-23,6.9,2.8,3.3,0.7
Jordan Nwora,MIL,2022-23,6.0,3.1,1.0,0.3
Jrue Holiday,MIL,2022-23,19.3,5.1,7.4,1.2
Kevin Porter Jr.,MIL,2024-25,11.7,3.9,3.7,1.3
Khris Middleton,MIL,2022-23,15.1,4.2,4.9,0.7
Khris Middleton,MIL,2023-24,15.1,4.7,5.3,0.9
Khris Middleton,MIL,2024-25,12.6,3.7,4.4,0.7
Kyle Kuzma,MIL,2024-25,14.5,5.6,2.2,0.5
Liam Robbins,MIL,2024-25,0.7,0.9,0.2,0.2
Lindell Wigginton,MIL,2022-23,7.1,1.0,2.0,0.0
Lindell Wigginton,MIL,2023-24,2.0,0.0,0.0,0.0
Malik Beasley,MIL,2023-24,11.3,3.7,1.4,0.7
MarJon Beauchamp,MIL,2022-23,5.1,2.2,0.7,0.4
MarJon Beauchamp,MIL,2023-24,4.4,2.1,0.6,0.3
MarJon Beauchamp,MIL,2024-25,2.0,1.2,0.3,0.1
Marques Bolden,MIL,2023-24,0.0,1.0,0.0,0.0
Meyers Leonard,MIL,2022-23,4.8,3.8,0.1,0.2
Pat Connaughton,MIL,2022-23,7.6,4.6,1.3,0.6
Pat Connaughton,MIL,2023-24,5.6,3.1,2.1,0.5
Pat Connaughton,MIL,2024-25,5.3,2.7,1.7,0.2
Patrick Beverley,MIL,2023-24,6.0,3.6,2.6,0.7
Pete Nance,MIL,2024-25,3.8,1.8,1.2,0.2
Robin Lopez,MIL,2023-24,1.1,0.3,0.3,0.1
Ryan Rollins,MIL,2023-24,1.0,0.7,1.0,0.7
Ryan Rollins,MIL,2024-25,6.2,1.9,1.9,0.8
Sandro Mamukelashvili,MIL,2022-23,2.4,2.3,0.7,0.2
Serge Ibaka,MIL,2022-23,4.1,2.8,0.3,0.1
Stanley Umude,MIL,2024-25,0.7,0.8,0.2,0.1
Taurean Prince,MIL,2024-25,8.2,3.6,1.9,1.0
Team Totals,MIL,2022-23,116.9,48.6,25.8,6.4
Team Totals,MIL,2023-24,119.0,44.2,26.5,6.8
Team Totals,MIL,2024-25,115.5,43.4,25.5,7.3
Thanasis Antetokounmpo,MIL,2022-23,1.4,1.2,0.4,0.1
Thanasis Antetokounmpo,MIL,2023-24,0.9,0.4,0.5,0.2
TyTy Washington Jr.,MIL,2023-24,1.3,0.5,0.5,0.3
Tyler Smith,MIL,2024-25,2.9,1.1,0.2,0.1
Wesley Matthews,MIL,2022-23,3.4,2.2,0.7,0.4
A.J. Lawson,MIN,2022-23,2.0,1.0,0.0,0.0
Anthony Edwards,MIN,2022-23,24.6,5.8,4.4,1.6
Anthony Edwards,MIN,2023-24,25.9,5.4,5.1,1.3
Anthony Edwards,MIN,2024-25,27.6,5.7,4.5,1.2
Austin Rivers,MIN,2022-23,4.9,1.6,1.4,0.5
Bones Hyland,MIN,2024-25,1.3,0.3,1.0,0.0
Bryn Forbes,MIN,2022-23,3.6,0.6,0.7,0.3
D'Angelo Russell,MIN,2022-23,17.9,3.1,6.2,1.1
Daishen Nix,MIN,2023-24,1.8,0.2,0.4,0.3
Daishen Nix,MIN,2024-25,0.3,1.3,1.0,0.0
Donte DiVincenzo,MIN,2024-25,11.7,3.7,3.6,1.2
Jaden McDaniels,MIN,2022-23,12.1,3.9,1.9,0.9
Jaden McDaniels,MIN,2023-24,10.5,3.1,1.4,0.9
Jaden McDaniels,MIN,2024-25,12.2,5.7,2.0,1.3
Jaylen Clark,MIN,2024-25,4.1,1.3,0.7,0.9
Jaylen Nowell,MIN,2022-23,10.8,2.6,2.0,0.6
Jesse Edwards,MIN,2024-25,0.0,0.0,0.5,0.0
Joe Ingles,MIN,2024-25,0.8,0.6,1.2,0.1
Jordan McLaughlin,MIN,2022-23,3.7,1.4,3.4,0.7
Jordan McLaughlin,MIN,2023-24,3.5,1.3,2.0,0.6
Josh Minott,MIN,2022-23,3.1,1.7,0.3,0.3
Josh Minott,MIN,2023-24,1.6,0.5,0.3,0.2
Josh Minott,MIN,2024-25,2.6,1.0,0.4,0.3
Julius Randle,MIN,2024-25,18.7,7.1,4.7,0.7
Justin Jackson,MIN,2023-24,0.0,0.0,0.0,0.0
Karl-Anthony Towns,MIN,2022-23,20.8,8.1,4.8,0.7
Karl-Anthony Towns,MIN,2023-24,21.8,8.3,3.0,0.7
Kyle Anderson,MIN,2022-23,9.4,5.3,4.9,1.1
Kyle Anderson,MIN,2023-24,6.4,3.5,4.2,0.9
Leonard Miller,MIN,2023-24,1.7,1.2,0.5,0.1
Leonard Miller,MIN,2024-25,1.5,0.8,0.0,0.2
Luka Garza,MIN,2022-23,6.5,2.3,0.6,0.1
Luka Garza,MIN,2023-24,4.0,1.2,0.2,0.2
Luka Garza,MIN,2024-25,3.5,1.4,0.3,0.2
Matt Ryan,MIN,2022-23,3.4,0.5,0.5,0.1
Mike Conley,MIN,2022-23,14.0,3.1,5.0,1.2
Mike Conley,MIN,2023-24,11.4,2.9,5.9,1.2
Mike Conley,MIN,2024-25,8.2,2.6,4.5,1.1
Monte Morris,MIN,2023-24,5.1,1.7,2.3,0.7
Nathan Knight,MIN,2022-23,3.7,1.5,0.3,0.3
Naz Reid,MIN,2022-23,11.5,4.9,1.1,0.6
Naz Reid,MIN,2023-24,13.5,5.2,1.3,0.8
Naz Reid,MIN,2024-25,14.2,6.0,2.3,0.7
Nickeil Alexander-Walker,MIN,2022-23,5.9,1.8,1.4,0.3
Nickeil Alexander-Walker,MIN,2023-24,8.0,2.0,2.5,0.8
Nickeil Alexander-Walker,MIN,2024-25,9.4,3.2,2.7,0.6
PJ Dozier,MIN,2024-25,0.8,0.6,0.6,0.1
Rob Dillingham,MIN,2024-25,4.5,1.0,2.0,0.4
Rudy Gobert,MIN,2022-23,13.4,11.6,1.2,0.8
Rudy Gobert,MIN,2023-24,14.0,12.9,1.3,0.7
Rudy Gobert,MIN,2024-25,12.0,10.9,1.8,0.8
Shake Milton,MIN,2023-24,4.7,1.3,1.3,0.4
T.J. Warren,MIN,2023-24,3.7,2.0,0.8,0.4
Taurean Prince,MIN,2022-23,9.1,2.4,1.6,0.5
Team Totals,MIN,2022-23,115.8,41.9,26.2,8.0
Team Totals,MIN,2023-24,113.0,43.6,26.6,7.9
Team Totals,MIN,2024-25,114.3,44.3,26.1,8.0
Terrence Shannon Jr.,MIN,2024-25,4.3,1.5,1.0,0.2
Tristen Newton,MIN,2024-25,0.0,1.3,0.3,0.3
Troy Brown Jr.,MIN,2023-24,4.2,1.9,0.9,0.2
Wendell Moore Jr.,MIN,2022-23,1.4,0.6,0.6,0.3
Wendell Moore Jr.,MIN,2023-24,0.7,0.5,0.2,0.2
Antonio Reeves,NOP,2024-25,6.9,1.4,0.9,0.5
Brandon Boston Jr.,NOP,2024-25,10.7,3.2,2.2,1.3
Brandon Ingram,NOP,2022-23,24.7,5.5,5.8,0.7
Brandon Ingram,NOP,2023-24,20.8,5.1,5.7,0.8
Brandon Ingram,NOP,2024-25,22.2,5.6,5.2,0.9
Bruce Brown,NOP,2024-25,8.2,4.2,2.4,0.7
CJ McCollum,NOP,2022-23,20.9,4.4,5.7,0.9
CJ McCollum,NOP,2023-24,20.0,4.3,4.6,0.9
CJ McCollum,NOP,2024-25,21.1,3.8,4.1,0.8
Cody Zeller,NOP,2023-24,1.8,2.6,0.9,0.2
Daniel Theis,NOP,2024-25,4.3,4.3,1.6,0.5
Dejounte Murray,NOP,2024-25,17.5,6.5,7.4,2.0
Dereon Seabron,NOP,2022-23,0.8,0.2,0.0,0.0
Dereon Seabron,NOP,2023-24,2.3,1.2,0.8,0.3
Devonte' Graham,NOP,2022-23,5.3,1.4,2.2,0.6
Dyson Daniels,NOP,2022-23,3.8,3.2,2.3,0.7
Dyson Daniels,NOP,2023-24,5.8,3.9,2.7,1.4
E.J. Liddell,NOP,2023-24,0.5,0.6,0.1,0.3
Elfrid Payton,NOP,2024-25,4.4,3.7,8.1,1.0
Garrett Temple,NOP,2022-23,2.0,0.7,0.5,0.4
Herbert Jones,NOP,2022-23,9.8,4.1,2.5,1.6
Herbert Jones,NOP,2023-24,11.0,3.6,2.6,1.4
Herbert Jones,NOP,2024-25,10.3,3.9,3.3,1.9
Izaiah Brockington,NOP,2023-24,4.0,2.0,0.0,0.0
Jalen Crutcher,NOP,2023-24,0.0,0.0,0.0,0.0
Jamal Cain,NOP,2024-25,5.3,2.3,0.6,0.6
Javonte Green,NOP,2024-25,5.8,3.6,0.9,1.1
Jaxson Hayes,NOP,2022-23,5.0,2.8,0.7,0.4
Jaylen Nowell,NOP,2024-25,8.4,2.5,2.3,0.1
Jeremiah Robinson-Earl,NOP,2023-24,2.9,1.9,0.5,0.3
Jeremiah Robinson-Earl,NOP,2024-25,6.3,4.8,1.3,0.6
Jonas Valančiūnas,NOP,2022-23,14.1,10.2,1.8,0.3
Jonas Valančiūnas,NOP,2023-24,12.2,8.8,2.1,0.4
Jordan Hawkins,NOP,2023-24,7.8,2.2,1.0,0.3
Jordan Hawkins,NOP,2024-25,10.8,2.8,1.2,0.5
Jose Alvarado,NOP,2022-23,9.0,2.3,3.0,1.1
Jose Alvarado,NOP,2023-24,7.1,2.3,2.1,1.1
Jose Alvarado,NOP,2024-25,10.3,2.4,4.6,1.3
Josh Richardson,NOP,2022-23,7.5,2.4,1.6,1.3
Kaiser Gates,NOP,2023-24,0.0,1.0,0.0,0.0
Karlo Matković,NOP,2024-25,7.7,5.0,1.1,0.5
Keion Brooks Jr.,NOP,2024-25,10.1,4.1,0.9,0.7
Kelly Olynyk,NOP,2024-25,10.7,5.9,3.6,0.9
Kira Lewis Jr.,NOP,2022-23,4.6,1.3,0.9,0.4
Kira Lewis Jr.,NOP,2023-24,2.9,0.9,1.2,0.3
Kylor Kelley,NOP,2024-25,3.3,6.0,1.0,0.3
Larry Nance Jr.,NOP,2022-23,6.8,5.4,1.8,0.9
Larry Nance Jr.,NOP,2023-24,5.7,5.0,1.9,1.0
Lester Quiñones,NOP,2024-25,8.6,1.7,2.6,0.3
Matt Ryan,NOP,2023-24,5.4,1.4,0.6,0.2
Mo Bamba,NOP,2024-25,2.5,6.3,0.5,0.0
Naji Marshall,NOP,2022-23,9.1,3.6,2.5,0.7
Naji Marshall,NOP,2023-24,7.1,3.6,1.9,0.7
Team Totals,NOP,2022-23,114.4,43.7,25.9,8.3
Team Totals,NOP,2023-24,115.1,44.0,27.0,8.3
Team Totals,NOP,2024-25,109.8,43.6,25.8,8.5
Trey Jemison,NOP,2024-25,2.4,2.8,0.6,0.4
Trey Murphy III,NOP,2022-23,14.5,3.6,1.4,1.1
Trey Murphy III,NOP,2023-24,14.8,4.9,2.2,0.9
Trey Murphy III,NOP,2024-25,21.2,5.1,3.5,1.1
Willy Hernangómez,NOP,2022-23,6.9,4.7,0.9,0.4
Yves Missi,NOP,2024-25,9.1,8.2,1.4,0.5
Zion Williamson,NOP,2022-23,26.0,7.0,4.6,1.1
Zion Williamson,NOP,2023-24,22.9,5.8,5.0,1.1
Zion Williamson,NOP,2024-25,24.6,7.2,5.3,1.2
Alec Burks,NYK,2023-24,6.5,1.7,0.9,0.3
Anton Watson,NYK,2024-25,0.9,0.3,0.2,0.1
Ariel Hukporti,NYK,2024-25,1.9,2.0,0.4,0.0
Bojan Bogdanović,NYK,2023-24,10.4,2.0,0.9,0.2
Cam Reddish,NYK,2022-23,8.4,1.6,1.0,0.8
Cameron Payne,NYK,2024-25,6.9,1.4,2.8,0.5
Charlie Brown Jr.,NYK,2023-24,0.8,0.3,0.0,0.0
DaQuan Jeffries,NYK,2023-24,0.8,0.3,0.3,0.0
Delon Wright,NYK,2024-25,4.3,1.4,2.1,0.9
Derrick Rose,NYK,2022-23,5.6,1.5,1.7,0.3
Dmytro Skapintsev,NYK,2023-24,0.0,0.0,0.0,0.0
Donte DiVincenzo,NYK,2023-24,15.5,3.7,2.7,1.3
Dylan Windler,NYK,2023-24,1.0,0.3,0.3,0.0
Evan Fournier,NYK,2022-23,6.1,1.8,1.3,0.6
Evan Fournier,NYK,2023-24,4.0,1.3,1.0,1.3
Immanuel Quickley,NYK,2022-23,14.9,4.2,3.4,1.0
Immanuel Quickley,NYK,2023-24,15.0,2.6,2.5,0.5
Isaiah Hartenstein,NYK,2022-23,5.0,6.5,1.2,0.6
Isaiah Hartenstein,NYK,2023-24,7.8,8.3,2.5,1.2
Jacob Toppin,NYK,2023-24,1.4,0.8,0.3,0.0
Jacob Toppin,NYK,2024-25,0.4,0.7,0.3,0.1
Jalen Brunson,NYK,2022-23,24.0,3.5,6.2,0.9
Jalen Brunson,NYK,2023-24,28.7,3.6,6.7,0.9
Jalen Brunson,NYK,2024-25,26.0,2.9,7.3,0.9
Jericho Sims,NYK,2022-23,3.4,4.7,0.5,0.3
Jericho Sims,NYK,2023-24,2.0,3.3,0.6,0.2
Jericho Sims,NYK,2024-25,1.6,3.3,0.6,0.2
Josh Hart,NYK,2022-23,10.2,7.0,3.6,1.4
Josh Hart,NYK,2023-24,9.4,8.3,4.1,0.9
Josh Hart,NYK,2024-25,13.6,9.6,5.9,1.5
Julius Randle,NYK,2022-23,25.1,10.0,4.1,0.6
Julius Randle,NYK,2023-24,24.0,9.2,5.0,0.5
Karl-Anthony Towns,NYK,2024-25,24.4,12.8,3.1,1.0
Kevin McCullar Jr.,NYK,2024-25,1.5,2.0,0.5,0.3
Landry Shamet,NYK,2024-25,5.7,1.2,0.5,0.5
Malachi Flynn,NYK,2023-24,2.2,0.4,0.4,0.1
Mamadi Diakite,NYK,2023-24,0.0,0.3,0.0,0.3
MarJon Beauchamp,NYK,2024-25,2.5,1.5,0.2,0.2
Matt Ryan,NYK,2024-25,1.5,0.4,0.2,0.1
Mikal Bridges,NYK,2024-25,17.6,3.2,3.7,0.9
Miles McBride,NYK,2022-23,3.5,0.8,1.1,0.6
Miles McBride,NYK,2023-24,8.3,1.5,1.7,0.7
Miles McBride,NYK,2024-25,9.5,2.5,2.9,1.0
Mitchell Robinson,NYK,2022-23,7.4,9.4,0.9,0.9
Mitchell Robinson,NYK,2023-24,5.6,8.5,0.6,1.2
Mitchell Robinson,NYK,2024-25,5.1,5.9,0.8,0.9
OG Anunoby,NYK,2023-24,14.1,4.4,1.5,1.7
OG Anunoby,NYK,2024-25,18.0,4.8,2.2,1.5
Obi Toppin,NYK,2022-23,7.4,2.8,1.0,0.3
P.J. Tucker,NYK,2024-25,3.0,2.7,0.0,0.3
Pacôme Dadiet,NYK,2024-25,1.7,1.0,0.3,0.2
Precious Achiuwa,NYK,2023-24,7.6,7.2,1.1,0.6
Precious Achiuwa,NYK,2024-25,6.6,5.6,1.0,0.8
Quentin Grimes,NYK,2022-23,11.3,3.2,2.1,0.7
Quentin Grimes,NYK,2023-24,7.3,2.0,1.2,0.7
RJ Barrett,NYK,2022-23,19.6,5.0,2.8,0.4
RJ Barrett,NYK,2023-24,18.2,4.3,2.4,0.5
Ryan Arcidiacono,NYK,2022-23,0.3,0.4,0.2,0.2
Ryan Arcidiacono,NYK,2023-24,0.0,0.4,0.2,0.1
Shake Milton,NYK,2023-24,1.8,1.0,0.7,0.2
Svi Mykhailiuk,NYK,2022-23,1.6,0.5,0.1,0.1
Taj Gibson,NYK,2023-24,1.0,1.8,0.6,0.1
Team Totals,NYK,2022-23,116.0,46.6,22.9,6.4
Team Totals,NYK,2023-24,112.8,45.2,24.4,7.5
Team Totals,NYK,2024-25,115.8,42.6,27.5,8.2
Trevor Keels,NYK,2022-23,1.0,0.7,0.0,0.0
Tyler Kolek,NYK,2024-25,2.0,0.7,1.7,0.3
Aaron Wiggins,OKC,2022-23,6.8,3.0,1.1,0.6
Aaron Wiggins,OKC,2023-24,6.9,2.4,1.1,0.7
Aaron Wiggins,OKC,2024-25,12.0,3.9,1.8,0.8
Adam Flagler,OKC,2023-24,1.5,0.0,2.0,0.0
Adam Flagler,OKC,2024-25,1.8,0.7,0.3,0.2
Ajay Mitchell,OKC,2024-25,6.5,1.9,1.8,0.7
Aleksej Pokusevski,OKC,2022-23,8.1,4.7,1.9,0.6
Aleksej Pokusevski,OKC,2023-24,1.2,1.0,0.5,0.1
Alex Caruso,OKC,2024-25,7.1,2.9,2.5,1.6
Alex Ducas,OKC,2024-25,1.7,1.2,0.2,0.2
Alex Reese,OKC,2024-25,2.0,1.0,0.0,0.0
Bismack Biyombo,OKC,2023-24,1.8,1.8,0.2,0.1
Branden Carlson,OKC,2024-25,3.8,1.7,0.4,0.2
Cason Wallace,OKC,2023-24,6.8,2.3,1.5,0.9
Cason Wallace,OKC,2024-25,8.4,3.4,2.5,1.8
Chet Holmgren,OKC,2023-24,16.5,7.9,2.4,0.6
Chet Holmgren,OKC,2024-25,15.0,8.0,2.0,0.7
Dario Šarić,OKC,2022-23,7.4,3.3,0.9,0.4
Darius Bazley,OKC,2022-23,5.4,3.4,0.9,0.5
Dillon Jones,OKC,2024-25,2.5,2.2,1.1,0.3
Dāvis Bertāns,OKC,2023-24,2.9,0.7,0.6,0.2
Eugene Omoruyi,OKC,2022-23,4.9,2.3,0.5,0.6
Gordon Hayward,OKC,2023-24,5.3,2.5,1.6,0.5
Isaiah Hartenstein,OKC,2024-25,11.2,10.7,3.8,0.8
Isaiah Joe,OKC,2022-23,9.5,2.4,1.2,0.7
Isaiah Joe,OKC,2023-24,8.2,2.3,1.3,0.6
Isaiah Joe,OKC,2024-25,10.2,2.6,1.6,0.6
Jalen Williams,OKC,2022-23,14.1,4.5,3.3,1.4
Jalen Williams,OKC,2023-24,19.1,4.0,4.5,1.1
Jalen Williams,OKC,2024-25,21.6,5.3,5.1,1.6
Jared Butler,OKC,2022-23,6.2,0.7,1.3,0.8
Jaylin Williams,OKC,2022-23,5.9,4.9,1.6,0.6
Jaylin Williams,OKC,2023-24,4.0,3.4,1.6,0.4
Jaylin Williams,OKC,2024-25,5.9,5.6,2.6,0.5
Jeremiah Robinson-Earl,OKC,2022-23,6.8,4.2,1.0,0.6
Josh Giddey,OKC,2022-23,16.6,7.9,6.2,0.8
Josh Giddey,OKC,2023-24,12.3,6.4,4.8,0.6
Kenrich Williams,OKC,2022-23,8.0,4.9,2.0,0.8
Kenrich Williams,OKC,2023-24,4.7,3.0,1.3,0.6
Kenrich Williams,OKC,2024-25,6.3,3.5,1.4,0.6
Keyontae Johnson,OKC,2023-24,1.2,1.1,0.4,0.1
Lindy Waters III,OKC,2022-23,5.2,1.8,0.7,0.3
Lindy Waters III,OKC,2023-24,3.6,1.1,0.6,0.1
Luguentz Dort,OKC,2022-23,13.7,4.6,2.1,1.0
Luguentz Dort,OKC,2023-24,10.9,3.6,1.4,0.9
Luguentz Dort,OKC,2024-25,10.1,4.1,1.6,1.1
Malevy Leons,OKC,2024-25,0.3,0.5,0.2,0.0
Mike Muscala,OKC,2022-23,6.2,3.1,0.9,0.3
Mike Muscala,OKC,2023-24,1.1,1.3,0.3,0.1
Olivier Sarr,OKC,2022-23,4.0,3.4,0.4,0.1
Olivier Sarr,OKC,2023-24,2.3,2.4,0.1,0.0
Ousmane Dieng,OKC,2022-23,4.9,2.7,1.2,0.4
Ousmane Dieng,OKC,2023-24,4.0,1.5,1.1,0.2
Ousmane Dieng,OKC,2024-25,3.8,2.2,0.8,0.5
Shai Gilgeous-Alexander,OKC,2022-23,31.4,4.8,5.5,1.6
Shai Gilgeous-Alexander,OKC,2023-24,30.1,5.5,6.2,2.0
Shai Gilgeous-Alexander,OKC,2024-25,32.7,5.0,6.4,1.7
Team Totals,OKC,2022-23,117.5,43.6,24.4,8.2
Team Totals,OKC,2023-24,120.1,42.0,27.1,8.5
Team Totals,OKC,2024-25,120.5,44.8,26.9,10.3
Tre Mann,OKC,2022-23,7.7,2.3,1.8,0.6
Tre Mann,OKC,2023-24,3.8,1.8,1.5,0.2
Vasilije Micić,OKC,2023-24,3.3,0.8,2.5,0.3
Admiral Schofield,ORL,2022-23,4.2,1.7,0.8,0.2
Admiral Schofield,ORL,2023-24,1.1,0.7,0.3,0.0
Anthony Black,ORL,2023-24,4.6,2.0,1.3,0.5
Anthony Black,ORL,2024-25,9.4,2.9,3.1,1.1
Bol Bol,ORL,2022-23,9.1,5.8,1.0,0.4
Caleb Houstan,ORL,2022-23,3.8,1.9,0.6,0.2
Caleb Houstan,ORL,2023-24,4.3,1.4,0.5,0.3
Caleb Houstan,ORL,2024-25,4.1,1.3,0.6,0.4
Chuma Okeke,ORL,2022-23,4.7,3.6,1.4,0.7
Chuma Okeke,ORL,2023-24,2.3,1.7,0.4,0.2
Cole Anthony,ORL,2022-23,13.0,4.8,3.9,0.6
Cole Anthony,ORL,2023-24,11.6,3.8,2.9,0.8
Cole Anthony,ORL,2024-25,9.4,3.0,2.9,0.7
Cory Joseph,ORL,2024-25,3.5,1.5,1.4,0.5
Franz Wagner,ORL,2022-23,18.6,4.1,3.5,1.0
Franz Wagner,ORL,2023-24,19.7,5.3,3.7,1.1
Franz Wagner,ORL,2024-25,24.2,5.7,4.7,1.3
Gary Harris,ORL,2022-23,8.3,2.0,1.2,0.9
Gary Harris,ORL,2023-24,6.9,1.7,1.6,0.9
Gary Harris,ORL,2024-25,3.0,1.3,0.6,0.5
Goga Bitadze,ORL,2022-23,5.8,5.2,1.2,0.4
Goga Bitadze,ORL,2023-24,5.0,4.6,1.3,0.5
Goga Bitadze,ORL,2024-25,7.2,6.6,2.0,0.7
Jalen Suggs,ORL,2022-23,9.9,3.0,2.9,1.3
Jalen Suggs,ORL,2023-24,12.6,3.1,2.7,1.4
Jalen Suggs,ORL,2024-25,16.2,4.0,3.7,1.5
Jay Scrubb,ORL,2022-23,6.5,3.0,0.5,1.0
Jett Howard,ORL,2023-24,1.6,0.4,0.3,0.1
Jett Howard,ORL,2024-25,4.5,1.2,0.7,0.2
Joe Ingles,ORL,2023-24,4.4,2.1,3.0,0.6
Jonathan Isaac,ORL,2022-23,5.0,4.0,0.5,1.3
Jonathan Isaac,ORL,2023-24,6.8,4.5,0.5,0.7
Jonathan Isaac,ORL,2024-25,5.4,4.4,0.6,0.9
Kentavious Caldwell-Pope,ORL,2024-25,8.7,2.2,1.8,1.3
Kevon Harris,ORL,2022-23,4.1,2.1,0.5,0.5
Kevon Harris,ORL,2023-24,2.0,1.0,0.5,0.0
Mac McClung,ORL,2024-25,0.0,0.5,1.5,0.0
Markelle Fultz,ORL,2022-23,14.0,3.9,5.7,1.5
Markelle Fultz,ORL,2023-24,7.8,3.2,2.8,1.0
Michael Carter-Williams,ORL,2022-23,4.3,1.3,1.8,0.3
Mo Bamba,ORL,2022-23,7.3,4.6,1.1,0.3
Moritz Wagner,ORL,2022-23,10.5,4.5,1.5,0.6
Moritz Wagner,ORL,2023-24,10.9,4.3,1.2,0.5
Moritz Wagner,ORL,2024-25,12.9,4.9,1.4,0.8
Paolo Banchero,ORL,2022-23,20.0,6.9,3.7,0.8
Paolo Banchero,ORL,2023-24,22.6,6.9,5.4,0.9
Paolo Banchero,ORL,2024-25,25.9,7.5,4.8,0.8
R.J. Hampton,ORL,2022-23,5.7,1.5,1.3,0.6
Team Totals,ORL,2022-23,111.4,43.2,23.2,7.4
Team Totals,ORL,2023-24,110.5,42.3,24.7,8.2
Team Totals,ORL,2024-25,105.4,41.8,23.0,8.9
Terrence Ross,ORL,2022-23,8.0,2.0,1.3,0.6
Trevelin Queen,ORL,2023-24,2.9,1.4,1.3,0.5
Trevelin Queen,ORL,2024-25,4.9,1.7,1.2,1.0
Tristan Da Silva,ORL,2024-25,7.2,3.3,1.5,0.4
Wendell Carter Jr.,ORL,2022-23,15.2,8.7,2.3,0.5
Wendell Carter Jr.,ORL,2023-24,11.0,6.9,1.7,0.6
Wendell Carter Jr.,ORL,2024-25,9.1,7.2,2.0,0.8
Adem Bona,PHI,2024-25,5.8,4.2,0.5,0.4
Alex Reese,PHI,2024-25,5.3,3.3,0.3,0.7
Andre Drummond,PHI,2024-25,7.3,7.8,0.9,1.0
Buddy Hield,PHI,2023-24,12.2,3.2,3.0,0.8
Caleb Martin,PHI,2024-25,9.1,4.4,2.2,1.1
Cameron Payne,PHI,2023-24,9.3,1.8,3.1,0.6
Chuma Okeke,PHI,2024-25,6.9,6.1,1.9,0.7
Colin Castleton,PHI,2024-25,6.0,7.4,2.0,0.2
D.J. Wilson,PHI,2023-24,5.0,1.0,1.0,0.0
Danny Green,PHI,2023-24,0.0,1.0,0.5,0.5
Danuel House Jr.,PHI,2022-23,4.8,1.7,0.8,0.3
Danuel House Jr.,PHI,2023-24,4.2,1.7,0.8,0.4
Darius Bazley,PHI,2023-24,0.0,0.3,0.7,0.0
David Roddy,PHI,2024-25,6.0,3.0,1.0,0.7
De'Anthony Melton,PHI,2022-23,10.1,4.1,2.6,1.6
De'Anthony Melton,PHI,2023-24,11.1,3.7,3.0,1.6
Dewayne Dedmon,PHI,2022-23,3.5,3.1,1.3,0.3
Eric Gordon,PHI,2024-25,6.8,1.2,1.7,0.7
Filip Petrušev,PHI,2023-24,0.0,1.0,0.0,0.0
Furkan Korkmaz,PHI,2022-23,3.8,1.1,0.6,0.3
Furkan Korkmaz,PHI,2023-24,2.5,0.9,0.7,0.4
Georges Niang,PHI,2022-23,8.2,2.4,1.0,0.4
Guerschon Yabusele,PHI,2024-25,11.0,5.6,2.1,0.8
Isaiah Mobley,PHI,2024-25,6.0,4.0,5.0,1.0
Jaden Springer,PHI,2022-23,2.6,0.9,0.5,0.4
Jaden Springer,PHI,2023-24,4.0,1.8,1.1,0.8
Jalen Hood-Schifino,PHI,2024-25,7.8,2.0,2.8,0.4
Jalen McDaniels,PHI,2022-23,6.7,3.2,0.8,0.7
James Harden,PHI,2022-23,21.0,6.1,10.7,1.2
Jared Butler,PHI,2024-25,11.5,2.5,4.9,1.1
Jared McCain,PHI,2024-25,15.3,2.4,2.6,0.7
Javonte Smart,PHI,2023-24,0.0,0.0,0.0,0.0
Jeff Dowtin Jr.,PHI,2023-24,4.3,1.7,2.3,0.6
Jeff Dowtin Jr.,PHI,2024-25,7.0,1.5,1.9,0.6
Joel Embiid,PHI,2022-23,33.1,10.2,4.2,1.0
Joel Embiid,PHI,2023-24,34.7,11.0,5.6,1.2
Joel Embiid,PHI,2024-25,23.8,8.2,4.5,0.7
Julian Champagnie,PHI,2022-23,0.0,0.0,0.0,0.5
Justin Edwards,PHI,2024-25,10.1,3.4,1.6,1.0
KJ Martin,PHI,2023-24,3.7,2.2,0.9,0.3
KJ Martin,PHI,2024-25,6.4,3.0,0.8,0.5
Kelly Oubre Jr.,PHI,2023-24,15.4,5.0,1.5,1.1
Kelly Oubre Jr.,PHI,2024-25,15.1,6.1,1.8,1.5
Kenneth Lofton Jr.,PHI,2023-24,1.0,1.5,0.0,0.0
Kyle Lowry,PHI,2023-24,8.0,2.8,4.6,0.9
Kyle Lowry,PHI,2024-25,3.9,1.9,2.7,0.9
Lester Quiñones,PHI,2024-25,2.3,1.0,0.3,0.0
Lonnie Walker IV,PHI,2024-25,12.4,3.2,2.5,0.5
Louis King,PHI,2022-23,20.0,4.0,2.0,1.0
Mac McClung,PHI,2022-23,12.5,5.0,4.5,0.0
Marcus Bagley,PHI,2024-25,6.7,7.0,1.0,0.9
Marcus Morris,PHI,2023-24,6.7,2.9,0.7,0.4
Matisse Thybulle,PHI,2022-23,2.7,1.3,0.5,0.9
Michael Foster Jr.,PHI,2022-23,0.0,0.0,0.0,0.0
Mo Bamba,PHI,2023-24,4.4,4.2,0.7,0.4
Montrezl Harrell,PHI,2022-23,5.6,2.8,0.6,0.3
Nicolas Batum,PHI,2023-24,5.5,4.2,2.2,0.8
Oshae Brissett,PHI,2024-25,8.7,3.7,0.7,0.7
P.J. Tucker,PHI,2022-23,3.5,3.9,0.8,0.5
P.J. Tucker,PHI,2023-24,2.0,4.7,0.0,1.0
Patrick Beverley,PHI,2023-24,6.3,3.1,3.1,0.5
Paul George,PHI,2024-25,16.2,5.3,4.3,1.8
Paul Reed,PHI,2022-23,4.2,3.8,0.4,0.7
Paul Reed,PHI,2023-24,7.3,6.0,1.3,0.8
Pete Nance,PHI,2024-25,2.1,1.4,0.4,0.1
Phillip Wheeler,PHI,2024-25,1.6,1.6,0.4,0.2
Quentin Grimes,PHI,2024-25,21.9,5.2,4.5,1.5
Reggie Jackson,PHI,2024-25,4.4,1.4,1.5,0.5
Ricky Council IV,PHI,2023-24,5.4,1.4,0.5,0.3
Ricky Council IV,PHI,2024-25,7.3,2.9,1.3,0.4
Robert Covington,PHI,2023-24,4.5,3.4,0.7,1.3
Saben Lee,PHI,2022-23,3.0,0.0,1.0,0.5
Shake Milton,PHI,2022-23,8.4,2.5,3.2,0.3
Team Totals,PHI,2022-23,115.2,40.9,25.2,7.7
Team Totals,PHI,2023-24,114.6,43.0,24.9,8.5
Team Totals,PHI,2024-25,109.6,39.8,23.2,9.2
Terquavion Smith,PHI,2023-24,3.3,0.3,0.8,0.5
Tobias Harris,PHI,2022-23,14.7,5.7,2.5,0.9
Tobias Harris,PHI,2023-24,17.2,6.5,3.1,1.0
Tyrese Maxey,PHI,2022-23,20.3,2.9,3.5,0.8
Tyrese Maxey,PHI,2023-24,25.9,3.7,6.2,1.0
Tyrese Maxey,PHI,2024-25,26.3,3.3,6.1,1.8
Bismack Biyombo,PHO,2022-23,4.3,4.3,0.9,0.3
Bol Bol,PHO,2023-24,5.2,3.2,0.4,0.2
Bol Bol,PHO,2024-25,6.8,2.9,0.6,0.3
Bradley Beal,PHO,2023-24,18.2,4.4,5.0,1.0
Bradley Beal,PHO,2024-25,17.0,3.3,3.7,1.1
Cameron Johnson,PHO,2022-23,13.9,3.8,1.5,0.9
Cameron Payne,PHO,2022-23,10.3,2.2,4.5,0.7
Chimezie Metu,PHO,2023-24,5.0,3.0,0.5,0.5
Chris Paul,PHO,2022-23,13.9,4.3,8.9,1.5
Cody Martin,PHO,2024-25,3.7,3.4,1.1,0.9
Collin Gillespie,PHO,2024-25,5.9,2.4,2.4,0.6
Damion Lee,PHO,2022-23,8.2,3.0,1.3,0.4
Damion Lee,PHO,2024-25,3.3,0.8,0.4,0.2
Dario Šarić,PHO,2022-23,5.8,3.8,1.5,0.4
Darius Bazley,PHO,2022-23,4.0,2.3,0.9,0.4
David Roddy,PHO,2023-24,1.3,0.6,0.2,0.1
Deandre Ayton,PHO,2022-23,18.0,10.0,1.7,0.6
Devin Booker,PHO,2022-23,27.8,4.5,5.5,1.0
Devin Booker,PHO,2023-24,27.1,4.5,6.9,0.9
Devin Booker,PHO,2024-25,25.6,4.1,7.1,0.9
Drew Eubanks,PHO,2023-24,5.1,4.3,0.8,0.4
Duane Washington Jr.,PHO,2022-23,7.9,1.2,2.0,0.2
Eric Gordon,PHO,2023-24,11.0,1.8,2.0,1.0
Grayson Allen,PHO,2023-24,13.5,3.9,3.0,0.9
Grayson Allen,PHO,2024-25,10.6,3.0,2.1,0.8
Isaiah Thomas,PHO,2023-24,1.3,0.0,0.5,0.0
Ish Wainright,PHO,2022-23,4.2,2.3,0.9,0.6
Ish Wainright,PHO,2023-24,0.8,1.3,0.3,0.5
Jalen Bridges,PHO,2024-25,1.1,0.5,0.0,0.0
Jock Landale,PHO,2022-23,6.6,4.1,1.0,0.2
Jordan Goodwin,PHO,2023-24,5.0,2.9,2.0,0.6
Josh Okogie,PHO,2022-23,7.3,3.5,1.5,0.8
Josh Okogie,PHO,2023-24,4.6,2.6,1.1,0.8
Josh Okogie,PHO,2024-25,6.0,2.9,0.6,0.8
Jusuf Nurkić,PHO,2023-24,10.9,11.0,4.0,1.1
Jusuf Nurkić,PHO,2024-25,8.6,9.2,1.9,0.9
Keita Bates-Diop,PHO,2023-24,4.5,2.6,0.9,0.6
Kevin Durant,PHO,2022-23,26.0,6.4,3.5,0.3
Kevin Durant,PHO,2023-24,27.1,6.6,5.0,0.9
Kevin Durant,PHO,2024-25,26.6,6.0,4.2,0.8
Landry Shamet,PHO,2022-23,8.7,1.7,2.3,0.7
Mason Plumlee,PHO,2024-25,4.5,6.1,1.8,0.4
Mikal Bridges,PHO,2022-23,17.2,4.3,3.6,1.2
Monte Morris,PHO,2024-25,5.2,1.5,1.6,0.4
Nassir Little,PHO,2023-24,3.4,1.7,0.5,0.2
Nick Richards,PHO,2024-25,9.5,8.6,0.6,0.2
Oso Ighodaro,PHO,2024-25,4.2,3.6,1.2,0.5
Royce O'Neale,PHO,2023-24,8.1,5.2,2.7,0.9
Royce O'Neale,PHO,2024-25,9.1,4.7,2.2,0.9
Ryan Dunn,PHO,2024-25,6.9,3.6,0.8,0.6
Saben Lee,PHO,2022-23,6.3,2.0,2.8,0.8
Saben Lee,PHO,2023-24,3.0,1.3,1.3,0.3
T.J. Warren,PHO,2022-23,4.2,3.1,0.7,0.4
Team Totals,PHO,2022-23,113.6,44.2,27.3,7.1
Team Totals,PHO,2023-24,116.2,44.1,27.0,7.4
Team Totals,PHO,2024-25,113.6,42.5,27.8,7.2
Terrence Ross,PHO,2022-23,9.0,3.3,2.0,0.5
Thaddeus Young,PHO,2023-24,2.3,2.8,0.7,0.5
Théo Maledon,PHO,2023-24,1.3,0.3,0.0,0.0
Torrey Craig,PHO,2022-23,7.4,5.4,1.5,0.6
TyTy Washington Jr.,PHO,2024-25,2.2,0.8,1.0,0.2
Tyus Jones,PHO,2024-25,10.2,2.4,5.3,0.9
Udoka Azubuike,PHO,2023-24,2.2,2.0,0.2,0.1
Vasilije Micić,PHO,2024-25,0.0,0.4,0.2,0.0
Yuta Watanabe,PHO,2023-24,3.6,1.6,0.3,0.3
Anfernee Simons,POR,2022-23,21.1,2.6,4.1,0.7
Anfernee Simons,POR,2023-24,22.6,3.6,5.5,0.5
Anfernee Simons,POR,2024-25,19.3,2.7,4.8,0.9
Ashton Hagans,POR,2023-24,4.2,2.4,2.8,0.6
Bryce McGowens,POR,2024-25,1.0,0.2,0.2,0.1
Cam Reddish,POR,2022-23,11.0,2.9,1.9,1.2
Chance Comanche,POR,2022-23,7.0,3.0,0.0,0.0
Dalano Banton,POR,2023-24,16.7,4.8,3.6,0.9
Dalano Banton,POR,2024-25,8.3,2.0,2.4,0.6
Damian Lillard,POR,2022-23,32.2,4.8,7.3,0.9
Deandre Ayton,POR,2023-24,16.7,11.1,1.6,1.0
Deandre Ayton,POR,2024-25,14.4,10.2,1.6,0.8
Deni Avdija,POR,2024-25,16.9,7.3,3.9,1.0
Donovan Clingan,POR,2024-25,6.5,7.9,1.1,0.5
Drew Eubanks,POR,2022-23,6.6,5.4,1.3,0.5
Duop Reath,POR,2023-24,9.1,3.7,1.0,0.5
Duop Reath,POR,2024-25,4.2,2.0,0.6,0.3
Gary Payton II,POR,2022-23,4.1,2.6,1.5,1.1
Greg Brown III,POR,2022-23,1.8,1.2,0.2,0.3
Ibou Badji,POR,2023-24,1.5,2.3,0.6,0.1
Ish Wainright,POR,2023-24,2.9,1.3,0.0,0.3
Jabari Walker,POR,2022-23,3.9,2.3,0.6,0.2
Jabari Walker,POR,2023-24,8.9,7.1,1.0,0.6
Jabari Walker,POR,2024-25,5.2,3.5,0.6,0.6
Jamaree Bouyea,POR,2023-24,1.7,1.7,1.3,0.0
Jerami Grant,POR,2022-23,20.5,4.5,2.4,0.8
Jerami Grant,POR,2023-24,21.0,3.5,2.8,0.8
Jerami Grant,POR,2024-25,14.4,3.5,2.1,0.9
John Butler,POR,2022-23,2.4,0.9,0.6,0.4
Josh Hart,POR,2022-23,9.5,8.2,3.9,1.1
Justin Minaya,POR,2022-23,4.3,3.8,1.0,0.5
Justin Minaya,POR,2023-24,1.8,1.6,0.6,0.3
Justin Minaya,POR,2024-25,0.9,0.5,0.4,0.3
Justise Winslow,POR,2022-23,6.8,5.0,3.4,1.0
Jusuf Nurkić,POR,2022-23,13.3,9.1,2.9,0.8
Keon Johnson,POR,2022-23,4.7,1.1,1.5,0.5
Kevin Knox,POR,2022-23,8.5,3.3,0.9,0.5
Kris Murray,POR,2023-24,6.1,3.6,1.3,0.9
Kris Murray,POR,2024-25,4.2,2.6,1.0,0.5
Malcolm Brogdon,POR,2023-24,15.7,3.8,5.5,0.7
Matisse Thybulle,POR,2022-23,7.4,3.5,1.4,1.7
Matisse Thybulle,POR,2023-24,5.4,2.1,1.4,1.7
Matisse Thybulle,POR,2024-25,7.5,3.5,1.9,2.2
Moses Brown,POR,2023-24,3.4,3.9,0.3,0.2
Nassir Little,POR,2022-23,6.6,2.6,0.9,0.4
Nate Williams,POR,2022-23,10.6,3.0,2.0,0.6
Rayan Rupert,POR,2023-24,4.0,2.4,1.6,0.3
Rayan Rupert,POR,2024-25,3.0,1.3,0.5,0.3
Robert Williams,POR,2023-24,6.8,6.3,0.8,1.2
Robert Williams,POR,2024-25,5.8,5.9,1.1,0.7
Ryan Arcidiacono,POR,2022-23,2.6,1.2,2.3,0.3
Scoot Henderson,POR,2023-24,14.0,3.1,5.4,0.8
Scoot Henderson,POR,2024-25,12.7,3.0,5.1,1.0
Shaedon Sharpe,POR,2022-23,9.9,3.0,1.2,0.5
Shaedon Sharpe,POR,2023-24,15.9,5.0,2.9,0.9
Shaedon Sharpe,POR,2024-25,18.5,4.5,2.8,0.9
Shaquille Harrison,POR,2022-23,8.8,4.4,6.0,2.2
Sidy Cissoko,POR,2024-25,2.0,2.2,1.8,0.2
Skylar Mays,POR,2022-23,15.3,3.2,8.3,1.0
Skylar Mays,POR,2023-24,6.3,1.8,3.6,0.7
Taze Moore,POR,2023-24,4.5,2.0,1.3,0.5
Taze Moore,POR,2024-25,3.0,4.0,0.5,1.0
Team Totals,POR,2022-23,113.4,40.5,24.2,6.7
Team Totals,POR,2023-24,106.4,42.7,23.1,7.6
Team Totals,POR,2024-25,110.9,44.8,23.8,8.3
Toumani Camara,POR,2023-24,7.5,4.9,1.2,0.9
Toumani Camara,POR,2024-25,11.3,5.8,2.2,1.5
Trendon Watford,POR,2022-23,7.4,3.8,2.1,0.5
Alex Len,SAC,2022-23,1.7,2.3,0.5,0.2
Alex Len,SAC,2023-24,2.5,2.7,1.0,0.2
Alex Len,SAC,2024-25,1.4,1.8,0.8,0.2
Chima Moneke,SAC,2022-23,1.0,1.0,0.5,0.0
Chimezie Metu,SAC,2022-23,4.9,3.0,0.6,0.3
Chris Duarte,SAC,2023-24,3.9,1.8,0.7,0.5
Colby Jones,SAC,2023-24,2.1,1.3,0.7,0.2
Colby Jones,SAC,2024-25,1.1,1.0,0.3,0.3
Davion Mitchell,SAC,2022-23,5.6,1.3,2.3,0.6
Davion Mitchell,SAC,2023-24,5.3,1.3,1.9,0.2
De'Aaron Fox,SAC,2022-23,25.0,4.2,6.1,1.1
De'Aaron Fox,SAC,2023-24,26.6,4.6,5.6,2.0
De'Aaron Fox,SAC,2024-25,25.0,5.0,6.1,1.5
DeMar DeRozan,SAC,2024-25,22.2,3.9,4.4,0.8
Deonte Burton,SAC,2022-23,0.0,0.0,0.0,0.0
Devin Carter,SAC,2024-25,3.8,2.1,1.1,0.6
Domantas Sabonis,SAC,2022-23,19.1,12.3,7.3,0.8
Domantas Sabonis,SAC,2023-24,19.4,13.7,8.2,0.9
Domantas Sabonis,SAC,2024-25,19.1,13.9,6.0,0.7
Doug McDermott,SAC,2024-25,3.5,0.5,0.2,0.1
Filip Petrušev,SAC,2023-24,1.5,0.0,0.0,0.0
Harrison Barnes,SAC,2022-23,15.0,4.5,1.6,0.7
Harrison Barnes,SAC,2023-24,12.2,3.0,1.2,0.7
Isaac Jones,SAC,2024-25,3.4,1.4,0.3,0.1
Isaiah Crawford,SAC,2024-25,0.9,0.5,0.1,0.1
JaVale McGee,SAC,2023-24,4.0,2.7,0.4,0.3
Jae Crowder,SAC,2024-25,2.6,2.2,0.7,0.3
Jake LaRavia,SAC,2024-25,6.1,2.8,1.3,0.9
Jalen Slawson,SAC,2023-24,0.7,0.6,0.2,0.1
Jonas Valančiūnas,SAC,2024-25,8.7,7.0,1.8,0.5
Jordan Ford,SAC,2023-24,2.0,0.3,0.3,0.0
Jordan McLaughlin,SAC,2024-25,1.9,0.8,0.9,0.4
Juan Toscano-Anderson,SAC,2023-24,0.6,1.3,0.4,0.1
KZ Okpala,SAC,2022-23,1.3,1.0,0.4,0.2
Keegan Murray,SAC,2022-23,12.2,4.6,1.2,0.8
Keegan Murray,SAC,2023-24,15.2,5.5,1.7,1.0
Keegan Murray,SAC,2024-25,12.4,6.7,1.4,0.8
Keon Ellis,SAC,2022-23,1.5,0.5,0.4,0.3
Keon Ellis,SAC,2023-24,5.4,2.2,1.5,0.9
Keon Ellis,SAC,2024-25,8.3,2.7,1.5,1.5
Kessler Edwards,SAC,2022-23,3.9,2.1,1.0,0.5
Kessler Edwards,SAC,2023-24,1.7,0.8,0.3,0.2
Kevin Huerter,SAC,2022-23,15.2,3.3,2.9,1.1
Kevin Huerter,SAC,2023-24,10.2,3.5,2.6,0.7
Kevin Huerter,SAC,2024-25,7.9,2.8,1.7,0.8
Malik Monk,SAC,2022-23,13.5,2.6,3.9,0.6
Malik Monk,SAC,2023-24,15.4,2.9,5.1,0.6
Malik Monk,SAC,2024-25,17.2,3.8,5.6,0.9
Markelle Fultz,SAC,2024-25,2.9,1.0,1.3,0.5
Mason Jones,SAC,2023-24,1.4,1.0,1.0,0.2
Mason Jones,SAC,2024-25,2.3,0.9,1.1,0.0
Matthew Dellavedova,SAC,2022-23,1.5,0.4,1.3,0.2
Neemias Queta,SAC,2022-23,2.4,2.2,0.2,0.0
Orlando Robinson,SAC,2024-25,2.1,1.6,1.0,0.3
PJ Dozier,SAC,2022-23,1.4,0.9,0.6,0.4
Richaun Holmes,SAC,2022-23,3.1,1.9,0.2,0.1
Sasha Vezenkov,SAC,2023-24,5.4,2.3,0.5,0.5
Skal Labissière,SAC,2024-25,1.3,0.8,0.3,0.0
Team Totals,SAC,2022-23,120.7,42.5,27.3,7.0
Team Totals,SAC,2023-24,116.6,44.0,28.3,7.6
Team Totals,SAC,2024-25,115.7,44.2,26.5,7.6
Terence Davis,SAC,2022-23,6.7,2.2,1.0,0.7
Terence Davis,SAC,2024-25,0.0,1.0,1.0,0.0
Terry Taylor,SAC,2024-25,0.0,0.3,0.7,0.0
Trey Lyles,SAC,2022-23,7.6,4.1,0.9,0.4
Trey Lyles,SAC,2023-24,7.2,4.4,1.2,0.3
Trey Lyles,SAC,2024-25,6.5,4.6,1.2,0.6
Zach LaVine,SAC,2024-25,22.4,3.5,3.8,0.6
Alize Johnson,SAS,2022-23,1.8,2.5,0.3,0.3
Bismack Biyombo,SAS,2024-25,5.1,5.6,1.1,0.6
Blake Wesley,SAS,2022-23,5.0,2.2,2.6,0.7
Blake Wesley,SAS,2023-24,4.4,1.5,2.7,0.5
Blake Wesley,SAS,2024-25,3.7,1.1,2.0,0.6
Cedi Osman,SAS,2023-24,6.8,2.5,1.7,0.5
Charles Bassey,SAS,2022-23,5.7,5.5,1.4,0.5
Charles Bassey,SAS,2023-24,3.3,4.0,1.1,0.4
Charles Bassey,SAS,2024-25,4.4,4.2,0.5,0.4
Chris Paul,SAS,2024-25,8.8,3.6,7.4,1.3
David Duke Jr.,SAS,2023-24,6.5,2.5,1.3,0.5
David Duke Jr.,SAS,2024-25,2.7,0.8,0.7,0.2
De'Aaron Fox,SAS,2024-25,19.7,4.3,6.8,1.5
Devin Vassell,SAS,2022-23,18.5,3.9,3.6,1.1
Devin Vassell,SAS,2023-24,19.5,3.8,4.1,1.1
Devin Vassell,SAS,2024-25,16.3,4.0,2.9,1.3
Devonte' Graham,SAS,2022-23,13.0,2.5,4.0,0.8
Devonte' Graham,SAS,2023-24,5.0,1.6,2.1,0.4
Dominick Barlow,SAS,2022-23,3.9,3.6,0.9,0.4
Dominick Barlow,SAS,2023-24,4.4,3.4,1.1,0.4
Doug McDermott,SAS,2022-23,10.2,2.2,1.4,0.2
Doug McDermott,SAS,2023-24,6.0,1.0,1.2,0.2
Gorgui Dieng,SAS,2022-23,3.9,3.5,1.7,0.1
Harrison Barnes,SAS,2024-25,12.3,3.8,1.7,0.5
Harrison Ingram,SAS,2024-25,0.8,1.8,0.6,0.6
Isaiah Roby,SAS,2022-23,4.1,2.5,0.9,0.4
Jakob Poeltl,SAS,2022-23,12.1,9.0,3.1,0.8
Jamaree Bouyea,SAS,2023-24,3.7,3.0,1.0,0.3
Jeremy Sochan,SAS,2022-23,11.0,5.3,2.5,0.8
Jeremy Sochan,SAS,2023-24,11.6,6.4,3.4,0.8
Jeremy Sochan,SAS,2024-25,11.4,6.5,2.4,0.8
Jordan Hall,SAS,2022-23,3.1,1.3,1.2,0.1
Jordan McLaughlin,SAS,2024-25,2.5,0.5,1.5,0.3
Josh Richardson,SAS,2022-23,11.5,2.8,3.3,1.0
Joshua Primo,SAS,2022-23,7.0,3.3,4.5,0.3
Julian Champagnie,SAS,2022-23,11.0,4.0,0.7,0.3
Julian Champagnie,SAS,2023-24,6.8,2.8,1.4,0.6
Julian Champagnie,SAS,2024-25,9.9,3.9,1.4,0.7
Keita Bates-Diop,SAS,2022-23,9.7,3.7,1.5,0.7
Keldon Johnson,SAS,2022-23,22.0,5.0,2.9,0.7
Keldon Johnson,SAS,2023-24,15.7,5.5,2.8,0.7
Keldon Johnson,SAS,2024-25,12.7,4.8,1.6,0.6
Malaki Branham,SAS,2022-23,10.2,2.7,1.9,0.5
Malaki Branham,SAS,2023-24,9.2,2.0,2.1,0.4
Malaki Branham,SAS,2024-25,5.0,1.1,0.8,0.2
Mamadi Diakite,SAS,2023-24,4.0,1.0,0.7,0.0
RaiQuan Gray,SAS,2023-24,7.7,2.3,2.0,0.3
Riley Minix,SAS,2024-25,0.0,2.0,0.0,0.0
Romeo Langford,SAS,2022-23,6.9,2.7,1.2,0.6
Sandro Mamukelashvili,SAS,2022-23,10.8,6.8,2.4,0.5
Sandro Mamukelashvili,SAS,2023-24,4.1,3.2,1.1,0.2
Sandro Mamukelashvili,SAS,2024-25,6.3,3.1,0.8,0.4
Sidy Cissoko,SAS,2023-24,3.8,1.8,0.8,0.6
Sidy Cissoko,SAS,2024-25,1.3,0.6,0.4,0.1
Stanley Johnson,SAS,2022-23,5.8,3.2,2.2,0.5
Stephon Castle,SAS,2024-25,14.7,3.7,4.1,0.9
Team Totals,SAS,2022-23,113.0,43.7,27.2,7.0
Team Totals,SAS,2023-24,112.1,44.2,29.9,7.1
Team Totals,SAS,2024-25,113.9,43.7,28.6,8.2
Tre Jones,SAS,2022-23,12.9,3.6,6.6,1.3
Tre Jones,SAS,2023-24,10.0,3.8,6.2,1.0
Tre Jones,SAS,2024-25,4.4,2.1,3.7,0.6
Victor Wembanyama,SAS,2023-24,21.4,10.6,3.9,1.2
Victor Wembanyama,SAS,2024-25,24.3,11.0,3.7,1.1
Zach Collins,SAS,2022-23,11.6,6.4,2.9,0.6
Zach Collins,SAS,2023-24,11.2,5.4,2.8,0.5
Zach Collins,SAS,2024-25,4.6,2.8,1.4,0.4
A.J. Lawson,TOR,2024-25,9.1,3.3,1.2,0.5
Bruce Brown,TOR,2023-24,9.6,3.8,2.7,0.7
Bruce Brown,TOR,2024-25,8.4,3.8,1.6,0.9
Bruno Fernando,TOR,2024-25,3.4,3.0,1.1,0.2
Chris Boucher,TOR,2022-23,9.4,5.5,0.4,0.6
Chris Boucher,TOR,2023-24,6.4,4.1,0.5,0.3
Chris Boucher,TOR,2024-25,10.0,4.5,0.7,0.5
Christian Koloko,TOR,2022-23,3.1,2.9,0.5,0.4
Cole Swider,TOR,2024-25,7.4,3.1,0.3,0.5
Colin Castleton,TOR,2024-25,7.2,6.9,1.6,0.5
D.J. Carton,TOR,2023-24,2.8,1.0,0.8,0.3
D.J. Carton,TOR,2024-25,0.8,1.0,0.8,0.5
Dalano Banton,TOR,2022-23,4.6,1.5,1.2,0.4
Davion Mitchell,TOR,2024-25,6.3,1.9,4.6,0.7
Dennis Schröder,TOR,2023-24,13.7,2.7,6.1,0.9
Fred VanVleet,TOR,2022-23,19.3,4.1,7.2,1.8
Garrett Temple,TOR,2023-24,3.3,1.7,1.0,0.4
Garrett Temple,TOR,2024-25,1.9,1.0,1.1,0.6
Gary Trent Jr.,TOR,2022-23,17.4,2.6,1.6,1.6
Gary Trent Jr.,TOR,2023-24,13.7,2.6,1.7,1.1
Gradey Dick,TOR,2023-24,8.5,2.2,1.1,0.6
Gradey Dick,TOR,2024-25,14.4,3.6,1.8,0.9
Immanuel Quickley,TOR,2023-24,18.6,4.8,6.8,0.9
Immanuel Quickley,TOR,2024-25,17.1,3.5,5.8,0.7
Ja'Kobe Walter,TOR,2024-25,8.6,3.1,1.6,0.8
Jahmi'us Ramsey,TOR,2023-24,6.7,3.1,1.1,1.0
Jakob Poeltl,TOR,2022-23,13.1,9.1,2.2,1.2
Jakob Poeltl,TOR,2023-24,11.1,8.6,2.5,0.7
Jakob Poeltl,TOR,2024-25,14.5,9.6,2.8,1.2
Jalen McDaniels,TOR,2023-24,3.4,1.6,0.7,0.4
Jamal Shead,TOR,2024-25,7.1,1.5,4.2,0.8
Jamison Battle,TOR,2024-25,7.1,2.7,0.9,0.3
Jared Rhoden,TOR,2024-25,11.4,3.8,1.4,0.9
Javon Freeman-Liberty,TOR,2023-24,7.0,3.2,1.8,0.5
Jeff Dowtin Jr.,TOR,2022-23,2.4,0.9,1.2,0.4
Joe Wieskamp,TOR,2022-23,1.0,0.4,0.3,0.0
Jonathan Mogbo,TOR,2024-25,6.2,4.9,2.3,0.9
Jontay Porter,TOR,2023-24,4.4,3.2,2.3,0.8
Jordan Nwora,TOR,2023-24,7.9,3.4,1.3,0.6
Juancho Hernangómez,TOR,2022-23,2.9,2.9,0.6,0.4
Justin Champagnie,TOR,2022-23,2.0,1.3,0.3,0.0
Kelly Olynyk,TOR,2023-24,12.7,5.6,4.6,1.3
Kelly Olynyk,TOR,2024-25,7.1,3.7,2.3,0.7
Khem Birch,TOR,2022-23,2.2,1.3,0.4,0.3
Kira Lewis Jr.,TOR,2023-24,0.0,0.0,0.0,0.0
Kobi Simmons,TOR,2023-24,5.0,1.8,3.0,1.5
Malachi Flynn,TOR,2022-23,4.6,1.4,1.3,0.4
Malachi Flynn,TOR,2023-24,5.1,2.1,2.4,0.6
Malik Williams,TOR,2023-24,2.7,5.4,0.3,0.4
Markquis Nowell,TOR,2023-24,2.0,2.0,2.0,1.0
Mouhamadou Gueye,TOR,2023-24,2.4,2.1,0.5,0.3
OG Anunoby,TOR,2022-23,16.8,5.0,2.0,1.9
OG Anunoby,TOR,2023-24,15.1,3.9,2.7,1.0
Ochai Agbaji,TOR,2023-24,6.7,3.3,1.3,0.7
Ochai Agbaji,TOR,2024-25,10.4,3.8,1.5,0.9
Orlando Robinson,TOR,2024-25,8.1,5.9,1.9,0.4
Otto Porter Jr.,TOR,2022-23,5.5,2.4,1.0,1.4
Otto Porter Jr.,TOR,2023-24,2.6,1.9,0.5,0.3
Pascal Siakam,TOR,2022-23,24.2,7.8,5.8,0.9
Pascal Siakam,TOR,2023-24,22.2,6.3,4.9,0.8
Precious Achiuwa,TOR,2022-23,9.2,6.0,0.9,0.6
Precious Achiuwa,TOR,2023-24,7.7,5.4,1.8,0.6
RJ Barrett,TOR,2023-24,21.8,6.4,4.1,0.6
RJ Barrett,TOR,2024-25,21.1,6.3,5.4,0.8
Ron Harper Jr.,TOR,2022-23,2.2,0.8,0.4,0.0
Ron Harper Jr.,TOR,2023-24,0.0,0.0,1.0,0.0
Scottie Barnes,TOR,2022-23,15.3,6.6,4.8,1.1
Scottie Barnes,TOR,2023-24,19.9,8.2,6.1,1.3
Scottie Barnes,TOR,2024-25,19.3,7.7,5.8,1.4
Team Totals,TOR,2022-23,112.9,43.0,23.9,9.4
Team Totals,TOR,2023-24,112.4,42.7,28.5,7.7
Team Totals,TOR,2024-25,110.9,45.1,28.5,8.1
Thaddeus Young,TOR,2022-23,4.4,3.1,1.4,1.0
Thaddeus Young,TOR,2023-24,5.0,3.3,2.2,0.8
Ulrich Chomche,TOR,2024-25,0.7,1.1,0.3,0.0
Will Barton,TOR,2022-23,4.5,1.6,1.1,0.7
Brice Sensabaugh,UTA,2023-24,7.5,3.2,1.7,0.4
Brice Sensabaugh,UTA,2024-25,10.9,3.0,1.5,0.6
Cody Williams,UTA,2024-25,4.6,2.3,1.2,0.5
Collin Sexton,UTA,2022-23,14.3,2.2,2.9,0.6
Collin Sexton,UTA,2023-24,18.7,2.6,4.9,0.8
Collin Sexton,UTA,2024-25,18.4,2.7,4.2,0.7
Damian Jones,UTA,2022-23,4.6,3.5,0.6,0.3
Darius Bazley,UTA,2023-24,8.0,4.5,0.8,1.0
Drew Eubanks,UTA,2024-25,5.8,4.5,1.2,0.3
Elijah Harkless,UTA,2024-25,3.2,2.1,0.8,1.0
Frank Jackson,UTA,2022-23,0.0,2.0,1.0,0.0
Isaiah Collier,UTA,2024-25,8.7,3.3,6.3,0.9
Jaden Springer,UTA,2024-25,3.8,2.0,1.4,0.7
Jarred Vanderbilt,UTA,2022-23,8.3,7.9,2.7,1.0
Jarrell Brantley,UTA,2022-23,5.5,1.5,0.8,0.0
Jason Preston,UTA,2023-24,1.7,2.4,2.3,0.3
John Collins,UTA,2023-24,15.1,8.5,1.1,0.6
John Collins,UTA,2024-25,19.0,8.2,2.0,1.0
Johnny Juzang,UTA,2022-23,4.8,2.2,0.4,0.2
Johnny Juzang,UTA,2023-24,7.2,1.8,1.2,0.2
Johnny Juzang,UTA,2024-25,8.9,2.9,1.1,0.6
Jordan Clarkson,UTA,2022-23,20.8,4.0,4.4,0.5
Jordan Clarkson,UTA,2023-24,17.1,3.4,5.0,0.6
Jordan Clarkson,UTA,2024-25,16.2,3.2,3.7,0.8
Juan Toscano-Anderson,UTA,2022-23,3.4,2.9,1.8,0.3
KJ Martin,UTA,2024-25,6.3,2.8,1.5,0.3
Kelly Olynyk,UTA,2022-23,12.5,6.2,3.7,0.9
Kelly Olynyk,UTA,2023-24,8.1,5.1,4.4,0.7
Kenneth Lofton Jr.,UTA,2023-24,13.8,5.0,4.8,0.8
Keyonte George,UTA,2023-24,13.0,2.8,4.4,0.5
Keyonte George,UTA,2024-25,16.8,3.8,5.6,0.7
Kira Lewis Jr.,UTA,2023-24,3.8,1.0,1.6,0.3
Kris Dunn,UTA,2022-23,13.2,4.5,5.6,1.1
Kris Dunn,UTA,2023-24,5.4,2.9,3.8,1.0
Kyle Filipowski,UTA,2024-25,9.6,6.1,1.9,0.7
Lauri Markkanen,UTA,2022-23,25.6,8.6,1.9,0.6
Lauri Markkanen,UTA,2023-24,23.2,8.2,2.0,0.9
Lauri Markkanen,UTA,2024-25,19.0,5.9,1.5,0.7
Leandro Bolmaro,UTA,2022-23,0.4,0.5,0.5,0.2
Luka Šamanić,UTA,2022-23,9.9,4.3,2.1,0.9
Luka Šamanić,UTA,2023-24,4.1,2.4,0.4,0.1
Malik Beasley,UTA,2022-23,13.4,3.6,1.7,0.8
Micah Potter,UTA,2022-23,3.4,2.3,0.6,0.1
Micah Potter,UTA,2023-24,3.3,2.7,0.4,0.3
Micah Potter,UTA,2024-25,4.3,4.3,0.8,0.4
Mike Conley,UTA,2022-23,10.7,2.5,7.7,1.0
Nickeil Alexander-Walker,UTA,2022-23,6.3,1.6,2.1,0.7
Ochai Agbaji,UTA,2022-23,7.9,2.1,1.1,0.3
Ochai Agbaji,UTA,2023-24,5.4,2.5,0.9,0.5
Omer Yurtseven,UTA,2023-24,4.6,4.3,0.6,0.2
Oscar Tshiebwe,UTA,2024-25,7.6,8.7,0.6,0.9
Patty Mills,UTA,2024-25,4.4,1.2,1.2,0.7
Rudy Gay,UTA,2022-23,5.2,2.9,1.0,0.3
Simone Fontecchio,UTA,2022-23,6.3,1.7,0.8,0.3
Simone Fontecchio,UTA,2023-24,8.9,3.5,1.5,0.6
Svi Mykhailiuk,UTA,2024-25,8.8,2.4,2.0,0.5
Talen Horton-Tucker,UTA,2022-23,10.7,3.2,3.8,0.6
Talen Horton-Tucker,UTA,2023-24,10.1,2.4,3.5,0.9
Taylor Hendricks,UTA,2023-24,7.3,4.6,0.8,0.7
Taylor Hendricks,UTA,2024-25,4.7,5.0,0.7,1.7
Team Totals,UTA,2022-23,117.1,45.9,26.0,6.1
Team Totals,UTA,2023-24,115.7,45.5,27.2,6.5
Team Totals,UTA,2024-25,111.9,45.4,25.5,6.8
Udoka Azubuike,UTA,2022-23,3.5,3.3,0.3,0.2
Walker Kessler,UTA,2022-23,9.2,8.4,0.9,0.4
Walker Kessler,UTA,2023-24,8.1,7.5,0.9,0.5
Walker Kessler,UTA,2024-25,11.1,12.2,1.7,0.6
AJ Johnson,WAS,2024-25,9.1,2.4,3.1,0.5
Alex Sarr,WAS,2024-25,13.0,6.5,2.4,0.7
Anthony Gill,WAS,2022-23,3.3,1.7,0.6,0.1
Anthony Gill,WAS,2023-24,3.8,1.9,0.7,0.3
Anthony Gill,WAS,2024-25,2.5,1.3,0.3,0.2
Bilal Coulibaly,WAS,2023-24,8.4,4.1,1.7,0.9
Bilal Coulibaly,WAS,2024-25,12.3,5.0,3.4,1.3
Bradley Beal,WAS,2022-23,23.2,3.9,5.4,0.9
Bub Carrington,WAS,2024-25,9.8,4.2,4.4,0.7
Colby Jones,WAS,2024-25,8.7,4.3,2.5,1.3
Corey Kispert,WAS,2022-23,11.1,2.8,1.2,0.4
Corey Kispert,WAS,2023-24,13.4,2.8,2.0,0.5
Corey Kispert,WAS,2024-25,11.6,3.0,1.7,0.4
Daniel Gafford,WAS,2022-23,9.0,5.6,1.1,0.4
Daniel Gafford,WAS,2023-24,10.9,8.0,1.5,1.0
Danilo Gallinari,WAS,2023-24,7.0,2.9,1.2,0.2
Delon Wright,WAS,2022-23,7.4,3.6,3.9,1.8
Delon Wright,WAS,2023-24,4.1,1.8,2.5,1.1
Deni Avdija,WAS,2022-23,9.2,6.4,2.8,0.9
Deni Avdija,WAS,2023-24,14.7,7.2,3.8,0.8
Devon Dotson,WAS,2022-23,0.5,1.7,1.3,0.8
Eugene Omoruyi,WAS,2023-24,4.8,2.0,0.8,0.6
Hamidou Diallo,WAS,2023-24,1.0,1.0,0.5,1.0
Isaiah Todd,WAS,2022-23,1.5,2.0,0.7,0.2
JT Thor,WAS,2024-25,3.9,3.8,0.5,0.5
Jalen McDaniels,WAS,2024-25,0.0,0.0,0.3,0.3
Jamaree Bouyea,WAS,2022-23,0.0,1.0,0.0,0.0
Jared Butler,WAS,2023-24,6.3,1.5,3.2,0.7
Jared Butler,WAS,2024-25,6.9,1.3,2.6,0.4
Jay Huff,WAS,2022-23,7.3,3.0,1.4,0.4
Jaylen Martin,WAS,2024-25,5.8,3.4,1.3,0.7
Johnny Davis,WAS,2022-23,5.8,2.3,1.0,0.4
Johnny Davis,WAS,2023-24,3.0,1.4,0.6,0.4
Johnny Davis,WAS,2024-25,2.4,1.1,0.3,0.4
Jonas Valančiūnas,WAS,2024-25,11.5,8.2,2.2,0.4
Jordan Goodwin,WAS,2022-23,6.6,3.3,2.7,0.9
Jordan Poole,WAS,2023-24,17.4,2.7,4.4,1.1
Jordan Poole,WAS,2024-25,20.5,3.0,4.5,1.3
Jordan Schakel,WAS,2022-23,1.5,0.0,0.5,0.5
Jules Bernard,WAS,2023-24,3.9,1.4,0.8,0.2
Justin Champagnie,WAS,2023-24,5.9,3.5,1.3,0.7
Justin Champagnie,WAS,2024-25,8.8,5.7,1.0,1.0
Kendrick Nunn,WAS,2022-23,7.5,1.7,1.8,0.5
Khris Middleton,WAS,2024-25,10.7,3.7,3.4,1.3
Kristaps Porziņģis,WAS,2022-23,23.2,8.4,2.7,0.9
Kyle Kuzma,WAS,2022-23,21.2,7.2,3.7,0.6
Kyle Kuzma,WAS,2023-24,22.2,6.6,4.2,0.5
Kyle Kuzma,WAS,2024-25,15.2,5.8,2.5,0.6
Kyshawn George,WAS,2024-25,8.7,4.2,2.5,1.0
Landry Shamet,WAS,2023-24,7.1,1.3,1.2,0.5
Malcolm Brogdon,WAS,2024-25,12.7,3.8,4.1,0.5
Marcus Smart,WAS,2024-25,9.3,1.9,2.5,1.1
Marvin Bagley III,WAS,2023-24,13.3,8.1,1.2,0.6
Marvin Bagley III,WAS,2024-25,4.9,2.9,0.4,0.4
Mike Muscala,WAS,2023-24,4.0,3.1,0.9,0.2
Monte Morris,WAS,2022-23,10.3,3.4,5.3,0.7
Patrick Baldwin Jr.,WAS,2023-24,4.4,3.2,0.8,0.5
Patrick Baldwin Jr.,WAS,2024-25,2.1,1.0,0.1,0.1
Quenton Jackson,WAS,2022-23,6.2,0.9,1.7,0.4
Richaun Holmes,WAS,2023-24,7.1,6.1,0.6,0.5
Richaun Holmes,WAS,2024-25,7.4,5.7,1.4,0.3
Rui Hachimura,WAS,2022-23,13.0,4.3,1.2,0.4
Ryan Rollins,WAS,2023-24,4.1,1.1,1.1,0.8
Taj Gibson,WAS,2022-23,3.4,1.9,0.7,0.3
Team Totals,WAS,2022-23,113.2,43.6,25.4,6.8
Team Totals,WAS,2023-24,113.7,41.1,27.9,7.6
Team Totals,WAS,2024-25,108.0,43.7,25.1,7.6
Trey Jemison,WAS,2023-24,0.0,0.5,0.0,0.0
Tristan Vukcevic,WAS,2023-24,8.5,3.6,1.3,0.5
Tristan Vukcevic,WAS,2024-25,9.4,3.7,1.1,0.3
Tyus Jones,WAS,2023-24,12.0,2.7,7.3,1.1
Vernon Carey Jr.,WAS,2022-23,0.5,1.0,0.3,0.2
Will Barton,WAS,2022-23,7.7,2.8,2.4,0.4
Xavier Cooks,WAS,2022-23,3.8,3.8,0.6,0.6
