TeamAbbr,SeasonStr,Payroll_Spotrac
SAS,2022-23,101649048
IND,2022-23,122145349
DET,2022-23,127673493
MEM,2022-23,127756781
HOU,2022-23,138296534
ORL,2022-23,139801010
CHA,2022-23,146049640
UTA,2022-23,147162541
ATL,2022-23,149133740
TOR,2022-23,149260166
NYK,2022-23,150263571
POR,2022-23,151480955
MIA,2022-23,152766041
CHI,2022-23,153093665
NOP,2022-23,154090191
CLE,2022-23,154561446
SAC,2022-23,154815256
OKC,2022-23,155437627
PHI,2022-23,164391836
BKN,2022-23,164774911
DEN,2022-23,169601210
PHX,2022-23,173970687
MIN,2022-23,174906722
BOS,2022-23,176795764
LAL,2022-23,180067292
DAL,2022-23,180090371
MIL,2022-23,181849255
WAS,2022-23,183801576
LAC,2022-23,193025318
GSW,2022-23,199320856
UTA,2023-24,131757411
DET,2023-24,136419412
ORL,2023-24,139355784
SAS,2023-24,140908582
CHA,2023-24,141036011
HOU,2023-24,145302009
IND,2023-24,146679278
SAC,2023-24,148693550
BKN,2023-24,157982129
OKC,2023-24,160502705
TOR,2023-24,161887358
NYK,2023-24,162956334
MEM,2023-24,162996801
CHI,2023-24,166348969
CLE,2023-24,168250835
POR,2023-24,171538887
DAL,2023-24,175321021
NOP,2023-24,176969502
MIA,2023-24,180754950
PHI,2023-24,181909301
LAL,2023-24,181975999
DEN,2023-24,184751085
MIL,2023-24,188285708
BOS,2023-24,188759360
WAS,2023-24,189901033
PHX,2023-24,195220617
MIN,2023-24,198497741
LAC,2023-24,202080521
GSW,2023-24,224848124
ATL,2023-24,156139813
DET,2024-25,141808220
ORL,2024-25,152959238
UTA,2024-25,154114022
SAS,2024-25,162809380
OKC,2024-25,166001694
CHA,2024-25,167423486
MEM,2024-25,167814933
CHI,2024-25,168006873
PHI,2024-25,170340647
IND,2024-25,171232577
SAC,2024-25,171370782
HOU,2024-25,173496349
ATL,2024-25,174418704
LAC,2024-25,174670238
POR,2024-25,176848446
CLE,2024-25,178212347
TOR,2024-25,178496026
BKN,2024-25,178836132
MIA,2024-25,179350729
NOP,2024-25,182966321
DAL,2024-25,187147472
NYK,2024-25,188877651
DEN,2024-25,192786656
MIL,2024-25,195746447
BOS,2024-25,197048229
GSW,2024-25,199518342
LAL,2024-25,200785985
WAS,2024-25,211677970
PHX,2024-25,228464502
MIN,2024-25,236725861
