TeamAbbr,SeasonStr,Cont_BRef
ATL,2024-25,0.58
BOS,2024-25,0.97
CHA,2024-25,0.56
CHI,2024-25,0.59
CLE,2024-25,0.92
DAL,2024-25,0.51
DEN,2024-25,0.86
DET,2024-25,0.51
GSW,2024-25,0.71
HOU,2024-25,0.92
IND,2024-25,0.92
LAC,2024-25,0.67
LAL,2024-25,0.71
MEM,2024-25,0.76
MIA,2024-25,0.74
MIL,2024-25,0.66
MIN,2024-25,0.73
BKN,2024-25,0.69
NOP,2024-25,0.49
NYK,2024-25,0.57
OKC,2024-25,0.79
ORL,2024-25,0.77
PHI,2024-25,0.38
PHX,2024-25,0.58
POR,2024-25,0.82
SAC,2024-25,0.67
SAS,2024-25,0.6
TOR,2024-25,0.6
UTA,2024-25,0.64
WAS,2024-25,0.51
ATL,2023-24,0.95
BOS,2023-24,0.69
CHA,2023-24,0.45
CHI,2023-24,0.86
CLE,2023-24,0.7
DAL,2023-24,0.58
DEN,2023-24,0.9
DET,2023-24,0.69
GSW,2023-24,0.68
HOU,2023-24,0.44
IND,2023-24,0.72
LAC,2023-24,0.78
LAL,2023-24,0.69
MEM,2023-24,0.69
MIA,2023-24,0.73
MIL,2023-24,0.64
MIN,2023-24,0.92
BKN,2023-24,0.73
NOP,2023-24,0.89
NYK,2023-24,0.72
OKC,2023-24,0.74
ORL,2023-24,0.87
PHI,2023-24,0.51
PHX,2023-24,0.32
POR,2023-24,0.42
SAC,2023-24,0.9
SAS,2023-24,0.82
TOR,2023-24,0.5
UTA,2023-24,0.68
WAS,2023-24,0.47
ATL,2022-23,0.65
BOS,2022-23,0.85
CHA,2022-23,0.78
CHI,2022-23,0.87
CLE,2022-23,0.82
DAL,2022-23,0.77
DEN,2022-23,0.51
DET,2022-23,0.53
GSW,2022-23,0.73
HOU,2022-23,0.75
IND,2022-23,0.63
LAC,2022-23,0.75
LAL,2022-23,0.41
MEM,2022-23,0.85
MIA,2022-23,0.92
MIL,2022-23,0.87
MIN,2022-23,0.64
BKN,2022-23,0.52
NOP,2022-23,0.87
NYK,2022-23,0.76
OKC,2022-23,0.71
ORL,2022-23,0.71
PHI,2022-23,0.69
PHX,2022-23,0.69
POR,2022-23,0.63
SAC,2022-23,0.64
SAS,2022-23,0.63
TOR,2022-23,0.86
UTA,2022-23,0.25
WAS,2022-23,0.72
