Team,Season,MWDT,AvgAge,NetRating,Payroll,Continuity,Payroll_raw,WinPct_REAL,Payroll_Source
Atlanta Hawks,2023,285.5395683453237,26.4,0.29,"$149,836,313",0.65,149836313.0,0.5,HoopsHype
Atlanta Hawks,2024,256.4516129032258,25.8,-2.09,"$159,153,393",0.95,159153393.0,0.439,HoopsHype
Atlanta Hawks,2025,233.7869822485207,25.0,-1.13,"$170,057,021",0.58,170057021.0,0.488,HoopsHype
Boston Celtics,2023,314.8031496062992,26.2,6.7,"$178,633,307",0.85,178633307.0,0.695,HoopsHype
Boston Celtics,2024,259.0196078431372,27.4,11.71,"$186,940,921",0.69,186940921.0,0.78,HoopsHype
Boston Celtics,2025,281.2765957446808,27.0,9.51,"$195,348,491",0.97,195348491.0,0.744,HoopsHype
Brooklyn Nets,2023,186.8811881188119,25.4,1.0,"$159,566,723",0.52,159566723.0,0.549,HoopsHype
Brooklyn Nets,2024,248.0254777070064,24.8,-2.99,"$155,015,136",0.73,155015136.0,0.39,HoopsHype
Brooklyn Nets,2025,213.8857142857143,27.6,-7.21,"$168,312,896",0.69,168312896.0,0.317,HoopsHype
Charlotte Hornets,2023,275.2083333333333,25.4,-6.28,"$125,874,047",0.78,125874047.0,0.329,HoopsHype
Charlotte Hornets,2024,189.4711538461538,26.0,-10.63,"$140,774,484",0.45,140774484.0,0.256,HoopsHype
Charlotte Hornets,2025,136.84,24.7,-9.28,"$168,575,524",0.56,168575524.0,0.232,HoopsHype
Chicago Bulls,2023,331.25,26.4,1.36,"$151,964,990",0.87,151964990.0,0.488,HoopsHype
Chicago Bulls,2024,308.6821705426357,25.5,-1.64,"$165,630,436",0.86,165630436.0,0.476,HoopsHype
Chicago Bulls,2025,203.3155080213904,27.0,-1.49,"$165,722,496",0.59,165722496.0,0.476,HoopsHype
Cleveland Cavaliers,2023,328.5123966942149,26.4,5.62,"$151,966,241",0.82,151966241.0,0.622,HoopsHype
Cleveland Cavaliers,2024,319.3548387096774,26.4,2.41,"$166,874,287",0.7,166874287.0,0.585,HoopsHype
Cleveland Cavaliers,2025,241.5337423312884,27.4,9.54,"$165,110,486",0.92,165110486.0,0.78,HoopsHype
Los Angeles Clippers,2023,239.0243902439024,29.4,0.51,"$192,905,421",0.75,192905421.0,0.537,HoopsHype
Los Angeles Clippers,2024,262.7333333333333,27.8,3.24,"$201,366,679",0.78,201366679.0,0.622,HoopsHype
Los Angeles Clippers,2025,210.1063829787234,28.5,4.77,"$174,124,752",0.67,174124752.0,0.61,HoopsHype
Dallas Mavericks,2023,201.0824742268041,26.3,0.06,"$177,244,238",0.77,177244238.0,0.463,HoopsHype
Dallas Mavericks,2024,232.9090909090909,27.2,2.09,"$167,755,884",0.58,167755884.0,0.61,HoopsHype
Dallas Mavericks,2025,168.133971291866,28.4,-1.15,"$174,411,922",0.51,174411922.0,0.476,HoopsHype
Denver Nuggets,2023,282.3571428571428,26.8,3.34,"$162,338,665",0.51,162338665.0,0.646,HoopsHype
Denver Nuggets,2024,319.6747967479675,26.6,5.44,"$180,922,992",0.9,180922992.0,0.695,HoopsHype
Denver Nuggets,2025,318.16,27.1,3.77,"$185,864,258",0.86,185864258.0,0.61,HoopsHype
Detroit Pistons,2023,227.3837209302326,26.3,-8.33,"$129,153,570",0.53,129153570.0,0.207,HoopsHype
Detroit Pistons,2024,133.7956204379562,25.2,-9.09,"$139,233,014",0.69,139233014.0,0.171,HoopsHype
Detroit Pistons,2025,286.4492753623188,24.7,1.93,"$140,501,660",0.51,140501660.0,0.537,HoopsHype
Golden State Warriors,2023,334.4915254237288,27.6,1.75,"$192,386,134",0.73,192386134.0,0.537,HoopsHype
Golden State Warriors,2024,297.4436090225564,28.2,2.72,"$209,354,737",0.68,209354737.0,0.561,HoopsHype
Golden State Warriors,2025,206.7934782608696,26.6,3.28,"$170,316,619",0.71,170316619.0,0.585,HoopsHype
Houston Rockets,2023,302.2900763358779,26.3,-8.02,"$137,579,793",0.75,137579793.0,0.268,HoopsHype
Houston Rockets,2024,350.5309734513274,26.0,1.0,"$149,356,730",0.44,149356730.0,0.5,HoopsHype
Houston Rockets,2025,339.2241379310345,24.0,4.34,"$163,038,023",0.92,163038023.0,0.634,HoopsHype
Indiana Pacers,2023,248.1761006289308,26.1,-3.16,"$125,706,114",0.63,125706114.0,0.427,HoopsHype
Indiana Pacers,2024,257.1895424836601,25.7,2.99,"$148,722,330",0.72,148722330.0,0.573,HoopsHype
Indiana Pacers,2025,262.7814569536424,25.8,2.3,"$169,543,082",0.92,169543082.0,0.61,HoopsHype
Knicks,2023,352.7433628318584,27.2,3.03,"$148,987,936",0.76,148987936.0,0.573,HoopsHype
Knicks,2024,193.4313725490196,26.9,4.89,"$164,990,518",0.72,164990518.0,0.61,HoopsHype
Knicks,2025,242.0121951219512,25.5,4.09,"$191,906,878",0.57,191906878.0,0.622,HoopsHype
Los Angeles Lakers,2023,201.40625,26.0,0.55,"$169,391,473",0.41,169391473.0,0.524,HoopsHype
Los Angeles Lakers,2024,235.1479289940828,26.9,0.47,"$169,876,920",0.69,169876920.0,0.573,HoopsHype
Los Angeles Lakers,2025,202.041884816754,26.8,1.22,"$192,057,940",0.71,192057940.0,0.61,HoopsHype
Memphis Grizzlies,2023,278.4507042253521,25.2,3.93,"$127,139,520",0.85,127139520.0,0.622,HoopsHype
Memphis Grizzlies,2024,114.3666666666667,25.2,-7.18,"$162,649,524",0.69,162649524.0,0.329,HoopsHype
Memphis Grizzlies,2025,204.3258426966292,24.4,4.72,"$165,903,638",0.76,165903638.0,0.585,HoopsHype
Miami Heat,2023,267.6351351351352,27.7,-0.41,"$151,408,266",0.92,151408266.0,0.537,HoopsHype
Miami Heat,2024,236.9879518072289,27.5,1.64,"$177,143,542",0.73,177143542.0,0.561,HoopsHype
Miami Heat,2025,237.9640718562874,28.0,0.54,"$176,102,077",0.74,176102077.0,0.451,HoopsHype
Milwaukee Bucks,2023,221.4545454545455,29.2,3.49,"$182,930,771",0.87,182930771.0,0.707,HoopsHype
Milwaukee Bucks,2024,296.044776119403,26.9,2.64,"$187,346,674",0.64,187346674.0,0.598,HoopsHype
Milwaukee Bucks,2025,205.7291666666666,29.7,2.47,"$182,559,432",0.66,182559432.0,0.585,HoopsHype
Minnesota Timberwolves,2023,242.1875,26.0,0.02,"$145,793,656",0.64,145793656.0,0.512,HoopsHype
Minnesota Timberwolves,2024,286.6666666666667,26.5,6.65,"$166,434,327",0.92,166434327.0,0.683,HoopsHype
Minnesota Timberwolves,2025,325.0819672131148,25.9,5.19,"$203,708,244",0.73,203708244.0,0.598,HoopsHype
New Orleans Pelicans,2023,318.7096774193548,25.7,1.88,"$148,360,910",0.87,148360910.0,0.512,HoopsHype
New Orleans Pelicans,2024,285.5797101449276,26.4,4.61,"$167,403,924",0.89,167403924.0,0.598,HoopsHype
New Orleans Pelicans,2025,155.9493670886076,26.3,-9.62,"$172,778,396",0.49,172778396.0,0.256,HoopsHype
Oklahoma,2023,301.3934426229508,25.6,1.03,"$148,856,338",0.71,148856338.0,0.488,HoopsHype
Oklahoma,2024,247.4683544303797,24.7,7.31,"$162,515,272",0.74,162515272.0,0.695,HoopsHype
Oklahoma,2025,346.1607142857143,23.6,12.72,"$166,418,720",0.79,166418720.0,0.829,HoopsHype
Orlando Magic,2023,297.0992366412213,24.7,-2.57,"$126,107,324",0.71,126107324.0,0.415,HoopsHype
Orlando Magic,2024,346.8421052631579,25.5,2.1,"$132,643,598",0.87,132643598.0,0.573,HoopsHype
Orlando Magic,2025,340.8849557522124,24.2,-0.08,"$152,308,863",0.77,152308863.0,0.5,HoopsHype
Philadelphia 76ers,2023,271.9178082191781,28.7,4.35,"$164,391,836",0.69,164391836.0,0.659,Spotrac (HoopsHype value was a copy of ORL)
Philadelphia 76ers,2024,178.2790697674419,26.5,3.02,"$181,909,301",0.51,181909301.0,0.573,Spotrac (HoopsHype value was a copy of ORL)
Philadelphia 76ers,2025,143.6693548387097,26.9,-6.42,"$170,340,647",0.38,170340647.0,0.293,Spotrac (HoopsHype value was a copy of ORL)
Phoenix Suns,2023,251.7647058823529,28.0,2.12,"$176,042,453",0.69,176042453.0,0.549,HoopsHype
Phoenix Suns,2024,214.9180327868852,28.4,3.09,"$193,838,882",0.32,193838882.0,0.598,HoopsHype
Phoenix Suns,2025,245.7763975155279,27.9,-3.04,"$220,708,856",0.58,220708856.0,0.439,HoopsHype
Portland Trail Blazers,2023,211.6129032258065,24.6,-4.11,"$144,997,250",0.63,144997250.0,0.402,HoopsHype
Portland Trail Blazers,2024,208.9247311827957,24.3,-9.26,"$165,263,993",0.42,165263993.0,0.256,HoopsHype
Portland Trail Blazers,2025,283.7410071942446,24.9,-2.8,"$167,012,048",0.82,167012048.0,0.439,HoopsHype
Sacramento Kings,2023,235.3571428571429,26.7,2.49,"$139,423,615",0.64,139423615.0,0.585,HoopsHype
Sacramento Kings,2024,267.972972972973,27.7,1.67,"$153,564,021",0.9,153564021.0,0.561,HoopsHype
Sacramento Kings,2025,214.4324324324324,26.0,0.51,"$167,811,057",0.67,167811057.0,0.488,HoopsHype
San Antonio Spurs,2023,186.5573770491804,23.7,2.49,"$104,545,376",0.63,104545376.0,0.268,HoopsHype
San Antonio Spurs,2024,260.1973684210527,25.5,1.67,"$142,867,770",0.82,142867770.0,0.268,HoopsHype
San Antonio Spurs,2025,258.8157894736842,24.0,0.51,"$162,395,330",0.6,162395330.0,0.415,HoopsHype
Toronto Raptors,2023,250.506329113924,26.5,1.51,"$150,992,313",0.86,150992313.0,0.5,HoopsHype
Toronto Raptors,2024,155.9016393442623,25.6,-6.54,"$163,054,678",0.5,163054678.0,0.305,HoopsHype
Toronto Raptors,2025,169.0094339622642,26.1,-4.41,"$170,516,134",0.6,170516134.0,0.366,HoopsHype
Utah Jazz,2023,209.6791443850268,24.6,-1.02,"$148,738,241",0.25,148738241.0,0.451,HoopsHype
Utah Jazz,2024,225.8285714285715,24.8,-5.01,"$133,738,448",0.68,133738448.0,0.378,HoopsHype
Utah Jazz,2025,215.4437869822485,26.1,-9.37,"$154,060,898",0.64,154060898.0,0.207,HoopsHype
Washington Wizards,2023,216.5745856353591,25.9,-1.28,"$152,008,934",0.72,152008934.0,0.427,HoopsHype
Washington Wizards,2024,191.7647058823529,25.1,-9.1,"$150,856,313",0.47,150856313.0,0.183,HoopsHype
Washington Wizards,2025,193.6453201970444,26.2,-12.33,"$173,806,822",0.51,173806822.0,0.22,HoopsHype
