ShortName,TeamAbbreviation,GamesPlayed,Minutes,PlusMinus,OffPoss,Points,FG2M,FG2A,Fg2Pct,FG3M,FG3A,Fg3Pct,NonHeaveFg3Pct,FtPoints,PtsAssisted2s,PtsUnassisted2s,PtsAssisted3s,PtsUnassisted3s,Assisted2sPct,NonPutbacksAssisted2sPct,Assisted3sPct,FG3APct,ShotQualityAvg,EfgPct,TsPct,PtsPutbacks,Fg2aBlocked,FG2APctBlocked,Fg3aBlocked,FG3APctBlocked
"Beasley, Lopez, Lillard, Middleton, Antetokounmpo",MIL,39,599,199,1270,1589,411,657,0.6255707762557078,180,470,0.3829787234042553,0.3846153846153846,227,426,396,459,81,0.5182481751824818,0.5605263157894737,0.85,0.417036379769299,0.5525178222222222,0.6042590949423248,0.631578947368421,62,44,0.0669710806697108,4,0.0085106382978723
"Beasley, Lopez, Lillard, Crowder, Antetokounmpo",MIL,24,293,93,613,754,179,293,0.6109215017064846,93,256,0.36328125,0.36328125,117,166,192,219,60,0.4636871508379888,0.497005988023952,0.7849462365591398,0.4663023679417122,0.5638598720292505,0.5801457194899818,0.6102106969205835,24,21,0.0716723549488054,4,0.015625
"Connaughton, Beasley, Lopez, Lillard, Antetokounmpo",MIL,26,120,67,271,331,62,107,0.5794392523364486,38,97,0.3917525773195876,0.3958333333333333,93,66,58,99,15,0.532258064516129,0.559322033898305,0.868421052631579,0.4754901960784313,0.5369738916256158,0.5833333333333334,0.6573705179282868,6,13,0.1214953271028037,1,0.0103092783505154
"Portis, Connaughton, Beasley, Lopez, Lillard",MIL,33,93,43,202,245,57,109,0.5229357798165137,34,84,0.4047619047619047,0.4096385542168674,29,46,68,75,27,0.4035087719298245,0.4509803921568627,0.7352941176470589,0.4352331606217616,0.5381364583333333,0.5595854922279793,0.5917874396135265,12,11,0.1009174311926605,0,0.0
"Portis, Beasley, Lillard, Crowder, Antetokounmpo",MIL,18,58,-16,120,142,33,56,0.5892857142857143,16,41,0.3902439024390244,0.3902439024390244,28,34,32,48,0,0.5151515151515151,0.6296296296296297,1.0,0.422680412371134,0.5184737113402061,0.5876288659793815,0.6283185840707964,12,0,0.0,2,0.048780487804878
"Portis, Connaughton, Green, Beverley, Antetokounmpo",MIL,9,57,-4,110,123,29,57,0.5087719298245614,17,46,0.3695652173913043,0.3695652173913043,14,30,28,51,0,0.5172413793103449,0.6,1.0,0.4466019417475728,0.5234334951456311,0.529126213592233,0.5495495495495496,8,3,0.0526315789473684,1,0.0217391304347826
"Portis, Beasley, Lopez, Lillard, Crowder",MIL,22,55,-5,109,125,27,59,0.4576271186440678,19,43,0.4418604651162791,0.4418604651162791,14,32,22,51,6,0.5925925925925926,0.6956521739130435,0.8947368421052632,0.4215686274509804,0.5294029411764706,0.5441176470588235,0.5787037037037037,8,4,0.0677966101694915,2,0.0465116279069767
"Portis, Connaughton, Beasley, Lillard, Antetokounmpo",MIL,24,54,27,111,158,39,60,0.65,20,43,0.4651162790697674,0.4651162790697674,20,36,42,54,6,0.4615384615384615,0.5454545454545454,0.9,0.4174757281553398,0.5754456310679611,0.6699029126213593,0.6869565217391305,12,2,0.0333333333333333,0,0.0
"Portis, Connaughton, Beauchamp, Lillard, Antetokounmpo",MIL,14,51,0,110,133,40,70,0.5714285714285714,12,36,0.3333333333333333,0.3333333333333333,17,38,42,27,9,0.475,0.5277777777777778,0.75,0.3396226415094339,0.576683962264151,0.5471698113207547,0.5732758620689655,8,8,0.1142857142857142,0,0.0
"Portis, Beasley, Lopez, Lillard, Middleton",MIL,23,46,-8,99,100,30,65,0.4615384615384615,9,29,0.3103448275862069,0.3103448275862069,13,22,38,24,3,0.3666666666666666,0.4230769230769231,0.8888888888888888,0.3085106382978723,0.5170659574468085,0.4627659574468085,0.495049504950495,8,8,0.123076923076923,0,0.0
"Beasley, Lopez, Lillard, Crowder, Middleton",MIL,9,45,-28,97,112,26,46,0.5652173913043478,16,40,0.4,0.4,12,38,14,33,15,0.7307692307692307,0.8260869565217391,0.6875,0.4651162790697674,0.5342226744186047,0.5813953488372093,0.6086956521739131,6,2,0.0434782608695652,0,0.0
"Payne, Portis, Connaughton, Middleton, Antetokounmpo",MIL,13,45,-1,96,122,35,50,0.7,12,31,0.3870967741935484,0.3870967741935484,16,50,20,36,0,0.7142857142857143,0.7352941176470589,1.0,0.382716049382716,0.5626685185185185,0.654320987654321,0.6703296703296703,2,0,0.0,0,0.0
"Payne, Portis, Connaughton, Beauchamp, Antetokounmpo",MIL,14,44,6,91,110,24,44,0.5454545454545454,15,37,0.4054054054054054,0.4054054054054054,17,24,24,42,3,0.5,0.5714285714285714,0.9333333333333332,0.4567901234567901,0.5489018518518518,0.5740740740740741,0.6055555555555555,6,6,0.1363636363636363,0,0.0
"Beasley, Jackson Jr., Lopez, Lillard, Antetokounmpo",MIL,10,44,-17,92,107,21,44,0.4772727272727273,15,39,0.3846153846153846,0.3846153846153846,20,16,26,39,6,0.3809523809523809,0.4,0.8666666666666667,0.4698795180722891,0.5651759036144578,0.5240963855421686,0.5631578947368421,2,4,0.0909090909090909,0,0.0
"Portis, Connaughton, Jackson Jr., Lillard, Antetokounmpo",MIL,12,42,-2,91,109,20,36,0.5555555555555556,19,39,0.4871794871794871,0.4871794871794871,12,18,22,48,9,0.45,0.4736842105263157,0.8421052631578947,0.52,0.5345926666666667,0.6466666666666666,0.6646341463414634,2,1,0.0277777777777777,0,0.0
"Beasley, Lopez, Beverley, Middleton, Antetokounmpo",MIL,2,40,-10,83,100,29,43,0.6744186046511628,9,29,0.3103448275862069,0.3103448275862069,15,38,20,24,3,0.6551724137931034,0.6785714285714286,0.8888888888888888,0.4027777777777778,0.5775131944444445,0.5902777777777778,0.625,2,2,0.0465116279069767,0,0.0
"Portis, Connaughton, Lopez, Beverley, Lillard",MIL,11,39,-4,82,78,17,34,0.5,7,31,0.2258064516129032,0.2333333333333333,23,18,16,21,0,0.5294117647058824,0.6,1.0,0.4769230769230769,0.50361328125,0.4230769230769231,0.5,4,4,0.1176470588235294,0,0.0
"Portis, Connaughton, Lillard, Crowder, Antetokounmpo",MIL,12,38,-11,80,96,20,37,0.5405405405405406,15,28,0.5357142857142857,0.5769230769230769,11,26,14,36,9,0.65,0.65,0.8,0.4307692307692308,0.5219515873015873,0.6538461538461539,0.631578947368421,0,2,0.054054054054054,1,0.0357142857142857
"Connaughton, Beasley, Lopez, Crowder, Antetokounmpo",MIL,4,35,-2,68,84,22,41,0.5365853658536586,11,31,0.3548387096774194,0.3548387096774194,7,26,18,33,0,0.5909090909090909,0.6190476190476191,1.0,0.4305555555555556,0.5596923611111111,0.5347222222222222,0.5454545454545454,2,5,0.1219512195121951,0,0.0
"Payne, Portis, Beasley, Lopez, Middleton",MIL,16,34,-3,64,74,21,39,0.5384615384615384,8,25,0.32,0.32,8,16,26,21,3,0.3809523809523809,0.4,0.875,0.390625,0.48841015625,0.515625,0.5441176470588235,2,1,0.0256410256410256,0,0.0
"Portis, Connaughton, Green, Crowder, Antetokounmpo",MIL,6,34,1,70,76,21,36,0.5833333333333334,9,35,0.2571428571428571,0.2571428571428571,7,22,20,27,0,0.5238095238095238,0.6470588235294118,1.0,0.4929577464788732,0.5551154929577465,0.4859154929577465,0.5205479452054794,8,2,0.0555555555555555,0,0.0
"Portis, Connaughton, Gallinari, Beverley, Antetokounmpo",MIL,8,32,-21,57,64,14,29,0.4827586206896552,9,25,0.36,0.36,9,12,16,24,3,0.4285714285714285,0.5,0.8888888888888888,0.4629629629629629,0.5405361111111111,0.5092592592592593,0.5423728813559322,4,2,0.0689655172413793,0,0.0
"Beasley, Lopez, Beverley, Lillard, Crowder",MIL,5,31,7,61,74,13,23,0.5652173913043478,14,33,0.4242424242424242,0.4242424242424242,6,10,16,33,9,0.3846153846153846,0.3846153846153846,0.7857142857142857,0.5892857142857143,0.5499785714285714,0.6071428571428571,0.6293103448275862,0,0,0.0,1,0.0303030303030303
"Payne, Beasley, Lopez, Middleton, Antetokounmpo",MIL,10,30,-4,61,60,17,33,0.5151515151515151,6,20,0.3,0.3,8,22,12,15,3,0.6470588235294118,0.6470588235294118,0.8333333333333334,0.3773584905660377,0.5210669811320755,0.490566037735849,0.5263157894736842,0,4,0.1212121212121212,0,0.0
"Jackson Jr., Lopez, Lillard, Middleton, Antetokounmpo",MIL,4,29,15,56,82,13,25,0.52,11,21,0.5238095238095238,0.5238095238095238,23,14,12,27,6,0.5384615384615384,0.5833333333333334,0.8181818181818182,0.4565217391304347,0.5468260869565217,0.6413043478260869,0.675,2,4,0.16,0,0.0
"Portis, Connaughton, Jackson Jr., Lopez, Lillard",MIL,11,29,-2,59,72,22,30,0.7333333333333333,4,21,0.1904761904761904,0.1904761904761904,16,20,24,12,0,0.4545454545454545,0.5,1.0,0.4117647058823529,0.5578911764705882,0.5490196078431373,0.6206896551724138,4,3,0.1,0,0.0
"Payne, Portis, Connaughton, Crowder, Antetokounmpo",MIL,8,27,-16,60,56,14,31,0.4516129032258064,6,22,0.2727272727272727,0.2857142857142857,10,10,18,15,3,0.3571428571428571,0.3846153846153846,0.8333333333333334,0.4150943396226415,0.5300365384615385,0.4339622641509434,0.4666666666666667,2,2,0.064516129032258,0,0.0
"Portis, Connaughton, Lopez, Lillard, Crowder",MIL,12,27,-9,60,54,11,29,0.3793103448275862,6,27,0.2222222222222222,0.2222222222222222,14,4,18,15,3,0.1818181818181818,0.25,0.8333333333333334,0.4821428571428571,0.5277633928571428,0.3571428571428571,0.4285714285714285,6,0,0.0,0,0.0
"Portis, Connaughton, Beauchamp, Lopez, Lillard",MIL,10,25,2,56,65,15,29,0.5172413793103449,7,19,0.3684210526315789,0.3684210526315789,14,12,18,12,9,0.4,0.4615384615384615,0.5714285714285714,0.3958333333333333,0.5327541666666666,0.53125,0.5818181818181818,4,6,0.2068965517241379,0,0.0
"Portis, Connaughton, Beverley, Crowder, Antetokounmpo",MIL,8,24,-2,47,54,18,33,0.5454545454545454,5,16,0.3125,0.3125,3,20,16,15,0,0.5555555555555556,0.6666666666666666,1.0,0.3265306122448979,0.5428275510204081,0.5204081632653061,0.5192307692307693,6,0,0.0,0,0.0
"Portis, Beasley, Lillard, Middleton, Antetokounmpo",MIL,10,24,7,50,64,19,31,0.6129032258064516,5,16,0.3125,0.3125,11,30,8,6,9,0.7894736842105263,0.8333333333333334,0.4,0.3404255319148936,0.5716425531914894,0.5638297872340425,0.5925925925925926,2,4,0.1290322580645161,0,0.0
"Connaughton, Beasley, Lopez, Lillard, Crowder",MIL,8,23,-25,47,49,7,24,0.2916666666666667,10,20,0.5,0.5,5,6,8,27,3,0.4285714285714285,0.5,0.9,0.4545454545454545,0.5308386363636364,0.5,0.5212765957446809,2,2,0.0833333333333333,0,0.0
"Portis, Connaughton, Green, Lopez, Lillard",MIL,5,23,31,50,69,14,22,0.6363636363636364,8,19,0.4210526315789473,0.4210526315789473,17,14,14,21,3,0.5,0.5,0.875,0.4634146341463415,0.5430219512195121,0.6341463414634146,0.71875,0,1,0.0454545454545454,0,0.0
"Payne, Portis, Connaughton, Green, Antetokounmpo",MIL,6,23,18,50,83,19,25,0.76,9,18,0.5,0.5,18,14,24,21,6,0.3684210526315789,0.4117647058823529,0.7777777777777778,0.4186046511627907,0.5501441860465116,0.7558139534883721,0.7980769230769231,4,2,0.08,0,0.0
"Payne, Portis, Beasley, Middleton, Antetokounmpo",MIL,11,23,19,48,61,17,27,0.6296296296296297,5,19,0.2631578947368421,0.2631578947368421,12,14,20,12,3,0.4117647058823529,0.4375,0.8,0.4130434782608695,0.5484413043478261,0.532608695652174,0.5980392156862745,2,4,0.1481481481481481,1,0.0526315789473684
"Portis, Connaughton, Beasley, Lillard, Crowder",MIL,7,23,-14,49,61,11,20,0.55,8,20,0.4,0.4,15,12,10,21,3,0.5454545454545454,0.5454545454545454,0.875,0.5,0.52604125,0.575,0.648936170212766,0,1,0.05,0,0.0
"Portis, Beasley, Beauchamp, Lopez, Lillard",MIL,7,23,19,48,65,16,24,0.6666666666666666,8,19,0.4210526315789473,0.4210526315789473,9,14,18,12,12,0.4375,0.4666666666666667,0.5,0.4418604651162791,0.5320674418604652,0.6511627906976745,0.6808510638297872,2,1,0.0416666666666666,0,0.0
"Portis, Connaughton, Beasley, Beverley, Antetokounmpo",MIL,11,22,-19,41,33,10,22,0.4545454545454545,3,13,0.2307692307692307,0.2307692307692307,4,12,8,6,3,0.6,0.6,0.6666666666666666,0.3714285714285714,0.5317128571428572,0.4142857142857143,0.4459459459459459,0,3,0.1363636363636363,0,0.0
"Payne, Portis, Beauchamp, Middleton, Antetokounmpo",MIL,11,21,12,42,54,12,24,0.5,7,19,0.3684210526315789,0.3684210526315789,9,14,10,21,0,0.5833333333333334,0.7,1.0,0.4418604651162791,0.5428790697674419,0.5232558139534884,0.5510204081632653,4,4,0.1666666666666666,0,0.0
"Portis, Connaughton, Beasley, Crowder, Antetokounmpo",MIL,11,21,21,44,57,13,21,0.6190476190476191,7,17,0.4117647058823529,0.4117647058823529,10,22,4,15,6,0.8461538461538461,0.8461538461538461,0.7142857142857143,0.4473684210526316,0.5594921052631578,0.618421052631579,0.6363636363636364,0,0,0.0,0,0.0
"Portis, Beasley, Beauchamp, Lillard, Antetokounmpo",MIL,8,20,-4,47,50,16,20,0.8,3,16,0.1875,0.1875,9,12,20,6,3,0.375,0.375,0.6666666666666666,0.4444444444444444,0.5809805555555555,0.5694444444444444,0.5975609756097561,0,0,0.0,0,0.0
"Beasley, Jackson Jr., Lopez, Lillard, Middleton",MIL,3,19,-17,40,35,8,18,0.4444444444444444,5,16,0.3125,0.3125,4,8,8,9,6,0.5,0.5,0.6,0.4705882352941176,0.5170764705882354,0.4558823529411764,0.4722222222222222,0,0,0.0,0,0.0
"Portis, Beasley, Lopez, Lillard, Antetokounmpo",MIL,6,18,-7,36,35,6,18,0.3333333333333333,5,19,0.2631578947368421,0.2777777777777778,8,6,6,15,0,0.5,0.6,1.0,0.5135135135135135,0.5452333333333333,0.3648648648648648,0.4268292682926829,2,5,0.2777777777777778,0,0.0
"Portis, Lopez, Beverley, Lillard, Middleton",MIL,3,18,-3,35,36,8,17,0.4705882352941176,4,12,0.3333333333333333,0.3333333333333333,8,8,8,12,0,0.5,0.6666666666666666,1.0,0.4137931034482758,0.5240448275862069,0.4827586206896552,0.5454545454545454,4,2,0.1176470588235294,0,0.0
"Lopez, Beverley, Lillard, Middleton, Antetokounmpo",MIL,2,18,13,35,44,7,11,0.6363636363636364,10,17,0.5882352941176471,0.5882352941176471,0,8,6,30,0,0.5714285714285714,0.6666666666666666,1.0,0.6071428571428571,0.5672803571428572,0.7857142857142857,0.7857142857142857,2,2,0.1818181818181818,0,0.0
"Payne, Portis, Connaughton, Lopez, Middleton",MIL,8,18,-6,35,33,9,18,0.5,3,14,0.2142857142857142,0.2142857142857142,6,6,12,6,3,0.3333333333333333,0.375,0.6666666666666666,0.4375,0.518815625,0.421875,0.4583333333333333,2,0,0.0,0,0.0
"Lopez, Beverley, Lillard, Crowder, Antetokounmpo",MIL,2,17,2,31,42,6,9,0.6666666666666666,9,20,0.45,0.4736842105263157,3,6,6,27,0,0.5,0.6,1.0,0.6896551724137931,0.5932446428571428,0.6724137931034483,0.6774193548387096,2,0,0.0,0,0.0
"Portis, Connaughton, Beverley, Lillard, Antetokounmpo",MIL,9,17,-2,28,30,7,11,0.6363636363636364,3,13,0.2307692307692307,0.2307692307692307,7,10,4,6,3,0.7142857142857143,0.7142857142857143,0.6666666666666666,0.5416666666666666,0.5151583333333333,0.4791666666666667,0.5555555555555556,0,1,0.0909090909090909,0,0.0
"Beasley, Jackson Jr., Lopez, Middleton, Antetokounmpo",MIL,2,17,-6,35,49,12,25,0.48,7,11,0.6363636363636364,0.6363636363636364,4,12,12,21,0,0.5,0.6666666666666666,1.0,0.3055555555555556,0.5470055555555555,0.625,0.631578947368421,6,2,0.08,0,0.0
"Beasley, Green, Lopez, Lillard, Antetokounmpo",MIL,5,16,-18,32,27,4,13,0.3076923076923077,5,15,0.3333333333333333,0.3333333333333333,4,4,4,12,3,0.5,0.5,0.8,0.5357142857142857,0.5061178571428572,0.4107142857142857,0.4354838709677419,0,1,0.0769230769230769,0,0.0
"Portis, Connaughton, Green, Lillard, Antetokounmpo",MIL,8,16,3,34,41,12,16,0.75,4,11,0.3636363636363636,0.3636363636363636,5,12,12,12,0,0.5,0.5454545454545454,1.0,0.4074074074074074,0.5090351851851852,0.6666666666666666,0.6833333333333333,2,0,0.0,0,0.0
"Portis, Beauchamp, Jackson Jr., Lillard, Antetokounmpo",MIL,5,16,5,34,44,15,22,0.6818181818181818,4,10,0.4,0.4,2,8,22,12,0,0.2666666666666666,0.2857142857142857,1.0,0.3125,0.5986234375,0.65625,0.6666666666666666,2,0,0.0,0,0.0
"Portis, Beasley, Lopez, Beverley, Middleton",MIL,3,16,4,29,43,16,21,0.7619047619047619,3,7,0.4285714285714285,0.4285714285714285,2,20,12,3,6,0.625,0.625,0.3333333333333333,0.25,0.5201285714285714,0.7321428571428571,0.7413793103448276,0,1,0.0476190476190476,0,0.0
"Connaughton, Beasley, Lopez, Middleton, Antetokounmpo",MIL,5,16,1,32,37,12,17,0.7058823529411765,3,7,0.4285714285714285,0.4285714285714285,4,18,6,9,0,0.75,0.75,1.0,0.2916666666666667,0.6206875,0.6875,0.6607142857142857,0,1,0.0588235294117647,1,0.1428571428571428
"Payne, Portis, Connaughton, Beauchamp, Crowder",MIL,6,15,-17,28,28,9,19,0.4736842105263157,2,8,0.25,0.25,4,10,8,3,3,0.5555555555555556,0.625,0.5,0.2962962962962963,0.4673444444444444,0.4444444444444444,0.4666666666666667,2,1,0.0526315789473684,0,0.0
"Beauchamp, Jackson Jr., Lopez, Lillard, Antetokounmpo",MIL,2,15,10,32,45,9,14,0.6428571428571429,6,12,0.5,0.5,9,2,16,18,0,0.1111111111111111,0.1666666666666666,1.0,0.4615384615384615,0.588275,0.6923076923076923,0.7258064516129032,6,0,0.0,1,0.0833333333333333
"Payne, Portis, Connaughton, Lillard, Antetokounmpo",MIL,4,15,-13,29,36,9,12,0.75,5,10,0.5,0.5,3,12,6,12,3,0.6666666666666666,0.75,0.8,0.4545454545454545,0.5677227272727273,0.75,0.6923076923076923,2,1,0.0833333333333333,0,0.0
"Payne, Portis, Connaughton, Jackson Jr., Antetokounmpo",MIL,6,15,-10,34,27,7,13,0.5384615384615384,2,13,0.1538461538461538,0.1538461538461538,7,6,8,6,0,0.4285714285714285,0.5,1.0,0.5,0.4997884615384615,0.3846153846153846,0.4333333333333333,2,2,0.1538461538461538,0,0.0
"Beasley, Lillard, Crowder, Middleton, Antetokounmpo",MIL,4,15,-5,31,33,7,16,0.4375,5,11,0.4545454545454545,0.4545454545454545,4,6,8,12,3,0.4285714285714285,0.5,0.8,0.4074074074074074,0.5427388888888889,0.5370370370370371,0.5535714285714286,2,3,0.1875,0,0.0
"Payne, Portis, Beauchamp, Lopez, Middleton",MIL,6,15,18,30,45,16,20,0.8,3,7,0.4285714285714285,0.4285714285714285,4,18,14,6,3,0.5625,0.5625,0.6666666666666666,0.2592592592592592,0.538174074074074,0.7592592592592593,0.7758620689655172,0,1,0.05,0,0.0
"Beauchamp, Lopez, Lillard, Middleton, Antetokounmpo",MIL,5,14,1,32,43,11,20,0.55,2,11,0.1818181818181818,0.1818181818181818,15,10,12,6,0,0.4545454545454545,0.5555555555555556,1.0,0.3548387096774194,0.5287645161290323,0.4516129032258064,0.5263157894736842,4,2,0.1,1,0.0909090909090909
"Payne, Beasley, Lopez, Lillard, Antetokounmpo",MIL,5,14,-3,32,32,10,12,0.8333333333333334,1,11,0.0909090909090909,0.0909090909090909,9,8,12,3,0,0.4,0.4,1.0,0.4782608695652174,0.5813891304347826,0.5,0.5925925925925926,0,1,0.0833333333333333,1,0.0909090909090909
"Portis, Connaughton, Green, Lillard, Crowder",MIL,7,14,7,26,25,9,14,0.6428571428571429,2,10,0.2,0.2,1,10,8,6,0,0.5555555555555556,0.625,1.0,0.4166666666666667,0.5540854166666667,0.5,0.5,2,2,0.1428571428571428,0,0.0
"Portis, Beasley, Lopez, Beverley, Lillard",MIL,4,14,-2,25,28,7,14,0.5,3,12,0.25,0.25,5,6,8,6,3,0.4285714285714285,0.5,0.6666666666666666,0.4615384615384615,0.5315730769230769,0.4423076923076923,0.4821428571428571,2,0,0.0,0,0.0
"Connaughton, Lopez, Lillard, Crowder, Antetokounmpo",MIL,6,13,0,28,31,5,9,0.5555555555555556,3,11,0.2727272727272727,0.2727272727272727,12,2,8,6,3,0.2,0.25,0.6666666666666666,0.55,0.5589225,0.475,0.5357142857142857,2,0,0.0,0,0.0
"Beauchamp, Washington Jr., Green, Jackson Jr., Antetokounmpo",MIL,3,13,0,28,25,5,9,0.5555555555555556,3,14,0.2142857142857142,0.2142857142857142,6,6,4,9,0,0.6,0.6,1.0,0.6086956521739131,0.5453652173913044,0.4130434782608695,0.4807692307692308,0,0,0.0,0,0.0
"Payne, Portis, Connaughton, Beasley, Lopez",MIL,6,12,8,25,44,6,13,0.4615384615384615,10,12,0.8333333333333334,0.8333333333333334,2,6,6,30,0,0.5,0.6,1.0,0.48,0.528454,0.84,0.84,2,0,0.0,0,0.0
"Beasley, Beauchamp, Lopez, Lillard, Antetokounmpo",MIL,7,12,-1,27,29,5,13,0.3846153846153846,5,10,0.5,0.5,4,4,6,12,3,0.4,0.4,0.8,0.4347826086956521,0.5117347826086956,0.5434782608695652,0.5576923076923077,0,1,0.0769230769230769,1,0.1
"Connaughton, Green, Lopez, Lillard, Antetokounmpo",MIL,2,12,2,22,30,6,10,0.6,3,5,0.6,0.6,9,8,4,9,0,0.6666666666666666,0.6666666666666666,1.0,0.3333333333333333,0.5210266666666666,0.7,0.6818181818181818,0,2,0.2,0,0.0
"Portis, Connaughton, Gallinari, Beverley, Middleton",MIL,1,12,-2,20,26,11,15,0.7333333333333333,1,2,0.5,0.5,1,6,16,3,0,0.2727272727272727,0.3333333333333333,1.0,0.1176470588235294,0.5135294117647059,0.7352941176470589,0.7352941176470589,4,1,0.0666666666666666,0,0.0
"Portis, Connaughton, Jackson Jr., Middleton, Antetokounmpo",MIL,3,12,-1,22,24,8,16,0.5,1,8,0.125,0.125,5,6,10,3,0,0.375,0.5,1.0,0.3333333333333333,0.4990458333333333,0.3958333333333333,0.4444444444444444,4,3,0.1875,0,0.0
"Portis, Beauchamp, Green, Lillard, Antetokounmpo",MIL,3,12,10,26,40,9,16,0.5625,6,10,0.6,0.6,4,12,6,15,3,0.6666666666666666,0.75,0.8333333333333334,0.3846153846153846,0.5536576923076922,0.6923076923076923,0.7407407407407407,2,1,0.0625,0,0.0
"Payne, Portis, Connaughton, Beasley, Antetokounmpo",MIL,6,12,2,24,28,8,13,0.6153846153846154,2,11,0.1818181818181818,0.1818181818181818,6,4,12,3,3,0.25,0.3333333333333333,0.5,0.4583333333333333,0.5015375,0.4583333333333333,0.5185185185185185,4,0,0.0,0,0.0
"Payne, Connaughton, Lopez, Lillard, Antetokounmpo",MIL,2,11,-1,22,23,8,11,0.7272727272727273,2,9,0.2222222222222222,0.2222222222222222,1,4,12,6,0,0.25,0.2857142857142857,1.0,0.45,0.599715,0.55,0.575,2,1,0.0909090909090909,1,0.1111111111111111
"Portis, Connaughton, Lopez, Lillard, Middleton",MIL,5,11,-13,23,19,3,8,0.375,2,7,0.2857142857142857,0.2857142857142857,7,2,4,6,0,0.3333333333333333,0.5,1.0,0.4666666666666667,0.5525966666666666,0.4,0.5,2,2,0.25,0,0.0
"Portis, Connaughton, Beauchamp, Jackson Jr., Antetokounmpo",MIL,3,10,-3,21,26,8,12,0.6666666666666666,2,7,0.2857142857142857,0.2857142857142857,4,2,14,6,0,0.125,0.1428571428571428,1.0,0.3684210526315789,0.513621052631579,0.5789473684210527,0.6578947368421053,2,1,0.0833333333333333,0,0.0
"Payne, Portis, Connaughton, Jackson Jr., Lopez",MIL,3,10,12,21,38,10,12,0.8333333333333334,6,9,0.6666666666666666,0.6666666666666666,0,16,4,15,3,0.8,0.8,0.8333333333333334,0.4285714285714285,0.4978738095238095,0.9047619047619048,0.9047619047619048,0,0,0.0,0,0.0
"Connaughton, Lopez, Lillard, Middleton, Antetokounmpo",MIL,8,10,13,22,32,6,11,0.5454545454545454,3,6,0.5,0.5,11,12,0,3,6,1.0,1.0,0.3333333333333333,0.3529411764705882,0.5401911764705882,0.6176470588235294,0.6590909090909091,0,1,0.0909090909090909,0,0.0
"Payne, Portis, Beasley, Crowder, Antetokounmpo",MIL,2,10,0,19,24,6,11,0.5454545454545454,3,12,0.25,0.25,3,4,8,9,0,0.3333333333333333,0.4,1.0,0.5217391304347826,0.5575847826086957,0.4565217391304347,0.48,2,1,0.0909090909090909,0,0.0
"Portis, Connaughton, Green, Gallinari, Beverley",MIL,3,9,0,17,19,8,12,0.6666666666666666,1,2,0.5,0.5,0,2,14,0,3,0.125,0.1428571428571428,0.0,0.1428571428571428,0.5209642857142857,0.6785714285714286,0.6785714285714286,2,0,0.0,0,0.0
"Portis, Connaughton, Green, Beverley, Middleton",MIL,1,9,-3,19,24,7,17,0.4117647058823529,3,4,0.75,0.75,1,6,8,6,3,0.4285714285714285,0.4285714285714285,0.6666666666666666,0.1904761904761904,0.4696309523809523,0.5476190476190477,0.5714285714285714,0,2,0.1176470588235294,1,0.25
"Portis, Connaughton, Lillard, Middleton, Antetokounmpo",MIL,6,9,11,19,37,11,14,0.7857142857142857,3,10,0.3,0.3,6,12,10,9,0,0.5454545454545454,0.6666666666666666,1.0,0.4166666666666667,0.5827749999999999,0.6458333333333334,0.7115384615384616,4,0,0.0,0,0.0
"Beasley, Jackson Jr., Lillard, Middleton, Antetokounmpo",MIL,2,9,4,20,25,4,7,0.5714285714285714,4,11,0.3636363636363636,0.3636363636363636,5,4,4,9,3,0.5,0.6666666666666666,0.75,0.6111111111111112,0.5391694444444445,0.5555555555555556,0.5681818181818182,2,1,0.1428571428571428,0,0.0
"Portis, Connaughton, Beasley, Green, Middleton",MIL,2,9,6,18,21,6,13,0.4615384615384615,3,10,0.3,0.3,0,6,6,3,6,0.5,0.6,0.3333333333333333,0.4347826086956521,0.4850043478260869,0.4565217391304347,0.4565217391304347,2,2,0.1538461538461538,0,0.0
"Payne, Portis, Beauchamp, Jackson Jr., Antetokounmpo",MIL,4,9,-6,15,20,7,9,0.7777777777777778,1,4,0.25,0.25,3,10,4,3,0,0.7142857142857143,0.7142857142857143,1.0,0.3076923076923077,0.6256961538461538,0.6538461538461539,0.625,0,0,0.0,0,0.0
"Portis, Green, Lopez, Beverley, Lillard",MIL,3,9,8,17,26,6,9,0.6666666666666666,3,6,0.5,0.5,5,10,2,9,0,0.8333333333333334,0.8333333333333334,1.0,0.4,0.52763,0.7,0.7222222222222222,0,1,0.1111111111111111,0,0.0
"Portis, Connaughton, Jackson Jr., Beverley, Crowder",MIL,3,9,0,18,27,5,8,0.625,5,7,0.7142857142857143,0.7142857142857143,2,8,2,15,0,0.8,0.8,1.0,0.4666666666666667,0.48496,0.8333333333333334,0.84375,0,0,0.0,0,0.0
"Portis, Connaughton, Beauchamp, Crowder, Antetokounmpo",MIL,2,9,-2,21,23,5,7,0.7142857142857143,1,4,0.25,0.25,10,4,6,3,0,0.4,0.4,1.0,0.3636363636363636,0.5514636363636364,0.5909090909090909,0.71875,0,0,0.0,0,0.0
"Portis, Connaughton, Beasley, Middleton, Antetokounmpo",MIL,5,9,6,19,25,7,12,0.5833333333333334,3,10,0.3,0.3,2,8,6,6,3,0.5714285714285714,0.6666666666666666,0.6666666666666666,0.4545454545454545,0.5321750000000001,0.5227272727272727,0.5434782608695652,2,2,0.1666666666666666,0,0.0
"Portis, Connaughton, Beasley, Green, Antetokounmpo",MIL,2,9,-5,14,15,6,9,0.6666666666666666,1,7,0.1428571428571428,0.1428571428571428,0,10,2,3,0,0.8333333333333334,0.8333333333333334,1.0,0.4375,0.568703125,0.46875,0.46875,0,1,0.1111111111111111,0,0.0
"Payne, Beauchamp, Green, Livingston, Antetokounmpo",MIL,1,9,1,17,19,6,8,0.75,2,6,0.3333333333333333,0.3333333333333333,1,6,6,6,0,0.5,0.5,1.0,0.4285714285714285,0.5699642857142857,0.6428571428571429,0.6785714285714286,0,2,0.25,0,0.0
"Portis, Connaughton, Green, Beverley, Lillard",MIL,3,8,4,18,19,2,5,0.4,3,9,0.3333333333333333,0.3333333333333333,6,4,0,3,6,1.0,1.0,0.3333333333333333,0.6428571428571429,0.4321571428571428,0.4642857142857143,0.5588235294117647,0,1,0.2,1,0.1111111111111111
"Portis, Beasley, Jackson Jr., Lopez, Lillard",MIL,4,8,2,18,29,9,11,0.8181818181818182,2,6,0.3333333333333333,0.3333333333333333,5,6,12,6,0,0.3333333333333333,0.4285714285714285,1.0,0.3529411764705882,0.54625,0.7058823529411765,0.7631578947368421,4,0,0.0,0,0.0
"Payne, Portis, Jackson Jr., Lopez, Middleton",MIL,4,8,-2,18,24,8,14,0.5714285714285714,2,6,0.3333333333333333,0.3333333333333333,2,4,12,6,0,0.25,0.3333333333333333,1.0,0.3,0.539295,0.55,0.5714285714285714,4,0,0.0,0,0.0
"Portis, Connaughton, Green, Beverley, Crowder",MIL,2,8,3,17,21,6,10,0.6,2,7,0.2857142857142857,0.2857142857142857,3,8,4,6,0,0.6666666666666666,0.6666666666666666,1.0,0.4117647058823529,0.5308411764705883,0.5294117647058824,0.5833333333333334,0,1,0.1,0,0.0
"Portis, Connaughton, Green, Jackson Jr., Lillard",MIL,1,8,3,16,23,2,7,0.2857142857142857,4,8,0.5,0.5,7,0,4,9,3,0.0,0.0,0.75,0.5333333333333333,0.5531766666666668,0.5333333333333333,0.6052631578947368,2,1,0.1428571428571428,0,0.0
"Portis, Connaughton, Beasley, Lopez, Middleton",MIL,4,8,-6,15,14,3,8,0.375,2,8,0.25,0.25,2,4,2,3,3,0.6666666666666666,0.6666666666666666,0.5,0.5,0.4876,0.375,0.4117647058823529,0,1,0.125,0,0.0
"Payne, Portis, Beauchamp, Crowder, Antetokounmpo",MIL,2,8,18,16,30,5,9,0.5555555555555556,6,7,0.8571428571428571,0.8571428571428571,2,8,2,18,0,0.8,0.8,1.0,0.4375,0.54618125,0.875,0.8823529411764706,0,0,0.0,0,0.0
"Payne, Beasley, Beauchamp, Lopez, Middleton",MIL,6,8,-10,16,8,1,7,0.1428571428571428,1,3,0.3333333333333333,0.3333333333333333,3,2,0,0,3,1.0,1.0,0.0,0.3,0.505725,0.25,0.3333333333333333,0,0,0.0,0,0.0
"Payne, Portis, Green, Middleton, Antetokounmpo",MIL,3,8,-14,14,14,3,7,0.4285714285714285,2,5,0.4,0.4,2,4,2,6,0,0.6666666666666666,0.6666666666666666,1.0,0.4166666666666667,0.5721833333333334,0.5,0.5384615384615384,0,0,0.0,0,0.0
"Connaughton, Beauchamp, Green, Jackson Jr., Antetokounmpo",MIL,2,8,3,14,20,4,6,0.6666666666666666,4,5,0.8,0.8,0,8,0,12,0,1.0,1.0,1.0,0.4545454545454545,0.5484772727272728,0.9090909090909092,0.9090909090909092,0,0,0.0,0,0.0
"Portis, Beauchamp, Jackson Jr., Lopez, Lillard",MIL,4,8,-13,15,8,4,7,0.5714285714285714,0,2,0.0,0.0,0,4,4,0,0,0.5,0.6666666666666666,0.0,0.2222222222222222,0.6243666666666666,0.4444444444444444,0.4444444444444444,2,1,0.1428571428571428,0,0.0
"Lopez, Lillard, Crowder, Middleton, Antetokounmpo",MIL,4,7,1,16,18,3,6,0.5,1,3,0.3333333333333333,0.3333333333333333,9,4,2,3,0,0.6666666666666666,0.6666666666666666,1.0,0.3333333333333333,0.4404888888888889,0.5,0.6428571428571429,0,0,0.0,0,0.0
"Portis, Connaughton, Jackson Jr., Lopez, Middleton",MIL,3,7,-13,14,18,8,10,0.8,0,2,0.0,0.0,2,12,4,0,0,0.75,0.75,0.0,0.1666666666666666,0.4772125,0.6666666666666666,0.6923076923076923,0,0,0.0,0,0.0
"Portis, Connaughton, Jackson Jr., Lillard, Middleton",MIL,1,7,4,15,17,6,7,0.8571428571428571,1,4,0.25,0.25,2,4,8,3,0,0.3333333333333333,0.3333333333333333,1.0,0.3636363636363636,0.5388954545454546,0.6818181818181818,0.7083333333333334,0,0,0.0,0,0.0
"Payne, Beasley, Lopez, Lillard, Crowder",MIL,1,7,12,17,21,5,6,0.8333333333333334,1,6,0.1666666666666666,0.1666666666666666,8,4,6,3,0,0.4,0.4,1.0,0.5,0.5406375,0.5416666666666666,0.65625,0,0,0.0,2,0.3333333333333333
"Portis, Connaughton, Beasley, Green, Lillard",MIL,4,7,6,14,19,4,9,0.4444444444444444,3,8,0.375,0.375,2,4,4,6,3,0.5,0.6666666666666666,0.6666666666666666,0.4705882352941176,0.497685294117647,0.5,0.5277777777777778,2,2,0.2222222222222222,0,0.0
"Beauchamp, Washington Jr., Rollins, Jackson Jr., Antetokounmpo",MIL,1,7,0,14,15,6,11,0.5454545454545454,1,1,1.0,1.0,0,10,2,3,0,0.8333333333333334,0.8333333333333334,1.0,0.0833333333333333,0.5192083333333334,0.625,0.625,0,1,0.0909090909090909,0,0.0
"Jackson Jr., Livingston, Lopez, Middleton, Antetokounmpo",MIL,1,7,0,14,16,4,6,0.6666666666666666,2,5,0.4,0.4,2,6,2,6,0,0.75,1.0,1.0,0.4545454545454545,0.5885181818181818,0.6363636363636364,0.6666666666666666,2,0,0.0,0,0.0
"Payne, Portis, Green, Lopez, Middleton",MIL,3,7,-1,14,21,6,8,0.75,3,5,0.6,0.6,0,6,6,9,0,0.5,0.6,1.0,0.3846153846153846,0.5414769230769231,0.8076923076923077,0.8076923076923077,2,0,0.0,0,0.0
"Beauchamp, Lopez, Lillard, Crowder, Middleton",MIL,4,7,8,16,22,5,8,0.625,3,6,0.5,0.5,3,6,4,3,6,0.6,0.6,0.3333333333333333,0.4285714285714285,0.5575,0.6785714285714286,0.7333333333333333,0,1,0.125,0,0.0
"Beauchamp, Green, Jackson Jr., Lopez, Crowder",MIL,1,7,-2,12,12,3,5,0.6,2,8,0.25,0.25,0,0,6,3,3,0.0,0.0,0.5,0.6153846153846154,0.4526,0.4615384615384615,0.4615384615384615,0,0,0.0,0,0.0
"Payne, Portis, Connaughton, Lopez, Lillard",MIL,3,7,9,14,14,3,7,0.4285714285714285,2,4,0.5,0.5,2,4,2,6,0,0.6666666666666666,0.6666666666666666,1.0,0.3636363636363636,0.5119363636363636,0.5454545454545454,0.5833333333333334,0,0,0.0,0,0.0
"Portis, Jackson Jr., Lopez, Lillard, Crowder",MIL,3,7,-9,13,18,2,4,0.5,4,11,0.3636363636363636,0.4,2,2,2,6,6,0.5,0.5,0.5,0.7333333333333333,0.5213357142857143,0.5333333333333333,0.5625,0,1,0.25,0,0.0
"Green, Jackson Jr., Gallinari, Beverley, Antetokounmpo",MIL,1,7,-7,12,11,4,7,0.5714285714285714,0,4,0.0,0.0,3,6,2,0,0,0.75,1.0,0.0,0.3636363636363636,0.4645545454545454,0.3636363636363636,0.4230769230769231,2,0,0.0,0,0.0
"Portis, Connaughton, Beasley, Green, Crowder",MIL,1,7,4,11,19,2,4,0.5,5,7,0.7142857142857143,0.7142857142857143,0,4,0,15,0,1.0,1.0,1.0,0.6363636363636364,0.5296,0.8636363636363636,0.8636363636363636,0,0,0.0,0,0.0
"Portis, Connaughton, Beasley, Lopez, Crowder",MIL,2,7,-7,11,9,1,5,0.2,2,4,0.5,0.5,1,2,0,6,0,1.0,1.0,1.0,0.4444444444444444,0.5269833333333334,0.4444444444444444,0.45,0,1,0.2,0,0.0
"Portis, Connaughton, Beverley, Lillard, Crowder",MIL,3,7,7,13,18,3,5,0.6,3,6,0.5,0.5,3,4,2,9,0,0.6666666666666666,0.6666666666666666,1.0,0.5454545454545454,0.5509136363636364,0.6818181818181818,0.75,0,0,0.0,0,0.0
"Payne, Beasley, Lopez, Crowder, Antetokounmpo",MIL,2,6,-4,11,15,6,10,0.6,1,1,1.0,1.0,0,6,6,3,0,0.5,0.6,1.0,0.0909090909090909,0.5351045454545454,0.6818181818181818,0.6818181818181818,2,0,0.0,0,0.0
"Portis, Connaughton, Gallinari, Beverley, Lillard",MIL,2,6,2,13,14,6,10,0.6,0,0,0.0,0.0,2,8,4,0,0,0.6666666666666666,0.6666666666666666,0.0,0.0,0.49107,0.6,0.6363636363636364,0,1,0.1,0,0.0
"Portis, Lillard, Crowder, Middleton, Antetokounmpo",MIL,3,6,6,13,18,4,6,0.6666666666666666,3,6,0.5,0.5,1,6,2,6,3,0.75,0.75,0.6666666666666666,0.5,0.5450416666666666,0.7083333333333334,0.6923076923076923,0,1,0.1666666666666666,0,0.0
"Connaughton, Beauchamp, Green, Livingston, Antetokounmpo",MIL,1,6,-10,13,9,3,6,0.5,1,4,0.25,0.25,0,4,2,3,0,0.6666666666666666,0.6666666666666666,1.0,0.4,0.6180950000000001,0.45,0.4090909090909091,0,1,0.1666666666666666,0,0.0
"Portis, Beasley, Green, Gallinari, Lillard",MIL,1,6,6,12,18,4,6,0.6666666666666666,3,6,0.5,0.5,1,0,8,9,0,0.0,0.0,1.0,0.5,0.5233625000000001,0.7083333333333334,0.75,2,0,0.0,0,0.0
"Payne, Connaughton, Green, Crowder, Antetokounmpo",MIL,1,6,13,13,23,3,3,1.0,4,7,0.5714285714285714,0.5714285714285714,5,2,4,12,0,0.3333333333333333,0.3333333333333333,1.0,0.7,0.5498700000000001,0.9,0.8846153846153846,0,0,0.0,0,0.0
"Connaughton, Beasley, Lopez, Crowder, Antetokounmpo",MIL,1,6,-7,13,11,3,6,0.5,1,4,0.25,0.25,2,6,0,0,3,1.0,1.0,0.0,0.4,0.529625,0.45,0.5,0,0,0.0,0,0.0
"Connaughton, Beauchamp, Lopez, Lillard, Antetokounmpo",MIL,5,6,-7,12,13,3,7,0.4285714285714285,1,3,0.3333333333333333,0.3333333333333333,4,2,4,3,0,0.3333333333333333,0.3333333333333333,1.0,0.3,0.58718,0.45,0.5,0,2,0.2857142857142857,0,0.0
"Portis, Connaughton, Green, Gallinari, Middleton",MIL,1,6,2,13,13,5,8,0.625,1,4,0.25,0.25,0,4,6,3,0,0.4,0.4,1.0,0.3333333333333333,0.4907666666666666,0.5416666666666666,0.5416666666666666,0,0,0.0,0,0.0
"Portis, Connaughton, Beasley, Gallinari, Crowder",MIL,2,6,5,14,11,4,6,0.6666666666666666,1,6,0.1666666666666666,0.1666666666666666,0,4,4,3,0,0.5,0.5,1.0,0.5,0.4888166666666667,0.4583333333333333,0.4583333333333333,0,0,0.0,1,0.1666666666666666
"Portis, Beasley, Lillard, Crowder, Middleton",MIL,3,6,1,15,11,4,8,0.5,1,5,0.2,0.2,0,4,4,3,0,0.5,0.5,1.0,0.3846153846153846,0.5360846153846154,0.4230769230769231,0.3928571428571428,0,0,0.0,0,0.0
"Portis, Connaughton, Green, Crowder, Middleton",MIL,2,6,-6,11,10,3,3,1.0,0,8,0.0,0.0,4,0,6,0,0,0.0,0.0,0.0,0.7272727272727273,0.5155727272727272,0.2727272727272727,0.3846153846153846,2,0,0.0,0,0.0
"Payne, Portis, Beasley, Beauchamp, Antetokounmpo",MIL,3,6,-1,12,11,4,7,0.5714285714285714,0,4,0.0,0.0,3,2,6,0,0,0.25,0.25,0.0,0.3636363636363636,0.561459090909091,0.3636363636363636,0.4230769230769231,0,0,0.0,0,0.0
"Payne, Portis, Connaughton, Beasley, Crowder",MIL,3,6,2,12,18,4,5,0.8,2,5,0.4,0.4,4,2,6,3,3,0.25,0.25,0.5,0.5,0.490055,0.7,0.6923076923076923,0,0,0.0,0,0.0
"Payne, Portis, Beasley, Green, Antetokounmpo",MIL,3,6,-7,11,12,4,5,0.8,1,7,0.1428571428571428,0.1428571428571428,1,2,6,3,0,0.25,0.3333333333333333,1.0,0.5833333333333334,0.557575,0.4583333333333333,0.5,2,0,0.0,0,0.0
"Payne, Connaughton, Lopez, Crowder, Antetokounmpo",MIL,2,6,2,12,17,6,8,0.75,0,1,0.0,0.0,5,6,6,0,0,0.5,0.5,0.0,0.1111111111111111,0.4759666666666666,0.6666666666666666,0.7272727272727273,0,0,0.0,0,0.0
"Beasley, Lopez, Beverley, Crowder, Antetokounmpo",MIL,2,6,1,10,14,4,7,0.5714285714285714,1,3,0.3333333333333333,0.3333333333333333,3,4,4,3,0,0.5,0.5,1.0,0.3,0.47766,0.55,0.5833333333333334,0,1,0.1428571428571428,0,0.0
"Portis, Beasley, Beverley, Crowder, Middleton",MIL,2,6,-10,11,8,3,5,0.6,0,1,0.0,0.0,2,2,4,0,0,0.3333333333333333,0.3333333333333333,0.0,0.1666666666666666,0.4971666666666667,0.5,0.5714285714285714,0,1,0.2,0,0.0
"Payne, Portis, Connaughton, Beauchamp, Lillard",MIL,2,6,2,11,15,2,3,0.6666666666666666,3,4,0.75,0.75,2,4,0,9,0,1.0,1.0,1.0,0.5714285714285714,0.5460142857142857,0.9285714285714286,0.875,0,0,0.0,0,0.0
"Portis, Beasley, Beverley, Lillard, Crowder",MIL,1,6,11,11,20,1,5,0.2,6,6,1.0,1.0,0,0,2,15,3,0.0,0.0,0.8333333333333334,0.5454545454545454,0.4826681818181818,0.9090909090909092,0.9090909090909092,0,0,0.0,0,0.0
"Connaughton, Beasley, Lopez, Middleton, Antetokounmpo",MIL,1,6,2,11,11,1,6,0.1666666666666666,3,7,0.4285714285714285,0.4285714285714285,0,0,2,3,6,0.0,0.0,0.3333333333333333,0.5384615384615384,0.5237153846153846,0.4230769230769231,0.4230769230769231,0,0,0.0,0,0.0
"Beauchamp, Washington Jr., Jackson Jr., Livingston, Antetokounmpo",MIL,2,5,-12,13,7,2,5,0.4,1,3,0.3333333333333333,0.3333333333333333,0,2,2,3,0,0.5,0.5,1.0,0.375,0.54525,0.4375,0.4375,0,0,0.0,0,0.0
"Payne, Portis, Beasley, Lopez, Crowder",MIL,2,5,-8,12,11,4,9,0.4444444444444444,1,3,0.3333333333333333,0.3333333333333333,0,6,2,3,0,0.75,0.75,1.0,0.25,0.5036125,0.4583333333333333,0.4583333333333333,0,1,0.1111111111111111,0,0.0
"Payne, Portis, Beasley, Lillard, Antetokounmpo",MIL,3,5,7,11,20,4,7,0.5714285714285714,3,5,0.6,0.6,3,0,8,6,3,0.0,0.0,0.6666666666666666,0.4166666666666667,0.497675,0.7083333333333334,0.7142857142857143,4,0,0.0,0,0.0
"Payne, Portis, Beasley, Lopez, Lillard",MIL,4,5,6,10,15,5,8,0.625,1,3,0.3333333333333333,0.3333333333333333,2,4,6,3,0,0.4,0.4,1.0,0.2727272727272727,0.5552363636363636,0.5909090909090909,0.625,0,1,0.125,0,0.0
"Payne, Portis, Lopez, Crowder, Middleton",MIL,2,5,-2,12,7,1,6,0.1666666666666666,1,5,0.2,0.2,2,0,2,3,0,0.0,0.0,1.0,0.4545454545454545,0.4881045454545454,0.2272727272727272,0.2916666666666667,0,1,0.1666666666666666,0,0.0
"Payne, Beauchamp, Green, Lopez, Antetokounmpo",MIL,3,5,-4,12,9,0,1,0.0,3,6,0.5,0.5,0,0,0,6,3,0.0,0.0,0.6666666666666666,0.8571428571428571,0.5189642857142858,0.6428571428571429,0.6428571428571429,0,0,0.0,0,0.0
"Portis, Beasley, Lopez, Crowder, Antetokounmpo",MIL,1,5,-7,10,10,3,9,0.3333333333333333,1,3,0.3333333333333333,0.3333333333333333,1,4,2,3,0,0.6666666666666666,1.0,1.0,0.25,0.5162,0.375,0.3846153846153846,2,0,0.0,0,0.0
"Payne, Connaughton, Beasley, Lopez, Antetokounmpo",MIL,3,5,3,9,15,4,5,0.8,2,5,0.4,0.4,1,4,4,3,3,0.5,0.5,0.5,0.5,0.60563,0.7,0.6818181818181818,0,0,0.0,0,0.0
"Payne, Portis, Jackson Jr., Middleton, Antetokounmpo",MIL,3,5,3,12,16,3,4,0.75,2,6,0.3333333333333333,0.3333333333333333,4,2,4,6,0,0.3333333333333333,0.3333333333333333,1.0,0.6,0.558915,0.6,0.6153846153846154,0,0,0.0,0,0.0
"Payne, Portis, Green, Crowder, Antetokounmpo",MIL,1,5,1,11,8,3,7,0.4285714285714285,0,2,0.0,0.0,2,2,4,0,0,0.3333333333333333,0.3333333333333333,0.0,0.2222222222222222,0.5363555555555556,0.3333333333333333,0.4,0,0,0.0,1,0.5
"Payne, Beauchamp, Lopez, Middleton, Antetokounmpo",MIL,2,5,-5,12,13,1,5,0.2,3,3,1.0,1.0,2,2,0,6,3,1.0,1.0,0.6666666666666666,0.375,0.5154375,0.6875,0.65,0,0,0.0,0,0.0
"Portis, Connaughton, Green, Gallinari, Antetokounmpo",MIL,1,5,-5,11,8,3,5,0.6,0,0,0.0,0.0,2,4,2,0,0,0.6666666666666666,0.6666666666666666,0.0,0.0,0.4830599999999999,0.6,0.6666666666666666,0,1,0.2,0,0.0
"Portis, Beasley, Beverley, Lillard, Antetokounmpo",MIL,3,5,-6,11,11,4,8,0.5,1,2,0.5,0.5,0,4,4,3,0,0.5,0.5,1.0,0.2,0.6079600000000001,0.55,0.55,0,3,0.375,0,0.0
"Beasley, Gallinari, Lopez, Beverley, Middleton",MIL,1,5,-7,9,6,0,5,0.0,2,5,0.4,0.4,0,0,0,6,0,0.0,0.0,1.0,0.5,0.49084,0.3,0.3,0,1,0.2,0,0.0
"Beauchamp, Green, Jackson Jr., Gallinari, Antetokounmpo",MIL,3,5,2,13,7,2,5,0.4,1,6,0.1666666666666666,0.1666666666666666,0,2,2,0,3,0.5,0.5,0.0,0.5454545454545454,0.5541,0.3181818181818182,0.3181818181818182,0,2,0.4,0,0.0
"Payne, Portis, Beauchamp, Lopez, Lillard",MIL,2,5,-7,12,7,2,10,0.2,0,1,0.0,0.0,3,4,0,0,0,1.0,1.0,0.0,0.0909090909090909,0.4231454545454545,0.1818181818181818,0.2692307692307692,0,2,0.2,0,0.0
"Portis, Jackson Jr., Lillard, Crowder, Antetokounmpo",MIL,2,5,-2,10,13,4,4,1.0,0,2,0.0,0.0,5,4,4,0,0,0.5,0.5,0.0,0.3333333333333333,0.5414416666666667,0.6666666666666666,0.7222222222222222,0,0,0.0,0,0.0
"Portis, Connaughton, Beauchamp, Lillard, Crowder",MIL,3,5,9,12,17,1,3,0.3333333333333333,5,8,0.625,0.625,0,0,2,15,0,0.0,0.0,1.0,0.7272727272727273,0.599809090909091,0.7727272727272727,0.7727272727272727,0,0,0.0,0,0.0
"Portis, Connaughton, Beasley, Jackson Jr., Lopez",MIL,2,5,-3,8,8,4,6,0.6666666666666666,0,2,0.0,0.0,0,2,6,0,0,0.25,0.25,0.0,0.25,0.5217,0.5,0.5,0,0,0.0,0,0.0
"Payne, Beasley, Jackson Jr., Lopez, Middleton",MIL,4,5,6,13,10,3,6,0.5,1,4,0.25,0.25,1,6,0,3,0,1.0,1.0,1.0,0.4,0.49482,0.45,0.5,0,0,0.0,0,0.0
"Payne, Portis, Beauchamp, Green, Antetokounmpo",MIL,3,5,8,8,15,2,4,0.5,3,3,1.0,1.0,2,0,4,9,0,0.0,0.0,1.0,0.4285714285714285,0.4926571428571428,0.9285714285714286,0.9375,0,1,0.25,0,0.0
"Portis, Washington Jr., Green, Gallinari, Antetokounmpo",MIL,1,5,8,10,14,3,7,0.4285714285714285,2,3,0.6666666666666666,0.6666666666666666,2,2,4,3,3,0.3333333333333333,0.3333333333333333,0.5,0.3,0.54208,0.6,0.6363636363636364,0,1,0.1428571428571428,0,0.0
"Washington Jr., Jackson Jr., Livingston, Gallinari, Crowder",MIL,1,4,-5,9,4,0,3,0.0,0,3,0.0,0.0,4,0,0,0,0,0.0,0.0,0.0,0.5,0.507275,0.0,0.25,0,0,0.0,0,0.0
"Connaughton, Jackson Jr., Lopez, Lillard, Antetokounmpo",MIL,4,4,-2,9,9,2,5,0.4,1,4,0.25,0.25,2,2,2,3,0,0.5,0.5,1.0,0.4444444444444444,0.5875611111111111,0.3888888888888889,0.45,0,0,0.0,0,0.0
"Connaughton, Green, Lopez, Lillard, Crowder",MIL,2,4,5,9,13,4,5,0.8,1,3,0.3333333333333333,0.3333333333333333,2,6,2,3,0,0.75,0.75,1.0,0.375,0.64458125,0.6875,0.7222222222222222,0,0,0.0,0,0.0
"Beasley, Lopez, Lillard, Antetokounmpo, Antetokounmpo",MIL,1,4,-2,9,8,1,2,0.5,1,4,0.25,0.25,3,0,2,0,3,0.0,0.0,0.0,0.6666666666666666,0.4951833333333333,0.4166666666666667,0.5,0,0,0.0,0,0.0
"Beasley, Lopez, Lillard, Middleton, Antetokounmpo",MIL,1,4,-1,9,16,5,5,1.0,2,4,0.5,0.5,0,6,4,3,3,0.6,0.6,0.5,0.4444444444444444,0.5843,0.8888888888888888,0.8888888888888888,0,0,0.0,0,0.0
"Payne, Beasley, Lopez, Crowder, Middleton",MIL,2,4,5,8,13,3,4,0.75,2,5,0.4,0.4,1,2,4,6,0,0.3333333333333333,0.5,1.0,0.5555555555555556,0.508361111111111,0.6666666666666666,0.7222222222222222,2,1,0.25,0,0.0
"Payne, Lopez, Crowder, Middleton, Antetokounmpo",MIL,1,4,-7,8,4,2,4,0.5,0,2,0.0,0.0,0,2,2,0,0,0.5,0.5,0.0,0.3333333333333333,0.4862416666666667,0.3333333333333333,0.3333333333333333,0,1,0.25,0,0.0
"Payne, Portis, Beauchamp, Lillard, Antetokounmpo",MIL,2,4,-4,8,12,4,6,0.6666666666666666,0,1,0.0,0.0,4,2,6,0,0,0.25,0.3333333333333333,0.0,0.1428571428571428,0.5721333333333333,0.5714285714285714,0.6666666666666666,2,1,0.1666666666666666,0,0.0
"Portis, Connaughton, Beauchamp, Crowder, Middleton",MIL,1,4,-11,8,3,1,3,0.3333333333333333,0,4,0.0,0.0,1,2,0,0,0,1.0,1.0,0.0,0.5714285714285714,0.5308071428571429,0.1428571428571428,0.1875,0,0,0.0,0,0.0
"Portis, Beasley, Green, Lopez, Antetokounmpo",MIL,1,4,-5,7,6,1,1,1.0,1,6,0.1666666666666666,0.1666666666666666,1,2,0,3,0,1.0,1.0,1.0,0.8571428571428571,0.5810785714285714,0.3571428571428571,0.375,0,0,0.0,0,0.0
"Payne, Beasley, Jackson Jr., Lopez, Lillard",MIL,1,4,1,8,11,3,4,0.75,1,4,0.25,0.25,2,2,4,3,0,0.3333333333333333,0.3333333333333333,1.0,0.5,0.47311875,0.5625,0.6875,0,0,0.0,0,0.0
"Portis, Beasley, Green, Lillard, Antetokounmpo",MIL,3,4,-2,7,10,2,5,0.4,2,5,0.4,0.4,0,2,2,6,0,0.5,0.5,1.0,0.5,0.590065,0.5,0.5,0,1,0.2,0,0.0
"Connaughton, Beasley, Lopez, Crowder, Middleton",MIL,2,4,-7,8,9,2,5,0.4,1,2,0.5,0.5,2,2,2,3,0,0.5,0.5,1.0,0.2857142857142857,0.5052285714285715,0.5,0.5625,0,1,0.2,0,0.0
"Payne, Green, Livingston, Lopez, Antetokounmpo",MIL,2,4,10,10,15,3,4,0.75,3,5,0.6,0.6,0,2,4,9,0,0.3333333333333333,0.3333333333333333,1.0,0.5555555555555556,0.5453722222222223,0.8333333333333334,0.8333333333333334,0,1,0.25,0,0.0
"Connaughton, Beasley, Jackson Jr., Lillard, Antetokounmpo",MIL,1,4,2,8,11,2,4,0.5,1,3,0.3333333333333333,0.3333333333333333,4,2,2,3,0,0.5,0.5,1.0,0.4285714285714285,0.5053571428571428,0.5,0.6111111111111112,0,0,0.0,0,0.0
"Payne, Portis, Green, Lopez, Lillard",MIL,2,4,-2,10,10,2,3,0.6666666666666666,1,4,0.25,0.25,3,2,2,3,0,0.5,0.5,1.0,0.5714285714285714,0.5165,0.5,0.625,0,0,0.0,0,0.0
"Portis, Green, Jackson Jr., Crowder, Antetokounmpo",MIL,1,4,0,7,8,1,3,0.3333333333333333,2,3,0.6666666666666666,0.6666666666666666,0,2,0,6,0,1.0,1.0,1.0,0.5,0.599625,0.6666666666666666,0.6666666666666666,0,0,0.0,0,0.0
"Portis, Connaughton, Beasley, Green, Lopez",MIL,1,4,-4,7,8,1,3,0.3333333333333333,2,2,1.0,1.0,0,0,2,6,0,0.0,0.0,1.0,0.4,0.4170899999999999,0.8,0.8,0,0,0.0,0,0.0
"Beauchamp, Green, Jackson Jr., Livingston, Antetokounmpo",MIL,1,4,4,8,15,2,3,0.6666666666666666,3,3,1.0,1.0,2,4,0,6,3,1.0,1.0,0.6666666666666666,0.5,0.5521833333333334,1.0833333333333333,1.0714285714285714,0,0,0.0,0,0.0
"Portis, Beauchamp, Green, Lopez, Lillard",MIL,2,4,7,8,14,2,4,0.5,2,2,1.0,1.0,4,2,2,3,3,0.5,0.5,0.5,0.3333333333333333,0.4963583333333333,0.8333333333333334,0.7777777777777778,0,1,0.25,0,0.0
"Beasley, Green, Lillard, Middleton, Antetokounmpo",MIL,1,4,11,8,18,3,3,1.0,3,4,0.75,0.75,3,6,0,9,0,1.0,1.0,1.0,0.5714285714285714,0.5168785714285714,1.0714285714285714,0.9444444444444444,0,0,0.0,0,0.0
"Portis, Connaughton, Lopez, Lillard, Antetokounmpo",MIL,1,4,4,8,12,4,5,0.8,1,3,0.3333333333333333,0.3333333333333333,1,6,2,3,0,0.75,0.75,1.0,0.375,0.51163125,0.6875,0.75,0,0,0.0,0,0.0
"Portis, Jackson Jr., Middleton, Antetokounmpo, Antetokounmpo",MIL,1,4,5,8,16,4,4,1.0,2,2,1.0,1.0,2,4,4,6,0,0.5,0.5,1.0,0.3333333333333333,0.559275,1.1666666666666667,1.1428571428571428,0,0,0.0,0,0.0
"Portis, Connaughton, Green, Jackson Jr., Crowder",MIL,2,4,-2,7,9,1,3,0.3333333333333333,1,1,1.0,1.0,4,2,0,3,0,1.0,1.0,1.0,0.25,0.52445,0.625,0.75,0,0,0.0,0,0.0
"Payne, Portis, Beasley, Jackson Jr., Antetokounmpo",MIL,2,4,1,7,10,1,1,1.0,2,4,0.5,0.5,2,0,2,6,0,0.0,0.0,1.0,0.8,0.54182,0.8,0.8333333333333334,0,0,0.0,0,0.0
"Payne, Portis, Beauchamp, Jackson Jr., Middleton",MIL,1,4,0,7,8,3,6,0.5,0,0,0.0,0.0,2,4,2,0,0,0.6666666666666666,0.6666666666666666,0.0,0.0,0.568,0.5,0.5714285714285714,0,2,0.3333333333333333,0,0.0
"Beauchamp, Washington Jr., Rollins, Livingston, Antetokounmpo",MIL,1,4,8,9,13,5,5,1.0,1,3,0.3333333333333333,0.3333333333333333,0,4,6,3,0,0.4,0.5,1.0,0.375,0.63193125,0.8125,0.8125,2,0,0.0,0,0.0
"Beauchamp, Jackson Jr., Lillard, Crowder, Antetokounmpo",MIL,1,4,0,8,10,3,5,0.6,0,1,0.0,0.0,4,6,0,0,0,1.0,1.0,0.0,0.1666666666666666,0.4757083333333333,0.5,0.625,0,0,0.0,0,0.0
"Payne, Connaughton, Beasley, Lopez, Middleton",MIL,2,4,-9,10,6,3,4,0.75,0,3,0.0,0.0,0,0,6,0,0,0.0,0.0,0.0,0.4285714285714285,0.4672928571428571,0.4285714285714285,0.4285714285714285,0,0,0.0,1,0.3333333333333333
"Connaughton, Beasley, Lillard, Crowder, Antetokounmpo",MIL,3,4,-1,7,12,1,2,0.5,2,2,1.0,1.0,4,0,2,6,0,0.0,0.0,1.0,0.5,0.491925,1.0,1.0,0,0,0.0,0,0.0
"Payne, Portis, Connaughton, Beauchamp, Middleton",MIL,1,4,3,8,11,3,4,0.75,1,3,0.3333333333333333,0.3333333333333333,2,6,0,3,0,1.0,1.0,1.0,0.4285714285714285,0.5516928571428571,0.6428571428571429,0.6875,0,0,0.0,0,0.0
"Payne, Portis, Connaughton, Green, Crowder",MIL,2,4,-1,6,11,3,5,0.6,1,3,0.3333333333333333,0.3333333333333333,2,0,6,3,0,0.0,0.0,1.0,0.375,0.59530625,0.5625,0.6111111111111112,0,0,0.0,0,0.0
"Payne, Portis, Beasley, Green, Crowder",MIL,2,4,-2,6,7,1,1,1.0,1,2,0.5,0.5,2,0,2,3,0,0.0,0.0,1.0,0.6666666666666666,0.5454,0.8333333333333334,0.875,0,0,0.0,0,0.0
"Payne, Portis, Beauchamp, Livingston, Antetokounmpo",MIL,2,4,-7,9,6,3,6,0.5,0,1,0.0,0.0,0,2,4,0,0,0.3333333333333333,0.3333333333333333,0.0,0.1428571428571428,0.4878285714285714,0.4285714285714285,0.4285714285714285,0,2,0.3333333333333333,0,0.0
"Portis, Connaughton, Beauchamp, Lillard, Antetokounmpo",MIL,1,4,3,8,11,2,3,0.6666666666666666,1,1,1.0,1.0,4,2,2,3,0,0.5,0.5,1.0,0.25,0.7902875,0.875,0.9166666666666666,0,0,0.0,0,0.0
"Portis, Connaughton, Beasley, Beverley, Crowder",MIL,3,3,0,7,2,0,2,0.0,0,2,0.0,0.0,2,0,0,0,0,0.0,0.0,0.0,0.5,0.4892875,0.0,0.2,0,0,0.0,0,0.0
"Beasley, Lopez, Beverley, Lillard, Middleton",MIL,2,3,-5,7,5,1,2,0.5,1,3,0.3333333333333333,0.3333333333333333,0,0,2,3,0,0.0,0.0,1.0,0.6,0.5924400000000001,0.5,0.5,0,0,0.0,0,0.0
"Connaughton, Green, Lopez, Lillard, Crowder",MIL,1,3,-5,8,4,2,5,0.4,0,3,0.0,0.0,0,2,2,0,0,0.5,0.5,0.0,0.375,0.43961875,0.25,0.2222222222222222,0,1,0.2,0,0.0
"Beasley, Washington Jr., Jackson Jr., Livingston, Antetokounmpo",MIL,2,3,-11,8,1,0,1,0.0,0,3,0.0,0.0,1,0,0,0,0,0.0,0.0,0.0,0.75,0.487925,0.0,0.1,0,0,0.0,0,0.0
"Connaughton, Beasley, Lopez, Beverley, Antetokounmpo",MIL,2,3,7,7,14,5,6,0.8333333333333334,1,2,0.5,0.5,1,8,2,3,0,0.8,1.0,1.0,0.25,0.5759,0.8125,0.7777777777777778,2,0,0.0,0,0.0
"Beasley, Green, Lopez, Lillard, Crowder",MIL,2,3,1,7,7,0,1,0.0,1,4,0.25,0.25,4,0,0,3,0,0.0,0.0,1.0,0.8,0.45091,0.3,0.5,0,0,0.0,0,0.0
"Portis, Connaughton, Green, Jackson Jr., Lopez",MIL,2,3,-2,5,5,1,2,0.5,1,3,0.3333333333333333,0.3333333333333333,0,2,0,3,0,1.0,1.0,1.0,0.6,0.46123,0.5,0.5,0,1,0.5,0,0.0
"Portis, Connaughton, Beauchamp, Livingston, Lopez",MIL,1,3,5,7,10,4,7,0.5714285714285714,0,0,0.0,0.0,2,4,4,0,0,0.5,0.6666666666666666,0.0,0.0,0.4495428571428571,0.5714285714285714,0.625,2,1,0.1428571428571428,0,0.0
"Portis, Connaughton, Beauchamp, Lillard, Middleton",MIL,2,3,-2,7,10,2,3,0.6666666666666666,1,2,0.5,0.5,3,2,2,3,0,0.5,0.5,1.0,0.4,0.6445700000000001,0.7,0.75,0,0,0.0,0,0.0
"Portis, Beverley, Lillard, Crowder, Middleton",MIL,1,3,-3,7,6,1,1,1.0,0,1,0.0,0.0,4,2,0,0,0,1.0,1.0,0.0,0.5,0.46155,0.5,0.75,0,0,0.0,0,0.0
"Connaughton, Jackson Jr., Lopez, Middleton, Antetokounmpo",MIL,2,3,1,8,13,2,4,0.5,3,3,1.0,1.0,0,2,2,9,0,0.5,0.5,1.0,0.4285714285714285,0.4813214285714285,0.9285714285714286,0.9285714285714286,0,0,0.0,0,0.0
"Portis, Connaughton, Beauchamp, Green, Antetokounmpo",MIL,1,3,-7,7,7,1,4,0.25,1,3,0.3333333333333333,0.3333333333333333,2,0,2,3,0,0.0,0.0,1.0,0.4285714285714285,0.5183,0.3571428571428571,0.4375,2,2,0.5,0,0.0
"Washington Jr., Green, Jackson Jr., Lopez, Antetokounmpo",MIL,1,3,10,8,11,1,2,0.5,2,2,1.0,1.0,3,2,0,3,3,1.0,1.0,0.5,0.5,0.4871125,1.0,0.9166666666666666,0,0,0.0,0,0.0
"Payne, Beauchamp, Green, Jackson Jr., Livingston",MIL,3,3,2,7,6,3,4,0.75,0,0,0.0,0.0,0,4,2,0,0,0.6666666666666666,0.6666666666666666,0.0,0.0,0.6083,0.75,0.75,0,1,0.25,0,0.0
"Beauchamp, Jackson Jr., Livingston, Gallinari, Antetokounmpo",MIL,1,3,1,7,7,2,2,1.0,1,4,0.25,0.25,0,2,2,3,0,0.5,0.5,1.0,0.6666666666666666,0.5372833333333333,0.5833333333333334,0.5833333333333334,0,0,0.0,0,0.0
"Portis, Connaughton, Beasley, Lopez, Beverley",MIL,1,3,5,7,12,3,3,1.0,2,4,0.5,0.5,0,4,2,6,0,0.6666666666666666,0.6666666666666666,1.0,0.5714285714285714,0.4999428571428571,0.8571428571428571,0.8571428571428571,0,0,0.0,0,0.0
"Beasley, Beauchamp, Lopez, Lillard, Middleton",MIL,2,3,-1,5,6,3,4,0.75,0,2,0.0,0.0,0,4,2,0,0,0.6666666666666666,0.6666666666666666,0.0,0.3333333333333333,0.517475,0.5,0.5,0,0,0.0,0,0.0
"Beauchamp, Green, Jackson Jr., Beverley, Antetokounmpo",MIL,1,3,0,6,4,0,2,0.0,1,3,0.3333333333333333,0.3333333333333333,1,0,0,3,0,0.0,0.0,1.0,0.6,0.4762699999999999,0.3,0.3333333333333333,0,0,0.0,0,0.0
"Portis, Green, Jackson Jr., Antetokounmpo, Antetokounmpo",MIL,1,3,5,6,5,1,1,1.0,1,4,0.25,0.25,0,2,0,3,0,1.0,1.0,1.0,0.8,0.47843,0.5,0.4166666666666667,0,0,0.0,0,0.0
"Beasley, Green, Lopez, Lillard, Middleton",MIL,2,3,5,5,8,1,3,0.3333333333333333,2,3,0.6666666666666666,0.6666666666666666,0,0,2,3,3,0.0,0.0,0.5,0.5,0.522875,0.6666666666666666,0.6666666666666666,2,0,0.0,0,0.0
"Payne, Portis, Connaughton, Beauchamp, Jackson Jr.",MIL,1,3,-6,6,5,1,3,0.3333333333333333,1,3,0.3333333333333333,0.3333333333333333,0,0,2,3,0,0.0,0.0,1.0,0.5,0.4800333333333333,0.4166666666666667,0.4166666666666667,0,0,0.0,0,0.0
"Payne, Portis, Green, Jackson Jr., Antetokounmpo",MIL,2,3,-7,5,4,2,4,0.5,0,1,0.0,0.0,0,2,2,0,0,0.5,1.0,0.0,0.2,0.60736,0.4,0.4,2,0,0.0,0,0.0
"Wigginton, Green, Livingston, Lopez, Antetokounmpo",MIL,1,3,1,6,7,2,3,0.6666666666666666,1,2,0.5,0.5,0,0,4,3,0,0.0,0.0,1.0,0.4,0.56599,0.7,0.7,0,0,0.0,0,0.0
"Portis, Connaughton, Beasley, Gallinari, Beverley",MIL,1,3,4,6,10,4,6,0.6666666666666666,0,1,0.0,0.0,2,4,4,0,0,0.5,0.5,0.0,0.1428571428571428,0.5916142857142858,0.5714285714285714,0.7142857142857143,0,0,0.0,0,0.0
"Portis, Connaughton, Jackson Jr., Beverley, Antetokounmpo",MIL,1,3,-4,7,8,2,4,0.5,1,2,0.5,0.5,1,0,4,3,0,0.0,0.0,1.0,0.3333333333333333,0.5665083333333333,0.5833333333333334,0.5,2,0,0.0,0,0.0
"Portis, Beauchamp, Green, Middleton, Antetokounmpo",MIL,2,3,-4,6,4,2,3,0.6666666666666666,0,0,0.0,0.0,0,2,2,0,0,0.5,0.5,0.0,0.0,0.4684666666666666,0.6666666666666666,0.6666666666666666,0,0,0.0,0,0.0
"Portis, Connaughton, Green, Lopez, Beverley",MIL,1,3,2,7,7,2,3,0.6666666666666666,1,2,0.5,0.5,0,0,4,3,0,0.0,0.0,1.0,0.4,0.46271,0.7,0.7,0,0,0.0,0,0.0
"Portis, Connaughton, Lillard, Crowder, Middleton",MIL,2,3,-11,6,2,1,4,0.25,0,2,0.0,0.0,0,2,0,0,0,1.0,1.0,0.0,0.3333333333333333,0.465325,0.1666666666666666,0.1666666666666666,0,0,0.0,0,0.0
"Connaughton, Beauchamp, Green, Gallinari, Antetokounmpo",MIL,1,3,2,7,10,1,1,1.0,2,4,0.5,0.5,2,0,2,6,0,0.0,0.0,1.0,0.8,0.51381,0.8,0.8333333333333334,0,0,0.0,0,0.0
"Portis, Connaughton, Green, Gallinari, Crowder",MIL,1,3,-5,6,2,0,1,0.0,0,1,0.0,0.0,2,0,0,0,0,0.0,0.0,0.0,0.5,0.498925,0.0,0.3333333333333333,0,0,0.0,0,0.0
"Portis, Beauchamp, Lillard, Middleton, Antetokounmpo",MIL,1,3,3,5,8,4,4,1.0,0,3,0.0,0.0,0,2,6,0,0,0.25,0.5,0.0,0.4285714285714285,0.6291357142857142,0.5714285714285714,0.5,4,0,0.0,1,0.3333333333333333
"Connaughton, Green, Jackson Jr., Beverley, Antetokounmpo",MIL,1,3,1,4,5,1,1,1.0,1,3,0.3333333333333333,0.3333333333333333,0,2,0,3,0,1.0,1.0,1.0,0.75,0.6125375,0.625,0.625,0,0,0.0,0,0.0
"Connaughton, Jackson Jr., Lopez, Lillard, Crowder",MIL,1,3,-2,4,3,0,2,0.0,1,1,1.0,1.0,0,0,0,3,0,0.0,0.0,1.0,0.3333333333333333,0.4660666666666667,0.5,0.5,0,0,0.0,0,0.0
"Payne, Portis, Green, Jackson Jr., Lopez",MIL,1,3,-1,6,7,3,4,0.75,0,1,0.0,0.0,1,2,4,0,0,0.3333333333333333,0.3333333333333333,0.0,0.2,0.45315,0.6,0.7,0,0,0.0,0,0.0
"Portis, Lopez, Lillard, Crowder, Middleton",MIL,3,3,-3,6,4,2,3,0.6666666666666666,0,5,0.0,0.0,0,2,2,0,0,0.5,0.5,0.0,0.625,0.50936875,0.25,0.25,0,0,0.0,0,0.0
"Portis, Green, Lillard, Crowder, Antetokounmpo",MIL,1,3,-2,5,5,1,1,1.0,1,2,0.5,0.5,0,0,2,3,0,0.0,0.0,1.0,0.6666666666666666,0.5410666666666667,0.8333333333333334,0.8333333333333334,0,0,0.0,0,0.0
"Connaughton, Beasley, Jackson Jr., Lopez, Middleton",MIL,1,3,-2,6,6,3,4,0.75,0,2,0.0,0.0,0,2,4,0,0,0.3333333333333333,0.5,0.0,0.3333333333333333,0.540125,0.5,0.5,2,0,0.0,0,0.0
"Payne, Bolden, Green, Jackson Jr., Antetokounmpo",MIL,1,3,11,7,13,2,2,1.0,3,4,0.75,0.75,0,2,2,9,0,0.5,0.5,1.0,0.6666666666666666,0.5506583333333334,1.0833333333333333,1.0833333333333333,0,0,0.0,0,0.0
"Connaughton, Green, Gallinari, Beverley, Antetokounmpo",MIL,1,3,-1,4,8,2,2,1.0,1,1,1.0,1.0,1,2,2,3,0,0.5,0.5,1.0,0.3333333333333333,0.4067166666666666,1.1666666666666667,1.1666666666666667,0,0,0.0,0,0.0
"Portis, Beasley, Green, Beverley, Lillard",MIL,1,3,4,4,9,3,3,1.0,1,2,0.5,0.5,0,0,6,3,0,0.0,0.0,1.0,0.4,0.46352,0.9,0.9,0,0,0.0,0,0.0
"Payne, Portis, Crowder, Middleton, Antetokounmpo",MIL,2,3,0,5,8,2,2,1.0,1,2,0.5,0.5,1,4,0,3,0,1.0,1.0,1.0,0.5,0.610125,0.875,0.8,0,0,0.0,0,0.0
"Payne, Beasley, Beauchamp, Lopez, Lillard",MIL,1,3,3,5,11,1,2,0.5,3,3,1.0,1.0,0,0,2,6,3,0.0,0.0,0.6666666666666666,0.6,0.59438,1.1,1.1,0,0,0.0,0,0.0
"Payne, Portis, Beauchamp, Lillard, Crowder",MIL,2,3,-1,6,5,1,2,0.5,1,2,0.5,0.5,0,0,2,0,3,0.0,0.0,0.0,0.5,0.485575,0.625,0.625,0,0,0.0,0,0.0
"Portis, Green, Jackson Jr., Lopez, Lillard",MIL,1,3,3,5,9,0,1,0.0,3,5,0.6,0.6,0,0,0,6,3,0.0,0.0,0.6666666666666666,0.8333333333333334,0.5116916666666667,0.75,0.75,0,0,0.0,0,0.0
"Connaughton, Beasley, Green, Lopez, Lillard",MIL,1,3,-3,5,2,1,1,1.0,0,3,0.0,0.0,0,0,2,0,0,0.0,0.0,0.0,0.75,0.502275,0.25,0.25,0,0,0.0,0,0.0
"Portis, Connaughton, Beasley, Lillard, Middleton",MIL,1,3,4,5,10,2,2,1.0,2,4,0.5,0.5,0,2,2,3,3,0.5,0.5,0.5,0.6666666666666666,0.4857,0.8333333333333334,0.8333333333333334,0,0,0.0,0,0.0
"Connaughton, Beasley, Lopez, Crowder, Middleton",MIL,1,3,-3,5,3,1,3,0.3333333333333333,0,2,0.0,0.0,1,2,0,0,0,1.0,1.0,0.0,0.4,0.5003,0.2,0.3,0,1,0.3333333333333333,0,0.0
"Payne, Connaughton, Beasley, Beauchamp, Lopez",MIL,1,3,-3,5,6,1,1,1.0,0,1,0.0,0.0,4,0,2,0,0,0.0,0.0,0.0,0.5,0.485125,0.5,0.75,0,0,0.0,0,0.0
"Portis, Connaughton, Green, Gallinari, Lillard",MIL,1,3,-5,5,4,1,3,0.3333333333333333,0,1,0.0,0.0,2,2,0,0,0,1.0,1.0,0.0,0.25,0.5621,0.25,0.4,0,0,0.0,0,0.0
"Connaughton, Lopez, Lillard, Crowder, Middleton",MIL,1,3,-4,5,3,1,3,0.3333333333333333,0,2,0.0,0.0,1,0,2,0,0,0.0,0.0,0.0,0.4,0.53776,0.2,0.2,0,0,0.0,0,0.0
"Beasley, Lopez, Beverley, Crowder, Middleton",MIL,2,3,8,6,11,3,5,0.6,1,1,1.0,1.0,2,2,4,3,0,0.3333333333333333,0.3333333333333333,1.0,0.1666666666666666,0.6156,0.75,0.7857142857142857,0,1,0.2,0,0.0
"Lopez, Beverley, Lillard, Crowder, Middleton",MIL,1,3,-6,5,0,0,2,0.0,0,2,0.0,0.0,0,0,0,0,0,0.0,0.0,0.0,0.5,0.477275,0.0,0.0,0,0,0.0,0,0.0
"Payne, Connaughton, Beasley, Lopez, Crowder",MIL,1,3,-3,6,7,2,2,1.0,1,2,0.5,0.5,0,2,2,3,0,0.5,0.5,1.0,0.5,0.4823625,0.875,0.875,0,0,0.0,0,0.0
"Beasley, Lopez, Beverley, Lillard, Antetokounmpo",MIL,1,3,3,6,9,3,3,1.0,0,2,0.0,0.0,3,4,2,0,0,0.6666666666666666,0.6666666666666666,0.0,0.4,0.48738,0.6,0.6428571428571429,0,0,0.0,0,0.0
"Connaughton, Beasley, Jackson Jr., Middleton, Antetokounmpo",MIL,2,2,6,5,11,3,5,0.6,1,1,1.0,1.0,2,4,2,3,0,0.6666666666666666,0.6666666666666666,1.0,0.1666666666666666,0.508725,0.75,0.9166666666666666,0,1,0.2,0,0.0
"Payne, Beasley, Green, Lopez, Middleton",MIL,1,2,5,6,10,1,3,0.3333333333333333,2,2,1.0,1.0,2,0,2,6,0,0.0,0.0,1.0,0.4,0.46235,0.8,0.8333333333333334,0,0,0.0,0,0.0
"Beauchamp, Green, Gallinari, Beverley, Antetokounmpo",MIL,1,2,-9,3,2,1,2,0.5,0,1,0.0,0.0,0,2,0,0,0,1.0,1.0,0.0,0.3333333333333333,0.5315666666666666,0.3333333333333333,0.3333333333333333,0,0,0.0,0,0.0
"Wigginton, Washington Jr., Green, Lopez, Antetokounmpo",MIL,1,2,-7,6,0,0,1,0.0,0,2,0.0,0.0,0,0,0,0,0,0.0,0.0,0.0,0.6666666666666666,0.4448666666666667,0.0,0.0,0,0,0.0,0,0.0
"Portis, Connaughton, Beasley, Lillard, Antetokounmpo",MIL,1,2,0,5,5,1,3,0.3333333333333333,1,2,0.5,0.5,0,2,0,3,0,1.0,1.0,1.0,0.4,0.614,0.5,0.5,0,1,0.3333333333333333,0,0.0
"Beauchamp, Livingston, Lopez, Lillard, Antetokounmpo",MIL,1,2,-7,4,4,2,3,0.6666666666666666,0,1,0.0,0.0,0,0,4,0,0,0.0,0.0,0.0,0.25,0.7155,0.5,0.5,0,1,0.3333333333333333,0,0.0
"Portis, Connaughton, Crowder, Middleton, Antetokounmpo",MIL,1,2,-2,4,4,2,2,1.0,0,2,0.0,0.0,0,4,0,0,0,1.0,1.0,0.0,0.5,0.525825,0.5,0.4,0,0,0.0,0,0.0
"Portis, Connaughton, Beauchamp, Lopez, Middleton",MIL,1,2,-1,5,5,2,3,0.6666666666666666,0,0,0.0,0.0,1,2,2,0,0,0.5,0.5,0.0,0.0,0.5141333333333333,0.6666666666666666,0.625,0,0,0.0,0,0.0
"Portis, Connaughton, Lopez, Crowder, Middleton",MIL,1,2,-4,5,4,2,4,0.5,0,1,0.0,0.0,0,2,2,0,0,0.5,0.5,0.0,0.2,0.45303,0.4,0.4,0,0,0.0,0,0.0
"Portis, Washington Jr., Green, Jackson Jr., Antetokounmpo",MIL,1,2,-2,4,3,0,3,0.0,1,1,1.0,1.0,0,0,0,3,0,0.0,0.0,1.0,0.25,0.5197625,0.375,0.375,0,0,0.0,0,0.0
"Connaughton, Beasley, Gallinari, Lopez, Crowder",MIL,1,2,3,4,5,1,2,0.5,1,1,1.0,1.0,0,2,0,3,0,1.0,1.0,1.0,0.3333333333333333,0.5114666666666666,0.8333333333333334,0.8333333333333334,0,0,0.0,0,0.0
"Beauchamp, Green, Lopez, Middleton, Antetokounmpo",MIL,1,2,8,5,8,2,3,0.6666666666666666,1,2,0.5,0.5,1,2,2,3,0,0.5,0.5,1.0,0.4,0.4822,0.7,0.8,0,0,0.0,0,0.0
"Portis, Connaughton, Green, Lillard, Antetokounmpo",MIL,1,2,-7,5,2,1,2,0.5,0,3,0.0,0.0,0,0,2,0,0,0.0,0.0,0.0,0.6,0.5063799999999999,0.2,0.2,0,0,0.0,0,0.0
"Connaughton, Beasley, Green, Lopez, Middleton",MIL,1,2,-1,4,5,1,2,0.5,1,1,1.0,1.0,0,2,0,3,0,1.0,1.0,1.0,0.3333333333333333,0.5599333333333333,0.8333333333333334,0.8333333333333334,0,0,0.0,0,0.0
"Portis, Connaughton, Beasley, Green, Gallinari",MIL,1,2,-2,5,3,0,3,0.0,1,1,1.0,1.0,0,0,0,3,0,0.0,0.0,1.0,0.25,0.4674875,0.375,0.375,0,1,0.3333333333333333,0,0.0
"Payne, Beauchamp, Jackson Jr., Lopez, Middleton",MIL,1,2,0,6,4,0,1,0.0,1,3,0.3333333333333333,0.3333333333333333,1,0,0,3,0,0.0,0.0,1.0,0.75,0.5122625,0.375,0.4,0,0,0.0,0,0.0
"Payne, Portis, Beasley, Beauchamp, Middleton",MIL,2,2,-5,4,7,2,4,0.5,1,1,1.0,1.0,0,2,2,3,0,0.5,1.0,1.0,0.2,0.5256700000000001,0.7,0.7,2,0,0.0,0,0.0
"Payne, Green, Jackson Jr., Lopez, Antetokounmpo",MIL,2,2,0,4,2,1,2,0.5,0,2,0.0,0.0,0,0,2,0,0,0.0,0.0,0.0,0.5,0.58045,0.25,0.25,0,0,0.0,0,0.0
"Payne, Portis, Beauchamp, Crowder, Middleton",MIL,2,2,-5,4,2,1,3,0.3333333333333333,0,1,0.0,0.0,0,2,0,0,0,1.0,1.0,0.0,0.25,0.4432375,0.25,0.25,0,0,0.0,0,0.0
"Payne, Green, Jackson Jr., Lopez, Antetokounmpo",MIL,2,2,-5,4,0,0,0,0.0,0,1,0.0,0.0,0,0,0,0,0,0.0,0.0,0.0,1.0,0.49035,0.0,0.0,0,0,0.0,0,0.0
"Payne, Portis, Beauchamp, Green, Livingston",MIL,1,2,-1,4,8,1,1,1.0,2,2,1.0,1.0,0,0,2,3,3,0.0,0.0,0.5,0.6666666666666666,0.4994,1.3333333333333333,1.3333333333333333,0,0,0.0,0,0.0
"Portis, Jackson Jr., Livingston, Antetokounmpo, Antetokounmpo",MIL,1,2,-4,3,3,0,0,0.0,1,3,0.3333333333333333,0.3333333333333333,0,0,0,3,0,0.0,0.0,1.0,1.0,0.54625,0.5,0.5,0,0,0.0,0,0.0
"Beauchamp, Green, Gallinari, Beverley, Lillard",MIL,1,2,-2,4,3,0,1,0.0,1,2,0.5,0.5,0,0,0,0,3,0.0,0.0,0.0,0.6666666666666666,0.53455,0.5,0.5,0,0,0.0,0,0.0
"Beasley, Beauchamp, Lillard, Crowder, Antetokounmpo",MIL,1,2,-2,5,5,1,2,0.5,1,2,0.5,0.5,0,2,0,3,0,1.0,1.0,1.0,0.5,0.4987375,0.625,0.625,0,1,0.5,0,0.0
"Portis, Jackson Jr., Lillard, Middleton, Antetokounmpo",MIL,2,2,-6,2,3,0,1,0.0,1,1,1.0,1.0,0,0,0,3,0,0.0,0.0,1.0,0.5,0.415125,0.75,0.75,0,0,0.0,0,0.0
"Connaughton, Jackson Jr., Lillard, Middleton, Antetokounmpo",MIL,1,2,-3,5,3,1,3,0.3333333333333333,0,1,0.0,0.0,1,2,0,0,0,1.0,1.0,0.0,0.25,0.4102875,0.25,0.25,0,1,0.3333333333333333,0,0.0
"Portis, Beasley, Beauchamp, Lillard, Antetokounmpo",MIL,1,2,4,4,6,0,1,0.0,2,2,1.0,1.0,0,0,0,6,0,0.0,0.0,1.0,0.6666666666666666,0.4773833333333333,1.0,1.0,0,0,0.0,0,0.0
"Portis, Beasley, Gallinari, Beverley, Antetokounmpo",MIL,1,2,5,4,8,1,1,1.0,2,2,1.0,1.0,0,0,2,6,0,0.0,0.0,1.0,0.6666666666666666,0.5980166666666666,1.3333333333333333,1.3333333333333333,0,0,0.0,0,0.0
"Beauchamp, Jackson Jr., Livingston, Lopez, Antetokounmpo",MIL,1,2,5,5,8,4,4,1.0,0,2,0.0,0.0,0,4,4,0,0,0.5,0.5,0.0,0.3333333333333333,0.5191583333333333,0.6666666666666666,0.6666666666666666,0,0,0.0,0,0.0
"Payne, Wigginton, Beauchamp, Livingston, Lopez",MIL,1,2,-1,4,4,1,2,0.5,0,1,0.0,0.0,2,0,2,0,0,0.0,0.0,0.0,0.3333333333333333,0.5256666666666666,0.3333333333333333,0.5,0,0,0.0,0,0.0
"Payne, Beauchamp, Green, Jackson Jr., Lopez",MIL,2,2,-3,4,2,1,1,1.0,0,2,0.0,0.0,0,2,0,0,0,1.0,1.0,0.0,0.6666666666666666,0.5341166666666667,0.3333333333333333,0.3333333333333333,0,0,0.0,0,0.0
"Portis, Connaughton, Beauchamp, Jackson Jr., Lopez",MIL,1,2,-3,4,0,0,3,0.0,0,2,0.0,0.0,0,0,0,0,0,0.0,0.0,0.0,0.4,0.48022,0.0,0.0,0,1,0.3333333333333333,1,0.5
"Portis, Connaughton, Beauchamp, Middleton, Antetokounmpo",MIL,2,2,4,2,6,1,1,1.0,1,1,1.0,1.0,1,0,2,3,0,0.0,0.0,1.0,0.5,0.451925,1.25,1.25,0,0,0.0,0,0.0
"Portis, Beasley, Beauchamp, Middleton, Antetokounmpo",MIL,2,2,-2,4,8,4,5,0.8,0,0,0.0,0.0,0,4,4,0,0,0.5,0.6666666666666666,0.0,0.0,0.47192,0.8,0.8,2,0,0.0,0,0.0
"Portis, Connaughton, Beauchamp, Livingston, Antetokounmpo",MIL,1,2,3,4,8,1,1,1.0,2,3,0.6666666666666666,0.6666666666666666,0,2,0,6,0,1.0,1.0,1.0,0.75,0.6168,1.0,1.0,0,0,0.0,0,0.0
"Portis, Beasley, Gallinari, Beverley, Lillard",MIL,1,2,-6,3,0,0,0,0.0,0,1,0.0,0.0,0,0,0,0,0,0.0,0.0,0.0,1.0,0.5091,0.0,0.0,0,0,0.0,0,0.0
"Connaughton, Beasley, Beauchamp, Lopez, Antetokounmpo",MIL,1,2,-4,4,4,0,1,0.0,1,1,1.0,1.0,1,0,0,3,0,0.0,0.0,1.0,0.5,0.587725,0.75,0.6666666666666666,0,0,0.0,0,0.0
"Portis, Connaughton, Beasley, Beverley, Lillard",MIL,1,2,-2,3,5,2,2,1.0,0,1,0.0,0.0,1,0,4,0,0,0.0,0.0,0.0,0.3333333333333333,0.5866333333333333,0.6666666666666666,0.8333333333333334,0,0,0.0,0,0.0
"Beauchamp, Green, Jackson Jr., Livingston, Crowder",MIL,1,2,4,3,7,0,0,0.0,2,2,1.0,1.0,1,0,0,3,3,0.0,0.0,0.5,1.0,0.464625,1.5,1.1666666666666667,0,0,0.0,0,0.0
"Connaughton, Beasley, Lopez, Lillard, Antetokounmpo",MIL,1,2,-1,4,5,1,2,0.5,0,1,0.0,0.0,3,0,2,0,0,0.0,0.0,0.0,0.3333333333333333,0.6401666666666667,0.3333333333333333,0.5,2,1,0.5,0,0.0
"Payne, Portis, Beauchamp, Green, Lopez",MIL,2,2,2,4,4,1,3,0.3333333333333333,0,0,0.0,0.0,2,2,0,0,0,1.0,1.0,0.0,0.0,0.4689,0.3333333333333333,0.5,0,0,0.0,0,0.0
"Connaughton, Gallinari, Beverley, Crowder, Antetokounmpo",MIL,1,2,-1,3,2,1,2,0.5,0,0,0.0,0.0,0,0,2,0,0,0.0,0.0,0.0,0.0,0.59355,0.5,0.5,0,0,0.0,0,0.0
"Beauchamp, Green, Lopez, Lillard, Antetokounmpo",MIL,1,2,-3,4,4,2,2,1.0,0,0,0.0,0.0,0,2,2,0,0,0.5,0.5,0.0,0.0,0.40995,1.0,1.0,0,0,0.0,0,0.0
"Payne, Portis, Connaughton, Beauchamp, Green",MIL,1,2,3,3,5,2,2,1.0,0,1,0.0,0.0,1,2,2,0,0,0.5,0.5,0.0,0.3333333333333333,0.4832166666666667,0.6666666666666666,0.625,0,0,0.0,0,0.0
"Beauchamp, Green, Livingston, Lopez, Antetokounmpo",MIL,1,2,-3,4,5,1,2,0.5,1,1,1.0,1.0,0,0,2,0,3,0.0,0.0,0.0,0.3333333333333333,0.5149166666666667,0.8333333333333334,0.8333333333333334,0,0,0.0,0,0.0
"Payne, Portis, Beauchamp, Lillard, Middleton",MIL,1,2,1,3,4,2,2,1.0,0,1,0.0,0.0,0,2,2,0,0,0.5,0.5,0.0,0.3333333333333333,0.4788166666666666,0.6666666666666666,0.6666666666666666,0,0,0.0,0,0.0
"Portis, Connaughton, Beasley, Beauchamp, Antetokounmpo",MIL,1,2,0,5,3,1,3,0.3333333333333333,0,2,0.0,0.0,1,0,2,0,0,0.0,0.0,0.0,0.4,0.55477,0.2,0.3,0,0,0.0,0,0.0
"Portis, Beasley, Beverley, Middleton, Antetokounmpo",MIL,1,2,-4,4,1,0,2,0.0,0,1,0.0,0.0,1,0,0,0,0,0.0,0.0,0.0,0.3333333333333333,0.5304333333333333,0.0,0.125,0,1,0.5,0,0.0
"Payne, Beauchamp, Jackson Jr., Lopez, Antetokounmpo",MIL,1,2,-2,2,3,0,3,0.0,1,1,1.0,1.0,0,0,0,3,0,0.0,0.0,1.0,0.25,0.4845375,0.375,0.375,0,1,0.3333333333333333,0,0.0
"Connaughton, Green, Lopez, Lillard, Middleton",MIL,1,2,-4,3,2,1,2,0.5,0,1,0.0,0.0,0,2,0,0,0,1.0,1.0,0.0,0.3333333333333333,0.4505166666666667,0.3333333333333333,0.3333333333333333,0,0,0.0,0,0.0
"Portis, Beasley, Green, Lillard, Crowder",MIL,1,2,2,4,4,2,4,0.5,0,1,0.0,0.0,0,0,4,0,0,0.0,0.0,0.0,0.2,0.55942,0.4,0.4,2,0,0.0,0,0.0
"Connaughton, Green, Beverley, Lillard, Antetokounmpo",MIL,1,2,-4,3,1,0,0,0.0,0,3,0.0,0.0,1,0,0,0,0,0.0,0.0,0.0,1.0,0.51645,0.0,0.125,0,0,0.0,0,0.0
"Lopez, Beverley, Crowder, Middleton, Antetokounmpo",MIL,1,2,2,4,4,2,3,0.6666666666666666,0,1,0.0,0.0,0,4,0,0,0,1.0,1.0,0.0,0.25,0.5493,0.5,0.5,0,0,0.0,0,0.0
"Beauchamp, Jackson Jr., Lopez, Middleton, Antetokounmpo",MIL,1,2,1,5,4,1,2,0.5,0,1,0.0,0.0,2,2,0,0,0,1.0,1.0,0.0,0.3333333333333333,0.6066,0.3333333333333333,0.5,0,1,0.5,0,0.0
"Green, Lopez, Beverley, Lillard, Crowder",MIL,2,2,2,3,2,0,0,0.0,0,2,0.0,0.0,2,0,0,0,0,0.0,0.0,0.0,1.0,0.52455,0.0,0.3333333333333333,0,0,0.0,0,0.0
"Portis, Connaughton, Beverley, Lillard, Middleton",MIL,1,2,4,3,6,0,0,0.0,2,4,0.5,0.5,0,0,0,3,3,0.0,0.0,0.5,1.0,0.54585,0.75,0.75,0,0,0.0,0,0.0
"Payne, Portis, Beasley, Green, Lopez",MIL,1,2,2,3,6,1,1,1.0,0,0,0.0,0.0,4,2,0,0,0,1.0,1.0,0.0,0.0,0.4329,1.0,1.0,0,0,0.0,0,0.0
"Payne, Portis, Jackson Jr., Lopez, Lillard",MIL,2,2,-6,3,0,0,0,0.0,0,3,0.0,0.0,0,0,0,0,0,0.0,0.0,0.0,1.0,0.44855,0.0,0.0,0,0,0.0,0,0.0
"Payne, Beauchamp, Jackson Jr., Livingston, Lopez",MIL,2,2,0,4,2,0,2,0.0,0,1,0.0,0.0,2,0,0,0,0,0.0,0.0,0.0,0.3333333333333333,0.4283333333333333,0.0,0.2,0,0,0.0,1,1.0
"Connaughton, Livingston, Lopez, Middleton, Antetokounmpo",MIL,1,2,-3,4,2,0,2,0.0,0,0,0.0,0.0,2,0,0,0,0,0.0,0.0,0.0,0.0,0.4611,0.0,0.3333333333333333,0,0,0.0,0,0.0
"Connaughton, Lopez, Beverley, Lillard, Antetokounmpo",MIL,2,2,2,4,4,0,0,0.0,0,1,0.0,0.0,4,0,0,0,0,0.0,0.0,0.0,1.0,0.5889,0.0,0.6666666666666666,0,0,0.0,0,0.0
"Payne, Connaughton, Beasley, Green, Lopez",MIL,1,2,-5,2,2,1,1,1.0,0,1,0.0,0.0,0,2,0,0,0,1.0,1.0,0.0,0.5,0.5818,0.5,0.5,0,0,0.0,0,0.0
"Connaughton, Gallinari, Lopez, Beverley, Crowder",MIL,1,2,-5,3,1,0,0,0.0,0,2,0.0,0.0,1,0,0,0,0,0.0,0.0,0.0,1.0,0.5127,0.0,0.1666666666666666,0,0,0.0,0,0.0
"Beasley, Washington Jr., Livingston, Gallinari, Crowder",MIL,1,2,2,4,4,2,3,0.6666666666666666,0,1,0.0,0.0,0,2,2,0,0,0.5,0.5,0.0,0.25,0.4770625,0.5,0.5,0,0,0.0,0,0.0
"Beasley, Green, Lopez, Middleton, Antetokounmpo",MIL,1,2,-1,3,3,0,3,0.0,1,1,1.0,1.0,0,0,0,0,3,0.0,0.0,0.0,0.25,0.4805,0.375,0.375,0,0,0.0,0,0.0
"Connaughton, Beauchamp, Lopez, Crowder, Antetokounmpo",MIL,1,2,-1,4,2,0,0,0.0,0,1,0.0,0.0,2,0,0,0,0,0.0,0.0,0.0,1.0,0.53925,0.0,0.25,0,0,0.0,0,0.0
"Beasley, Beauchamp, Lopez, Lillard, Crowder",MIL,1,2,-1,4,5,0,1,0.0,1,1,1.0,1.0,2,0,0,3,0,0.0,0.0,1.0,0.5,0.485175,0.75,0.8333333333333334,0,0,0.0,0,0.0
"Payne, Beasley, Green, Jackson Jr., Lopez",MIL,1,2,5,3,5,1,2,0.5,1,1,1.0,1.0,0,2,0,3,0,1.0,1.0,1.0,0.3333333333333333,0.63735,0.8333333333333334,0.8333333333333334,0,0,0.0,0,0.0
"Payne, Portis, Connaughton, Jackson Jr., Middleton",MIL,1,1,-4,2,2,1,2,0.5,0,0,0.0,0.0,0,2,0,0,0,1.0,1.0,0.0,0.0,0.39815,0.5,0.5,0,0,0.0,0,0.0
"Payne, Portis, Connaughton, Lopez, Crowder",MIL,1,1,4,3,4,2,2,1.0,0,1,0.0,0.0,0,2,2,0,0,0.5,0.5,0.0,0.3333333333333333,0.5653,0.6666666666666666,0.6666666666666666,0,0,0.0,0,0.0
"Portis, Beasley, Green, Lopez, Lillard",MIL,1,1,1,3,3,0,0,0.0,1,3,0.3333333333333333,0.3333333333333333,0,0,0,3,0,0.0,0.0,1.0,1.0,0.56025,0.5,0.5,0,0,0.0,0,0.0
"Portis, Connaughton, Beasley, Lopez, Crowder",MIL,1,1,-2,3,5,1,2,0.5,1,1,1.0,1.0,0,2,0,3,0,1.0,1.0,1.0,0.3333333333333333,0.4457333333333333,0.8333333333333334,0.8333333333333334,0,1,0.5,0,0.0
"Payne, Connaughton, Lopez, Lillard, Crowder",MIL,1,1,-7,2,0,0,1,0.0,0,3,0.0,0.0,0,0,0,0,0,0.0,0.0,0.0,0.75,0.5809,0.0,0.0,0,0,0.0,0,0.0
"Portis, Beauchamp, Lopez, Lillard, Crowder",MIL,1,1,-2,3,0,0,0,0.0,0,1,0.0,0.0,0,0,0,0,0,0.0,0.0,0.0,1.0,0.54915,0.0,0.0,0,0,0.0,0,0.0
"Payne, Beasley, Lopez, Lillard, Middleton",MIL,1,1,-1,3,2,1,3,0.3333333333333333,0,0,0.0,0.0,0,2,0,0,0,1.0,1.0,0.0,0.0,0.4550333333333333,0.3333333333333333,0.3333333333333333,0,0,0.0,0,0.0
"Connaughton, Gallinari, Beverley, Lillard, Antetokounmpo",MIL,1,1,-4,3,0,0,1,0.0,0,1,0.0,0.0,0,0,0,0,0,0.0,0.0,0.0,0.5,0.524,0.0,0.0,0,0,0.0,0,0.0
"Connaughton, Beasley, Green, Gallinari, Lopez",MIL,1,1,-4,2,2,1,2,0.5,0,0,0.0,0.0,0,0,2,0,0,0.0,0.0,0.0,0.0,0.4096,0.5,0.5,0,0,0.0,0,0.0
"Payne, Beasley, Jackson Jr., Middleton, Antetokounmpo",MIL,1,1,0,3,4,0,0,0.0,0,0,0.0,0.0,4,0,0,0,0,0.0,0.0,0.0,0.0,0.0,0.0,1.0,0,0,0.0,0,0.0
"Payne, Beauchamp, Jackson Jr., Lopez, Antetokounmpo",MIL,1,1,2,2,2,1,1,1.0,0,2,0.0,0.0,0,0,2,0,0,0.0,0.0,0.0,0.6666666666666666,0.5071666666666667,0.3333333333333333,0.3333333333333333,2,0,0.0,0,0.0
"Connaughton, Beasley, Green, Lillard, Antetokounmpo",MIL,1,1,0,3,4,0,1,0.0,1,2,0.5,0.5,1,0,0,3,0,0.0,0.0,1.0,0.6666666666666666,0.4957833333333333,0.5,0.5,0,0,0.0,0,0.0
"Connaughton, Beauchamp, Green, Gallinari, Beverley",MIL,1,1,-5,2,0,0,3,0.0,0,0,0.0,0.0,0,0,0,0,0,0.0,0.0,0.0,0.0,0.4184,0.0,0.0,0,1,0.3333333333333333,0,0.0
"Beauchamp, Green, Jackson Jr., Lopez, Antetokounmpo",MIL,1,1,-9,2,0,0,1,0.0,0,0,0.0,0.0,0,0,0,0,0,0.0,0.0,0.0,0.0,0.649,0.0,0.0,0,1,1.0,0,0.0
"Payne, Beasley, Green, Crowder, Antetokounmpo",MIL,1,1,-4,3,0,0,1,0.0,0,2,0.0,0.0,0,0,0,0,0,0.0,0.0,0.0,0.6666666666666666,0.4958666666666667,0.0,0.0,0,0,0.0,0,0.0
"Portis, Connaughton, Green, Jackson Jr., Beverley",MIL,1,1,3,2,3,1,1,1.0,0,1,0.0,0.0,1,2,0,0,0,1.0,1.0,0.0,0.5,0.6842,0.5,0.75,0,0,0.0,0,0.0
"Portis, Jackson Jr., Lopez, Lillard, Middleton",MIL,2,1,4,3,7,3,3,1.0,0,1,0.0,0.0,1,2,4,0,0,0.3333333333333333,0.3333333333333333,0.0,0.25,0.5918875,0.75,0.875,0,0,0.0,0,0.0
"Connaughton, Beauchamp, Green, Jackson Jr., Gallinari",MIL,1,1,-4,2,0,0,1,0.0,0,1,0.0,0.0,0,0,0,0,0,0.0,0.0,0.0,0.5,0.47385,0.0,0.0,0,1,1.0,0,0.0
"Payne, Portis, Connaughton, Green, Livingston",MIL,1,1,1,3,5,0,1,0.0,1,1,1.0,1.0,2,0,0,3,0,0.0,0.0,1.0,0.5,0.5395,0.75,0.8333333333333334,0,0,0.0,0,0.0
"Portis, Green, Jackson Jr., Lopez, Antetokounmpo",MIL,2,1,-4,3,3,0,1,0.0,1,1,1.0,1.0,0,0,0,3,0,0.0,0.0,1.0,0.5,0.564375,0.75,0.75,0,0,0.0,0,0.0
"Connaughton, Beasley, Lopez, Lillard, Middleton",MIL,2,1,-4,3,0,0,0,0.0,0,2,0.0,0.0,0,0,0,0,0,0.0,0.0,0.0,1.0,0.533475,0.0,0.0,0,0,0.0,0,0.0
"Portis, Beverley, Lillard, Crowder, Antetokounmpo",MIL,1,1,-4,3,2,1,2,0.5,0,0,0.0,0.0,0,0,2,0,0,0.0,0.0,0.0,0.0,0.59095,0.5,0.5,0,0,0.0,0,0.0
"Payne, Lopez, Lillard, Crowder, Middleton",MIL,1,1,-4,2,0,0,2,0.0,0,0,0.0,0.0,0,0,0,0,0,0.0,0.0,0.0,0.0,0.45055,0.0,0.0,0,1,0.5,0,0.0
"Payne, Connaughton, Lopez, Crowder, Middleton",MIL,1,1,2,3,5,1,2,0.5,0,0,0.0,0.0,3,0,2,0,0,0.0,0.0,0.0,0.0,0.4435,0.5,0.625,2,0,0.0,0,0.0
"Portis, Connaughton, Beasley, Jackson Jr., Lillard",MIL,1,1,-2,3,0,0,0,0.0,0,1,0.0,0.0,0,0,0,0,0,0.0,0.0,0.0,1.0,0.60795,0.0,0.0,0,0,0.0,0,0.0
"Portis, Beasley, Beauchamp, Jackson Jr., Antetokounmpo",MIL,1,1,3,1,3,0,0,0.0,1,1,1.0,1.0,0,0,0,3,0,0.0,0.0,1.0,1.0,0.5364,1.5,1.5,0,0,0.0,0,0.0
"Portis, Green, Gallinari, Beverley, Lillard",MIL,1,1,2,2,5,0,0,0.0,1,1,1.0,1.0,2,0,0,0,3,0.0,0.0,0.0,1.0,0.5328,1.5,1.25,0,0,0.0,0,0.0
"Portis, Green, Beverley, Lillard, Middleton",MIL,1,1,-3,2,2,1,2,0.5,0,0,0.0,0.0,0,0,2,0,0,0.0,0.0,0.0,0.0,0.4103,0.5,0.5,0,0,0.0,0,0.0
"Portis, Lopez, Beverley, Lillard, Crowder",MIL,1,1,-1,2,3,0,0,0.0,1,2,0.5,0.5,0,0,0,3,0,0.0,0.0,1.0,1.0,0.55695,0.75,0.75,0,0,0.0,0,0.0
"Connaughton, Beasley, Jackson Jr., Lopez, Lillard",MIL,1,1,1,3,8,1,1,1.0,1,1,1.0,1.0,3,2,0,3,0,1.0,1.0,1.0,0.5,0.33465,1.25,1.1666666666666667,0,0,0.0,0,0.0
"Washington Jr., Rollins, Jackson Jr., Livingston, Antetokounmpo",MIL,1,1,-3,2,0,0,1,0.0,0,1,0.0,0.0,0,0,0,0,0,0.0,0.0,0.0,0.5,0.439425,0.0,0.0,0,0,0.0,0,0.0
"Portis, Connaughton, Beauchamp, Jackson Jr., Lillard",MIL,2,1,-2,4,0,0,2,0.0,0,1,0.0,0.0,0,0,0,0,0,0.0,0.0,0.0,0.3333333333333333,0.4530833333333333,0.0,0.0,0,0,0.0,0,0.0
"Connaughton, Lillard, Crowder, Middleton, Antetokounmpo",MIL,2,1,5,6,7,1,1,1.0,0,0,0.0,0.0,5,2,0,0,0,1.0,1.0,0.0,0.0,0.4495,1.0,0.875,0,0,0.0,0,0.0
"Portis, Green, Beverley, Lillard, Crowder",MIL,1,1,7,3,9,0,0,0.0,3,3,1.0,1.0,0,0,0,6,3,0.0,0.0,0.6666666666666666,1.0,0.55125,1.5,1.5,0,0,0.0,0,0.0
"Beasley, Green, Jackson Jr., Lopez, Lillard",MIL,1,1,1,3,3,0,0,0.0,1,3,0.3333333333333333,0.3333333333333333,0,0,0,0,3,0.0,0.0,0.0,1.0,0.5378999999999999,0.5,0.5,0,0,0.0,0,0.0
"Portis, Beasley, Gallinari, Lillard, Middleton",MIL,1,1,4,3,4,2,4,0.5,0,1,0.0,0.0,0,0,4,0,0,0.0,0.0,0.0,0.2,0.56875,0.4,0.4,4,0,0.0,0,0.0
"Portis, Green, Crowder, Middleton, Antetokounmpo",MIL,1,1,5,2,5,2,2,1.0,0,0,0.0,0.0,1,4,0,0,0,1.0,1.0,0.0,0.0,0.6415,1.0,1.25,0,0,0.0,0,0.0
"Payne, Portis, Beauchamp, Jackson Jr., Livingston",MIL,1,1,1,3,2,1,2,0.5,0,1,0.0,0.0,0,2,0,0,0,1.0,1.0,0.0,0.3333333333333333,0.4601333333333333,0.3333333333333333,0.3333333333333333,0,1,0.5,0,0.0
"Portis, Connaughton, Beasley, Crowder, Middleton",MIL,1,1,0,3,3,0,1,0.0,1,1,1.0,1.0,0,0,0,3,0,0.0,0.0,1.0,0.5,0.485425,0.75,0.75,0,0,0.0,0,0.0
"Beauchamp, Lopez, Lillard, Crowder, Antetokounmpo",MIL,1,1,-2,3,0,0,1,0.0,0,1,0.0,0.0,0,0,0,0,0,0.0,0.0,0.0,0.5,0.4565,0.0,0.0,0,0,0.0,0,0.0
"Payne, Portis, Connaughton, Beauchamp, Lopez",MIL,2,1,-3,2,0,0,1,0.0,0,1,0.0,0.0,0,0,0,0,0,0.0,0.0,0.0,0.5,0.4811,0.0,0.0,0,0,0.0,0,0.0
"Portis, Beasley, Washington Jr., Crowder, Antetokounmpo",MIL,1,1,0,2,1,0,0,0.0,0,1,0.0,0.0,1,0,0,0,0,0.0,0.0,0.0,1.0,0.5433,0.0,0.0,0,0,0.0,0,0.0
"Portis, Gallinari, Beverley, Crowder, Antetokounmpo",MIL,1,1,1,1,1,0,1,0.0,0,0,0.0,0.0,1,0,0,0,0,0.0,0.0,0.0,0.0,0.4035,0.0,0.25,0,1,1.0,0,0.0
"Payne, Green, Jackson Jr., Lopez, Middleton",MIL,1,1,-2,2,0,0,1,0.0,0,0,0.0,0.0,0,0,0,0,0,0.0,0.0,0.0,0.0,0.4163,0.0,0.0,0,1,1.0,0,0.0
"Payne, Beauchamp, Crowder, Middleton, Antetokounmpo",MIL,1,1,-3,1,0,0,1,0.0,0,1,0.0,0.0,0,0,0,0,0,0.0,0.0,0.0,0.5,0.6472,0.0,0.0,0,0,0.0,0,0.0
"Payne, Beauchamp, Lopez, Lillard, Crowder",MIL,1,1,-3,2,0,0,1,0.0,0,1,0.0,0.0,0,0,0,0,0,0.0,0.0,0.0,0.5,0.498375,0.0,0.0,0,0,0.0,0,0.0
"Portis, Connaughton, Livingston, Lopez, Middleton",MIL,1,1,-5,2,2,1,1,1.0,0,1,0.0,0.0,0,0,2,0,0,0.0,0.0,0.0,0.5,0.473275,0.5,0.5,0,0,0.0,0,0.0
"Connaughton, Green, Jackson Jr., Gallinari, Antetokounmpo",MIL,1,1,0,2,0,0,0,0.0,0,1,0.0,0.0,0,0,0,0,0,0.0,0.0,0.0,1.0,0.48975,0.0,0.0,0,0,0.0,0,0.0
"Beauchamp, Green, Lopez, Lillard, Antetokounmpo",MIL,1,1,4,2,6,0,0,0.0,2,3,0.6666666666666666,0.6666666666666666,0,0,0,3,3,0.0,0.0,0.5,1.0,0.3723,1.0,1.0,0,0,0.0,0,0.0
"Portis, Connaughton, Beverley, Crowder, Middleton",MIL,2,1,-2,1,0,0,2,0.0,0,0,0.0,0.0,0,0,0,0,0,0.0,0.0,0.0,0.0,0.3932,0.0,0.0,0,1,0.5,0,0.0
"Portis, Beverley, Crowder, Middleton, Antetokounmpo",MIL,1,1,-2,2,0,0,0,0.0,0,1,0.0,0.0,0,0,0,0,0,0.0,0.0,0.0,1.0,0.54615,0.0,0.0,0,0,0.0,0,0.0
"Green, Lopez, Beverley, Lillard, Antetokounmpo",MIL,1,1,2,1,2,0,0,0.0,0,0,0.0,0.0,2,0,0,0,0,0.0,0.0,0.0,0.0,0.0,0.0,1.0,0,0,0.0,0,0.0
"Payne, Portis, Connaughton, Beauchamp, Antetokounmpo",MIL,1,1,1,1,2,1,1,1.0,0,1,0.0,0.0,0,0,2,0,0,0.0,0.0,0.0,0.5,0.482475,0.5,0.5,0,0,0.0,0,0.0
"Payne, Beasley, Beauchamp, Jackson Jr., Lopez",MIL,1,1,-2,2,0,0,1,0.0,0,1,0.0,0.0,0,0,0,0,0,0.0,0.0,0.0,0.5,0.519225,0.0,0.0,0,0,0.0,0,0.0
"Payne, Portis, Connaughton, Lillard, Crowder",MIL,1,1,-3,3,2,1,1,1.0,0,1,0.0,0.0,0,0,2,0,0,0.0,0.0,0.0,0.5,0.5145,0.5,0.5,0,0,0.0,0,0.0
"Portis, Beasley, Green, Lillard, Middleton",MIL,1,1,3,2,3,1,1,1.0,0,1,0.0,0.0,1,2,0,0,0,1.0,1.0,0.0,0.5,0.769375,0.5,0.75,0,0,0.0,0,0.0
"Beasley, Beauchamp, Lillard, Middleton, Antetokounmpo",MIL,1,1,-1,2,2,0,1,0.0,0,0,0.0,0.0,2,0,0,0,0,0.0,0.0,0.0,0.0,0.6098,0.0,0.5,0,0,0.0,0,0.0
"Beasley, Beauchamp, Green, Lopez, Antetokounmpo",MIL,1,1,0,2,0,0,0,0.0,0,2,0.0,0.0,0,0,0,0,0,0.0,0.0,0.0,1.0,0.5106,0.0,0.0,0,0,0.0,0,0.0
"Portis, Beasley, Jackson Jr., Lopez, Antetokounmpo",MIL,1,1,0,2,2,1,1,1.0,0,1,0.0,0.0,0,0,2,0,0,0.0,0.0,0.0,0.5,0.5058,0.5,0.5,0,0,0.0,1,1.0
"Portis, Green, Beverley, Lillard, Antetokounmpo",MIL,1,1,-2,2,0,0,1,0.0,0,1,0.0,0.0,0,0,0,0,0,0.0,0.0,0.0,0.5,0.573775,0.0,0.0,0,0,0.0,0,0.0
"Connaughton, Beasley, Beauchamp, Lopez, Lillard",MIL,1,1,3,2,5,2,2,1.0,0,0,0.0,0.0,1,2,2,0,0,0.5,0.5,0.0,0.0,0.6525,1.0,1.25,0,0,0.0,0,0.0
"Payne, Portis, Connaughton, Beasley, Middleton",MIL,1,1,-2,1,0,0,0,0.0,0,0,0.0,0.0,0,0,0,0,0,0.0,0.0,0.0,0.0,0.0,0.0,0.0,0,0,0.0,0,0.0
"Portis, Beasley, Crowder, Middleton, Antetokounmpo",MIL,1,1,0,1,3,0,1,0.0,1,1,1.0,1.0,0,0,0,3,0,0.0,0.0,1.0,0.5,0.485775,0.75,0.75,0,1,1.0,0,0.0
"Payne, Beasley, Beauchamp, Jackson Jr., Lopez",MIL,1,1,5,2,5,1,1,1.0,1,1,1.0,1.0,0,2,0,3,0,1.0,1.0,1.0,0.5,0.473275,1.25,1.25,0,0,0.0,0,0.0
"Portis, Connaughton, Beauchamp, Green, Jackson Jr.",MIL,1,1,-1,2,0,0,0,0.0,0,1,0.0,0.0,0,0,0,0,0,0.0,0.0,0.0,1.0,0.61605,0.0,0.0,0,0,0.0,0,0.0
"Portis, Jackson Jr., Livingston, Middleton, Antetokounmpo",MIL,1,1,0,1,0,0,1,0.0,0,1,0.0,0.0,0,0,0,0,0,0.0,0.0,0.0,0.5,0.48045,0.0,0.0,0,0,0.0,0,0.0
"Connaughton, Lopez, Beverley, Middleton, Antetokounmpo",MIL,1,1,1,4,4,0,0,0.0,0,0,0.0,0.0,4,0,0,0,0,0.0,0.0,0.0,0.0,0.0,0.0,0.6666666666666666,0,0,0.0,0,0.0
"Beasley, Washington Jr., Lopez, Crowder, Antetokounmpo",MIL,1,1,-1,1,0,0,1,0.0,0,0,0.0,0.0,0,0,0,0,0,0.0,0.0,0.0,0.0,0.3961,0.0,0.0,0,1,1.0,0,0.0
"Portis, Connaughton, Beauchamp, Green, Beverley",MIL,1,1,-1,1,2,1,1,1.0,0,0,0.0,0.0,0,2,0,0,0,1.0,1.0,0.0,0.0,0.7525,1.0,1.0,0,0,0.0,0,0.0
"Portis, Beasley, Jackson Jr., Lopez, Middleton",MIL,1,1,-2,2,0,0,0,0.0,0,0,0.0,0.0,0,0,0,0,0,0.0,0.0,0.0,0.0,0.0,0.0,0.0,0,0,0.0,0,0.0
"Connaughton, Beasley, Green, Lopez, Antetokounmpo",MIL,1,1,2,1,2,1,1,1.0,0,1,0.0,0.0,0,0,2,0,0,0.0,0.0,0.0,0.5,0.540175,0.5,0.5,0,0,0.0,0,0.0
"Beauchamp, Washington Jr., Jackson Jr., Livingston, Gallinari",MIL,1,1,-3,1,0,0,0,0.0,0,0,0.0,0.0,0,0,0,0,0,0.0,0.0,0.0,0.0,0.0,0.0,0.0,0,0,0.0,0,0.0
"Connaughton, Beauchamp, Lopez, Lillard, Middleton",MIL,1,1,5,2,5,1,1,1.0,1,1,1.0,1.0,0,2,0,0,3,1.0,1.0,0.0,0.5,0.63615,1.25,1.25,0,0,0.0,0,0.0
"Portis, Connaughton, Beasley, Jackson Jr., Middleton",MIL,1,1,-1,1,2,1,1,1.0,0,1,0.0,0.0,0,0,2,0,0,0.0,0.0,0.0,0.5,0.616325,0.5,0.5,2,0,0.0,0,0.0
"Payne, Portis, Lopez, Lillard, Middleton",MIL,1,1,3,1,3,0,0,0.0,1,1,1.0,1.0,0,0,0,0,3,0.0,0.0,0.0,1.0,0.53865,1.5,1.5,0,0,0.0,0,0.0
"Portis, Lopez, Beverley, Crowder, Middleton",MIL,1,1,2,1,2,1,1,1.0,0,1,0.0,0.0,0,2,0,0,0,1.0,1.0,0.0,0.5,0.4444,0.5,0.5,0,0,0.0,0,0.0
"Connaughton, Beauchamp, Lillard, Crowder, Antetokounmpo",MIL,1,1,0,1,0,0,0,0.0,0,1,0.0,0.0,0,0,0,0,0,0.0,0.0,0.0,1.0,0.40185,0.0,0.0,0,0,0.0,0,0.0
"Connaughton, Jackson Jr., Livingston, Lopez, Lillard",MIL,1,1,0,1,0,0,1,0.0,0,0,0.0,0.0,0,0,0,0,0,0.0,0.0,0.0,0.0,0.8257,0.0,0.0,0,0,0.0,0,0.0
"Washington Jr., Livingston, Gallinari, Beverley, Crowder",MIL,1,1,3,1,3,1,1,1.0,0,0,0.0,0.0,1,0,2,0,0,0.0,0.0,0.0,0.0,0.3906,1.0,1.5,0,0,0.0,0,0.0
"Portis, Connaughton, Lopez, Beverley, Middleton",MIL,1,0,-1,1,2,0,0,0.0,0,0,0.0,0.0,2,0,0,0,0,0.0,0.0,0.0,0.0,0.0,0.0,1.0,0,0,0.0,0,0.0
"Portis, Beasley, Beauchamp, Gallinari, Middleton",MIL,1,0,1,1,2,1,1,1.0,0,0,0.0,0.0,0,0,2,0,0,0.0,0.0,0.0,0.0,0.4008,1.0,1.0,0,0,0.0,0,0.0
"Portis, Beverley, Lillard, Middleton, Antetokounmpo",MIL,1,0,0,0,0,0,1,0.0,0,0,0.0,0.0,0,0,0,0,0,0.0,0.0,0.0,0.0,0.8221,0.0,0.0,0,0,0.0,0,0.0
"Connaughton, Beasley, Washington Jr., Jackson Jr., Antetokounmpo",MIL,1,0,2,1,2,1,1,1.0,0,0,0.0,0.0,0,2,0,0,0,1.0,1.0,0.0,0.0,0.4132,1.0,1.0,0,0,0.0,0,0.0
"Portis, Beauchamp, Jackson Jr., Gallinari, Beverley",MIL,1,0,2,2,2,1,1,1.0,0,0,0.0,0.0,0,2,0,0,0,1.0,1.0,0.0,0.0,0.6254,1.0,1.0,0,0,0.0,0,0.0
"Payne, Connaughton, Lopez, Middleton, Antetokounmpo",MIL,1,0,-2,1,0,0,1,0.0,0,0,0.0,0.0,0,0,0,0,0,0.0,0.0,0.0,0.0,0.4387,0.0,0.0,0,0,0.0,0,0.0
"Portis, Beasley, Washington Jr., Green, Lopez",MIL,1,0,-2,1,0,0,1,0.0,0,0,0.0,0.0,0,0,0,0,0,0.0,0.0,0.0,0.0,0.4172,0.0,0.0,0,0,0.0,0,0.0
"Portis, Beauchamp, Jackson Jr., Lopez, Middleton",MIL,1,0,2,1,2,1,1,1.0,0,0,0.0,0.0,0,2,0,0,0,1.0,1.0,0.0,0.0,0.6213,1.0,1.0,0,0,0.0,0,0.0
"Portis, Connaughton, Jackson Jr., Lopez, Antetokounmpo",MIL,1,0,1,1,1,0,0,0.0,0,0,0.0,0.0,1,0,0,0,0,0.0,0.0,0.0,0.0,0.0,0.0,0.0,0,0,0.0,0,0.0
"Connaughton, Beasley, Beverley, Lillard, Antetokounmpo",MIL,2,0,0,3,2,0,0,0.0,0,0,0.0,0.0,2,0,0,0,0,0.0,0.0,0.0,0.0,0.0,0.0,1.0,0,0,0.0,0,0.0
"Beauchamp, Jackson Jr., Lopez, Lillard, Antetokounmpo",MIL,1,0,-2,1,0,0,0,0.0,0,0,0.0,0.0,0,0,0,0,0,0.0,0.0,0.0,0.0,0.0,0.0,0.0,0,0,0.0,0,0.0
"Connaughton, Jackson Jr., Crowder, Middleton, Antetokounmpo",MIL,1,0,-3,1,0,0,0,0.0,0,1,0.0,0.0,0,0,0,0,0,0.0,0.0,0.0,1.0,0.6093,0.0,0.0,0,0,0.0,0,0.0
"Payne, Beasley, Beauchamp, Lopez, Crowder",MIL,1,0,0,1,0,0,0,0.0,0,0,0.0,0.0,0,0,0,0,0,0.0,0.0,0.0,0.0,0.0,0.0,0.0,0,0,0.0,0,0.0
"Portis, Connaughton, Beasley, Jackson Jr., Antetokounmpo",MIL,1,0,-2,1,0,0,0,0.0,0,0,0.0,0.0,0,0,0,0,0,0.0,0.0,0.0,0.0,0.0,0.0,0.0,0,0,0.0,0,0.0
"Wigginton, Bolden, Green, Livingston, Antetokounmpo",MIL,1,0,-3,1,0,0,0,0.0,0,0,0.0,0.0,0,0,0,0,0,0.0,0.0,0.0,0.0,0.0,0.0,0.0,0,0,0.0,0,0.0
"Payne, Connaughton, Beasley, Lopez, Antetokounmpo",MIL,1,0,0,1,0,0,0,0.0,0,1,0.0,0.0,0,0,0,0,0,0.0,0.0,0.0,1.0,0.5805,0.0,0.0,0,0,0.0,0,0.0
"Payne, Connaughton, Beasley, Lillard, Antetokounmpo",MIL,1,0,-2,1,0,0,0,0.0,0,0,0.0,0.0,0,0,0,0,0,0.0,0.0,0.0,0.0,0.0,0.0,0.0,0,0,0.0,0,0.0
"Payne, Connaughton, Jackson Jr., Lopez, Antetokounmpo",MIL,1,0,2,1,2,0,0,0.0,0,0,0.0,0.0,2,0,0,0,0,0.0,0.0,0.0,0.0,0.0,0.0,1.0,0,0,0.0,0,0.0
"Portis, Beauchamp, Jackson Jr., Middleton, Antetokounmpo",MIL,1,0,-2,0,0,0,0,0.0,0,0,0.0,0.0,0,0,0,0,0,0.0,0.0,0.0,0.0,0.0,0.0,0.0,0,0,0.0,0,0.0
"Payne, Beasley, Beauchamp, Jackson Jr., Antetokounmpo",MIL,1,0,0,1,2,0,0,0.0,0,0,0.0,0.0,2,0,0,0,0,0.0,0.0,0.0,0.0,0.0,0.0,1.0,0,0,0.0,0,0.0
"Connaughton, Green, Jackson Jr., Lopez, Lillard",MIL,1,0,3,1,3,1,1,1.0,0,0,0.0,0.0,1,0,2,0,0,0.0,0.0,0.0,0.0,0.4602,1.0,1.5,0,0,0.0,0,0.0
"Portis, Connaughton, Beasley, Beverley, Middleton",MIL,1,0,-2,1,0,0,0,0.0,0,0,0.0,0.0,0,0,0,0,0,0.0,0.0,0.0,0.0,0.0,0.0,0.0,0,0,0.0,0,0.0
"Connaughton, Beasley, Green, Jackson Jr., Lopez",MIL,1,0,0,1,0,0,0,0.0,0,1,0.0,0.0,0,0,0,0,0,0.0,0.0,0.0,1.0,0.3153,0.0,0.0,0,0,0.0,0,0.0
"Connaughton, Beasley, Lillard, Middleton, Antetokounmpo",MIL,1,0,3,1,3,0,0,0.0,1,2,0.5,0.5,0,0,0,3,0,0.0,0.0,1.0,1.0,0.360525,0.75,0.75,0,0,0.0,0,0.0
"Beasley, Beauchamp, Lopez, Middleton, Antetokounmpo",MIL,1,0,0,0,0,0,0,0.0,0,0,0.0,0.0,0,0,0,0,0,0.0,0.0,0.0,0.0,0.0,0.0,0.0,0,0,0.0,0,0.0
"Beasley, Beverley, Lillard, Crowder, Antetokounmpo",MIL,2,0,0,0,0,0,0,0.0,0,0,0.0,0.0,0,0,0,0,0,0.0,0.0,0.0,0.0,0.0,0.0,0.0,0,0,0.0,0,0.0
"Payne, Portis, Beasley, Lopez, Crowder",MIL,1,0,0,0,0,0,0,0.0,0,0,0.0,0.0,0,0,0,0,0,0.0,0.0,0.0,0.0,0.0,0.0,0.0,0,0,0.0,0,0.0
"Portis, Connaughton, Green, Middleton, Antetokounmpo",MIL,1,0,2,1,2,0,1,0.0,0,0,0.0,0.0,2,0,0,0,0,0.0,0.0,0.0,0.0,0.4129,0.0,0.5,0,0,0.0,0,0.0
"Payne, Portis, Beasley, Crowder, Middleton",MIL,1,0,-2,0,0,0,0,0.0,0,0,0.0,0.0,0,0,0,0,0,0.0,0.0,0.0,0.0,0.0,0.0,0.0,0,0,0.0,0,0.0
"Portis, Green, Jackson Jr., Middleton, Antetokounmpo",MIL,1,0,0,0,0,0,0,0.0,0,0,0.0,0.0,0,0,0,0,0,0.0,0.0,0.0,0.0,0.0,0.0,0.0,0,0,0.0,0,0.0
"Portis, Beauchamp, Lillard, Crowder, Middleton",MIL,1,0,0,0,0,0,0,0.0,0,0,0.0,0.0,0,0,0,0,0,0.0,0.0,0.0,0.0,0.0,0.0,0.0,0,0,0.0,0,0.0
"Connaughton, Beasley, Green, Jackson Jr., Antetokounmpo",MIL,1,0,-2,1,0,0,0,0.0,0,0,0.0,0.0,0,0,0,0,0,0.0,0.0,0.0,0.0,0.0,0.0,0.0,0,0,0.0,0,0.0
"Portis, Connaughton, Green, Antetokounmpo, Antetokounmpo",MIL,1,0,0,0,0,0,0,0.0,0,0,0.0,0.0,0,0,0,0,0,0.0,0.0,0.0,0.0,0.0,0.0,0.0,0,0,0.0,0,0.0
"Portis, Beasley, Jackson Jr., Middleton, Antetokounmpo",MIL,1,0,-2,0,0,0,0,0.0,0,0,0.0,0.0,0,0,0,0,0,0.0,0.0,0.0,0.0,0.0,0.0,0.0,0,0,0.0,0,0.0
"Connaughton, Beasley, Lopez, Beverley, Lillard",MIL,1,0,3,1,3,0,0,0.0,1,1,1.0,1.0,0,0,0,0,3,0.0,0.0,0.0,1.0,0.23895,1.5,1.5,0,0,0.0,0,0.0
"Connaughton, Beasley, Beverley, Crowder, Antetokounmpo",MIL,1,0,-2,1,0,0,0,0.0,0,0,0.0,0.0,0,0,0,0,0,0.0,0.0,0.0,0.0,0.0,0.0,0.0,0,0,0.0,0,0.0
"Connaughton, Lopez, Crowder, Middleton, Antetokounmpo",MIL,1,0,0,1,0,0,0,0.0,0,1,0.0,0.0,0,0,0,0,0,0.0,0.0,0.0,1.0,0.2958,0.0,0.0,0,0,0.0,0,0.0
"Payne, Connaughton, Crowder, Middleton, Antetokounmpo",MIL,1,0,1,1,3,0,0,0.0,1,1,1.0,1.0,0,0,0,3,0,0.0,0.0,1.0,1.0,0.336,1.5,1.5,0,0,0.0,0,0.0
"Payne, Beasley, Green, Lopez, Antetokounmpo",MIL,1,0,-2,0,0,0,0,0.0,0,0,0.0,0.0,0,0,0,0,0,0.0,0.0,0.0,0.0,0.0,0.0,0.0,0,0,0.0,0,0.0
"Payne, Beauchamp, Jackson Jr., Lopez, Antetokounmpo",MIL,1,0,-1,1,0,0,0,0.0,0,0,0.0,0.0,0,0,0,0,0,0.0,0.0,0.0,0.0,0.0,0.0,0.0,0,0,0.0,0,0.0
"Portis, Lopez, Lillard, Middleton, Antetokounmpo",MIL,1,0,0,1,0,0,0,0.0,0,0,0.0,0.0,0,0,0,0,0,0.0,0.0,0.0,0.0,0.0,0.0,0.0,0,0,0.0,0,0.0
"Portis, Connaughton, Beasley, Gallinari, Antetokounmpo",MIL,1,0,0,1,0,0,0,0.0,0,1,0.0,0.0,0,0,0,0,0,0.0,0.0,0.0,1.0,0.342,0.0,0.0,0,0,0.0,0,0.0
