"ShortName","TeamAbbreviation","GamesPlayed","Minutes","PlusMinus","OffPoss","Points","FG2M","FG2A","Fg2Pct","FG3M","FG3A","Fg3Pct","NonHeaveFg3Pct","FtPoints","PtsAssisted2s","PtsUnassisted2s","PtsAssisted3s","PtsUnassisted3s","Assisted2sPct","NonPutbacksAssisted2sPct","Assisted3sPct","FG3APct","ShotQualityAvg","EfgPct","TsPct","PtsPutbacks","Fg2aBlocked","FG2APctBlocked","Fg3aBlocked","FG3APctBlocked"
"Kuzma, Morris, Avdija, Beal, Porzingis","WAS",18,157,37,320,400,98,181,0.5414364640883977,49,113,0.4336283185840708,0.4375,57,98,98,138,9,0.5,0.5632183908045977,0.9387755102040817,0.3843537414965986,0.5219447098976109,0.5833333333333334,0.6141975308641975,22,15,0.08287292817679558,1,0.008849557522123894
"Kuzma, Morris, Avdija, Kispert, Porzingis","WAS",12,122,-12,254,269,74,129,0.5736434108527132,28,85,0.32941176470588235,0.32941176470588235,37,82,66,69,15,0.5540540540540541,0.5694444444444444,0.8214285714285714,0.397196261682243,0.5210107476635514,0.5420560747663551,0.5654008438818565,4,5,0.03875968992248062,0,0
"Kuzma, Morris, Gafford, Beal, Porzingis","WAS",13,119,8,245,294,90,155,0.5806451612903226,27,63,0.42857142857142855,0.42857142857142855,33,98,82,69,12,0.5444444444444444,0.6049382716049383,0.8518518518518519,0.2889908256880734,0.5241347926267281,0.5986238532110092,0.6314655172413793,18,16,0.1032258064516129,0,0
"Kuzma, Morris, Gafford, Kispert, Porzingis","WAS",9,75,52,156,221,65,102,0.6372549019607843,21,40,0.525,0.525,28,72,58,45,18,0.5538461538461539,0.6206896551724138,0.7142857142857143,0.28169014084507044,0.5157471830985915,0.6795774647887324,0.7171052631578947,14,5,0.049019607843137254,1,0.025
"Kuzma, Avdija, Kispert, Goodwin, Porzingis","WAS",10,74,-13,147,179,48,79,0.6075949367088608,18,49,0.3673469387755102,0.3673469387755102,29,54,42,48,6,0.5625,0.574468085106383,0.8888888888888888,0.3828125,0.501570703125,0.5859375,0.6258741258741258,2,6,0.0759493670886076,0,0
"Morris, Avdija, Kispert, Beal, Porzingis","WAS",16,73,3,152,185,51,88,0.5795454545454546,18,46,0.391304347826087,0.391304347826087,29,62,40,51,3,0.6078431372549019,0.6458333333333334,0.9444444444444444,0.34328358208955223,0.5224727611940297,0.582089552238806,0.6216216216216216,6,9,0.10227272727272728,0,0
"Kuzma, Morris, Gill, Beal, Porzingis","WAS",5,59,0,115,154,40,64,0.625,17,44,0.38636363636363635,0.38636363636363635,23,44,36,45,6,0.55,0.5945945945945946,0.8823529411764706,0.4074074074074074,0.5209611111111111,0.6064814814814815,0.652542372881356,6,2,0.03125,0,0
"Morris, Gafford, Kispert, Beal, Porzingis","WAS",9,56,2,112,141,48,68,0.7058823529411765,7,25,0.28,0.28,24,54,42,18,3,0.5625,0.6,0.8571428571428571,0.26881720430107525,0.5003532258064517,0.6290322580645161,0.6682692307692307,6,1,0.014705882352941176,0,0
"Kuzma, Morris, Kispert, Beal, Porzingis","WAS",13,52,-14,112,128,29,60,0.48333333333333334,19,42,0.4523809523809524,0.4523809523809524,13,30,28,51,6,0.5172413793103449,0.6,0.8947368421052632,0.4117647058823529,0.5264089108910891,0.5637254901960784,0.5871559633027523,8,8,0.13333333333333333,0,0
"Wright, Kuzma, Gafford, Beal, Porzingis","WAS",4,52,8,103,132,34,55,0.6181818181818182,18,27,0.6666666666666666,0.6666666666666666,10,44,24,51,3,0.6470588235294118,0.6666666666666666,0.9444444444444444,0.32926829268292684,0.5037487804878049,0.7439024390243902,0.7586206896551724,2,5,0.09090909090909091,0,0
"Wright, Avdija, Kispert, Beal, Porzingis","WAS",15,52,9,101,125,28,52,0.5384615384615384,16,40,0.4,0.4,21,38,18,45,3,0.6785714285714286,0.76,0.9375,0.43478260869565216,0.5163657608695652,0.5652173913043478,0.6138613861386139,6,5,0.09615384615384616,0,0
"Wright, Kuzma, Hachimura, Gafford, Avdija","WAS",9,51,15,111,134,34,63,0.5396825396825397,15,35,0.42857142857142855,0.45454545454545453,21,36,32,36,9,0.5294117647058824,0.6206896551724138,0.8,0.35714285714285715,0.526571875,0.576530612244898,0.6146788990825688,10,4,0.06349206349206349,1,0.02857142857142857
"Wright, Kuzma, Gafford, Avdija, Beal","WAS",6,46,-18,86,88,32,61,0.5245901639344263,3,23,0.13043478260869565,0.13043478260869565,15,26,38,9,0,0.40625,0.52,1,0.27380952380952384,0.5271458333333333,0.43452380952380953,0.4731182795698925,14,7,0.11475409836065574,0,0
"Kuzma, Avdija, Kispert, Beal, Porzingis","WAS",6,42,1,89,107,29,51,0.5686274509803921,13,33,0.3939393939393939,0.3939393939393939,10,32,26,36,3,0.5517241379310345,0.5714285714285714,0.9230769230769231,0.39285714285714285,0.5034875,0.5773809523809523,0.601123595505618,2,3,0.058823529411764705,0,0
"Morris, Gafford, Avdija, Kispert, Porzingis","WAS",8,40,-25,80,94,30,49,0.6122448979591837,8,25,0.32,0.32,10,34,26,24,0,0.5666666666666667,0.5862068965517241,1,0.33783783783783783,0.481870945945946,0.5675675675675675,0.5949367088607594,2,6,0.12244897959183673,0,0
"Kuzma, Morris, Gafford, Kispert, Beal","WAS",8,40,-2,80,109,32,54,0.5925925925925926,9,22,0.4090909090909091,0.38095238095238093,18,28,36,21,6,0.4375,0.5,0.7777777777777778,0.2894736842105263,0.521736,0.5986842105263158,0.6352941176470588,8,7,0.12962962962962962,0,0
"Morris, Hachimura, Avdija, Kispert, Porzingis","WAS",10,37,4,84,85,27,43,0.627906976744186,6,21,0.2857142857142857,0.2857142857142857,13,36,18,15,3,0.6666666666666666,0.72,0.8333333333333334,0.328125,0.5263015625,0.5625,0.5985915492957746,4,3,0.06976744186046512,1,0.047619047619047616
"Kuzma, Gafford, Kispert, Goodwin, Barton","WAS",11,36,0,74,72,21,44,0.4772727272727273,7,21,0.3333333333333333,0.3333333333333333,9,24,18,18,3,0.5714285714285714,0.631578947368421,0.8571428571428571,0.3230769230769231,0.4779723076923077,0.4846153846153846,0.5070422535211268,4,2,0.045454545454545456,0,0
"Wright, Gafford, Avdija, Kispert, Davis","WAS",4,35,-6,69,65,17,27,0.6296296296296297,7,31,0.22580645161290322,0.23333333333333334,10,18,16,12,9,0.5294117647058824,0.6,0.5714285714285714,0.5344827586206896,0.5161105263157895,0.47413793103448276,0.5158730158730159,4,5,0.18518518518518517,0,0
"Wright, Kuzma, Kispert, Beal, Porzingis","WAS",5,34,26,62,87,22,42,0.5238095238095238,9,18,0.5,0.5294117647058824,16,14,30,18,9,0.3181818181818182,0.35,0.6666666666666666,0.3,0.4557830508474576,0.5916666666666667,0.6304347826086957,4,4,0.09523809523809523,0,0
"Kuzma, Morris, Gafford, Kispert, Barton","WAS",8,33,-14,69,70,23,44,0.5227272727272727,6,22,0.2727272727272727,0.2727272727272727,6,16,30,15,3,0.34782608695652173,0.38095238095238093,0.8333333333333334,0.3333333333333333,0.5329999999999999,0.48484848484848486,0.49295774647887325,4,5,0.11363636363636363,1,0.045454545454545456
"Gafford, Gill, Kispert, Goodwin, Davis","WAS",5,33,-15,76,78,27,57,0.47368421052631576,3,14,0.21428571428571427,0.21428571428571427,15,28,26,9,0,0.5185185185185185,0.6666666666666666,1,0.19718309859154928,0.5195281690140845,0.44366197183098594,0.48148148148148145,12,6,0.10526315789473684,1,0.07142857142857142
"Kuzma, Hachimura, Gafford, Goodwin, Barton","WAS",7,32,-7,65,56,12,30,0.4,10,30,0.3333333333333333,0.3333333333333333,2,12,12,24,6,0.5,0.6,0.8,0.5,0.4753625,0.45,0.45161290322580644,4,2,0.06666666666666667,0,0
"Kuzma, Morris, Gafford, Avdija, Beal","WAS",8,30,26,58,74,15,27,0.5555555555555556,7,19,0.3684210526315789,0.3684210526315789,23,16,14,18,3,0.5333333333333333,0.6153846153846154,0.8571428571428571,0.41304347826086957,0.512795652173913,0.5543478260869565,0.5967741935483871,4,0,0,0,0
"Kuzma, Gafford, Avdija, Kispert, Goodwin","WAS",11,30,9,60,74,19,31,0.6129032258064516,9,19,0.47368421052631576,0.47368421052631576,9,18,20,18,9,0.47368421052631576,0.5294117647058824,0.6666666666666666,0.38,0.516263,0.65,0.6727272727272727,4,5,0.16129032258064516,0,0
"Wright, Kuzma, Hachimura, Kispert, Porzingis","WAS",6,29,29,65,91,23,29,0.7931034482758621,8,24,0.3333333333333333,0.3333333333333333,21,22,24,21,3,0.4782608695652174,0.5,0.875,0.4528301886792453,0.5001094339622641,0.660377358490566,0.7222222222222222,2,2,0.06896551724137931,1,0.041666666666666664
"Wright, Kuzma, Gafford, Kispert, Beal","WAS",9,29,-6,56,64,20,35,0.5714285714285714,5,18,0.2777777777777778,0.2777777777777778,9,22,18,15,0,0.55,0.6470588235294118,1,0.33962264150943394,0.5045000000000001,0.5188679245283019,0.5614035087719298,6,3,0.08571428571428572,1,0.05555555555555555
"Wright, Hachimura, Gafford, Gill, Barton","WAS",3,28,-14,54,48,17,38,0.4473684210526316,3,11,0.2727272727272727,0.2727272727272727,5,12,22,0,9,0.35294117647058826,0.42857142857142855,0,0.22448979591836735,0.5088397959183674,0.4387755102040816,0.46153846153846156,6,3,0.07894736842105263,1,0.09090909090909091
"Kuzma, Morris, Avdija, Kispert, Gibson","WAS",3,28,2,56,59,17,29,0.5862068965517241,7,20,0.35,0.35,4,20,14,21,0,0.5882352941176471,0.5882352941176471,1,0.40816326530612246,0.514915306122449,0.5612244897959183,0.5673076923076923,0,3,0.10344827586206896,0,0
"Wright, Morris, Avdija, Kispert, Porzingis","WAS",2,26,12,53,76,22,31,0.7096774193548387,8,18,0.4444444444444444,0.4444444444444444,8,22,22,21,3,0.5,0.55,0.875,0.3673469387755102,0.4898571428571429,0.6938775510204082,0.7169811320754716,4,3,0.0967741935483871,0,0
"Kuzma, Morris, Hachimura, Gafford, Barton","WAS",7,25,-16,52,51,16,29,0.5517241379310345,4,15,0.26666666666666666,0.26666666666666666,7,22,10,12,0,0.6875,0.7857142857142857,1,0.3409090909090909,0.5028738636363635,0.5,0.53125,4,3,0.10344827586206896,0,0
"Wright, Kuzma, Nunn, Avdija, Gibson","WAS",5,25,9,49,73,14,23,0.6086956521739131,13,21,0.6190476190476191,0.6190476190476191,6,20,8,27,12,0.7142857142857143,0.7692307692307693,0.6923076923076923,0.4772727272727273,0.5272454545454545,0.7613636363636364,0.776595744680851,2,2,0.08695652173913043,0,0
"Kuzma, Morris, Hachimura, Beal, Porzingis","WAS",10,24,-6,46,47,12,22,0.5454545454545454,6,21,0.2857142857142857,0.2857142857142857,5,14,10,18,0,0.5833333333333334,0.7,1,0.4883720930232558,0.5198166666666667,0.4883720930232558,0.5108695652173914,4,2,0.09090909090909091,0,0
"Wright, Kuzma, Morris, Beal, Porzingis","WAS",5,23,10,49,55,18,27,0.6666666666666666,2,14,0.14285714285714285,0.14285714285714285,13,18,18,3,3,0.5,0.6,0.5,0.34146341463414637,0.5391963414634147,0.5121951219512195,0.5638297872340425,6,1,0.037037037037037035,0,0
"Kuzma, Morris, Beal, Barton, Porzingis","WAS",5,22,19,46,60,13,22,0.5909090909090909,10,21,0.47619047619047616,0.47619047619047616,4,14,12,27,3,0.5384615384615384,0.5833333333333334,0.9,0.4883720930232558,0.5182383720930233,0.6511627906976745,0.6666666666666666,2,1,0.045454545454545456,0,0
"Kuzma, Morris, Kispert, Gibson, Beal","WAS",4,22,4,42,59,19,25,0.76,5,12,0.4166666666666667,0.4166666666666667,6,18,20,9,6,0.47368421052631576,0.47368421052631576,0.6,0.32432432432432434,0.5120945945945946,0.7162162162162162,0.7375,0,1,0.04,1,0.08333333333333333
"Wright, Kuzma, Gafford, Avdija, Kispert","WAS",8,21,-20,42,39,10,23,0.43478260869565216,4,10,0.4,0.4,7,8,12,12,0,0.4,0.4444444444444444,1,0.30303030303030304,0.5285046875,0.48484848484848486,0.5416666666666666,2,1,0.043478260869565216,0,0
"Wright, Kuzma, Avdija, Kispert, Porzingis","WAS",7,21,17,42,54,10,22,0.45454545454545453,9,21,0.42857142857142855,0.42857142857142855,7,10,10,24,3,0.5,0.5555555555555556,0.8888888888888888,0.4883720930232558,0.5246174418604651,0.5465116279069767,0.574468085106383,2,1,0.045454545454545456,0,0
"Kuzma, Gafford, Avdija, Goodwin, Barton","WAS",4,21,0,43,51,13,23,0.5652173913043478,7,12,0.5833333333333334,0.5833333333333334,4,8,18,18,3,0.3076923076923077,0.3076923076923077,0.8571428571428571,0.34285714285714286,0.50783,0.6714285714285714,0.6891891891891891,0,1,0.043478260869565216,0,0
"Wright, Kuzma, Hachimura, Avdija, Gibson","WAS",6,20,2,43,54,14,24,0.5833333333333334,7,20,0.35,0.35,5,10,18,12,9,0.35714285714285715,0.4166666666666667,0.5714285714285714,0.45454545454545453,0.4651790697674419,0.5568181818181818,0.5625,4,1,0.041666666666666664,0,0
"Morris, Gafford, Avdija, Kispert, Beal","WAS",6,19,6,40,50,10,22,0.45454545454545453,8,11,0.7272727272727273,0.7272727272727273,6,10,10,21,3,0.5,0.5555555555555556,0.875,0.3333333333333333,0.49927121212121217,0.6666666666666666,0.6756756756756757,2,1,0.045454545454545456,0,0
"Wright, Gafford, Avdija, Beal, Porzingis","WAS",2,19,7,38,53,13,23,0.5652173913043478,7,14,0.5,0.5,6,14,12,21,0,0.5384615384615384,0.5833333333333334,1,0.3783783783783784,0.5045391891891893,0.6351351351351351,0.6625,2,2,0.08695652173913043,0,0
"Wright, Kuzma, Nunn, Gafford, Kispert","WAS",5,18,-8,35,39,9,20,0.45,6,13,0.46153846153846156,0.46153846153846156,3,10,8,15,3,0.5555555555555556,0.625,0.8333333333333334,0.3939393939393939,0.49662878787878795,0.5454545454545454,0.5735294117647058,2,2,0.1,1,0.07692307692307693
"Wright, Gafford, Gill, Kispert, Davis","WAS",2,18,11,38,43,13,22,0.5909090909090909,2,13,0.15384615384615385,0.15384615384615385,11,12,14,6,0,0.46153846153846156,0.5,1,0.37142857142857144,0.5027742857142857,0.45714285714285713,0.524390243902439,2,2,0.09090909090909091,0,0
"Wright, Kuzma, Hachimura, Gafford, Kispert","WAS",7,18,1,39,44,13,23,0.5652173913043478,2,9,0.2222222222222222,0.2222222222222222,12,8,18,6,0,0.3076923076923077,0.36363636363636365,1,0.28125,0.48485,0.5,0.5641025641025641,4,4,0.17391304347826086,0,0
"Kuzma, Morris, Hachimura, Avdija, Porzingis","WAS",6,18,14,34,47,12,23,0.5217391304347826,4,11,0.36363636363636365,0.36363636363636365,11,12,12,12,0,0.5,0.6666666666666666,1,0.3235294117647059,0.4789073529411765,0.5294117647058824,0.5789473684210527,6,2,0.08695652173913043,0,0
"Kuzma, Avdija, Goodwin, Beal, Porzingis","WAS",7,18,-14,34,37,7,13,0.5384615384615384,4,16,0.25,0.25,11,6,8,9,3,0.42857142857142855,0.42857142857142855,0.75,0.5517241379310345,0.4891448275862069,0.4482758620689655,0.5138888888888888,0,0,0,0,0
"Wright, Gafford, Avdija, Kispert, Beal","WAS",11,17,-19,33,25,5,15,0.3333333333333333,5,15,0.3333333333333333,0.3333333333333333,0,6,4,15,0,0.6,0.6,1,0.5,0.5104983333333333,0.4166666666666667,0.4166666666666667,0,1,0.06666666666666667,1,0.06666666666666667
"Wright, Kuzma, Nunn, Kispert, Gibson","WAS",4,17,5,31,39,8,15,0.5333333333333333,7,15,0.4666666666666667,0.4666666666666667,2,4,12,21,0,0.25,0.2857142857142857,1,0.5,0.5089966666666667,0.6166666666666667,0.6290322580645161,2,2,0.13333333333333333,0,0
"Wright, Kuzma, Beal, Barton, Porzingis","WAS",3,17,-14,32,26,5,11,0.45454545454545453,3,11,0.2727272727272727,0.2727272727272727,7,6,4,6,3,0.6,0.75,0.6666666666666666,0.5,0.4687272727272727,0.4318181818181818,0.4642857142857143,2,1,0.09090909090909091,0,0
"Kuzma, Morris, Avdija, Goodwin, Porzingis","WAS",5,17,-13,37,29,8,16,0.5,1,9,0.1111111111111111,0.1111111111111111,10,6,10,3,0,0.375,0.42857142857142855,1,0.36,0.529864,0.38,0.46774193548387094,2,0,0,0,0
"Wright, Nunn, Avdija, Beal, Porzingis","WAS",7,16,6,31,48,9,10,0.9,7,13,0.5384615384615384,0.5384615384615384,9,10,8,21,0,0.5555555555555556,0.625,1,0.5652173913043478,0.5171934782608696,0.8478260869565217,0.8888888888888888,2,0,0,0,0
"Kuzma, Nunn, Gafford, Kispert, Goodwin","WAS",5,16,-13,32,34,9,19,0.47368421052631576,4,8,0.5,0.5,4,8,10,9,3,0.4444444444444444,0.6666666666666666,0.75,0.2962962962962963,0.5153833333333333,0.5555555555555556,0.5862068965517241,6,2,0.10526315789473684,0,0
"Gafford, Avdija, Kispert, Goodwin, Beal","WAS",7,16,-9,30,33,14,26,0.5384615384615384,1,6,0.16666666666666666,0.16666666666666666,2,10,18,3,0,0.35714285714285715,0.4166666666666667,1,0.1875,0.486603125,0.484375,0.5,4,2,0.07692307692307693,0,0
"Wright, Kuzma, Avdija, Beal, Porzingis","WAS",8,16,4,35,36,12,16,0.75,3,11,0.2727272727272727,0.2727272727272727,3,18,6,9,0,0.75,0.75,1,0.4074074074074074,0.5323925925925925,0.6111111111111112,0.6428571428571429,0,0,0,0,0
"Avdija, Kispert, Goodwin, Beal, Porzingis","WAS",8,16,5,32,35,12,19,0.631578947368421,0,5,0,0,11,14,10,0,0,0.5833333333333334,0.5833333333333334,0,0.20833333333333334,0.5252375,0.5,0.5833333333333334,0,1,0.05263157894736842,0,0
"Wright, Kuzma, Hachimura, Avdija, Porzingis","WAS",8,15,-2,29,36,10,14,0.7142857142857143,2,10,0.2,0.2,10,10,10,3,3,0.5,0.5555555555555556,0.5,0.4166666666666667,0.4649375,0.5416666666666666,0.6666666666666666,2,1,0.07142857142857142,0,0
"Wright, Avdija, Kispert, Davis, Porzingis","WAS",3,15,-15,32,26,7,14,0.5,1,12,0.08333333333333333,0.08333333333333333,9,12,2,3,0,0.8571428571428571,0.8571428571428571,1,0.46153846153846156,0.5211192307692307,0.3269230769230769,0.3939393939393939,0,3,0.21428571428571427,0,0
"Kuzma, Morris, Avdija, Barton, Porzingis","WAS",4,15,17,34,44,16,27,0.5925925925925926,3,6,0.5,0.5,3,20,12,3,6,0.625,0.6666666666666666,0.3333333333333333,0.18181818181818182,0.5107318181818182,0.6212121212121212,0.6470588235294118,2,3,0.1111111111111111,0,0
"Morris, Avdija, Kispert, Gibson, Beal","WAS",8,15,6,31,34,10,21,0.47619047619047616,3,4,0.75,0.75,5,14,6,9,0,0.7,0.7,1,0.16,0.53082,0.58,0.6071428571428571,0,0,0,0,0
"Wright, Hachimura, Gafford, Beal, Barton","WAS",4,15,4,31,31,13,20,0.65,1,5,0.2,0.2,2,10,16,3,0,0.38461538461538464,0.4166666666666667,1,0.2,0.48859400000000003,0.58,0.6,2,0,0,0,0
"Wright, Morris, Gafford, Avdija, Kispert","WAS",2,15,10,31,46,11,19,0.5789473684210527,6,14,0.42857142857142855,0.42857142857142855,6,10,12,15,3,0.45454545454545453,0.5555555555555556,0.8333333333333334,0.42424242424242425,0.5440893939393939,0.6060606060606061,0.6428571428571429,4,3,0.15789473684210525,0,0
"Nunn, Huff, Goodwin, Davis, Cooks","WAS",4,14,13,32,39,8,17,0.47058823529411764,5,11,0.45454545454545453,0.45454545454545453,8,10,6,12,3,0.625,0.625,0.8,0.39285714285714285,0.5381375,0.5535714285714286,0.5735294117647058,0,1,0.058823529411764705,0,0
"Wright, Kuzma, Nunn, Gafford, Avdija","WAS",4,14,9,31,36,8,12,0.6666666666666666,5,12,0.4166666666666667,0.4166666666666667,5,4,12,15,0,0.25,0.3333333333333333,1,0.5,0.5569958333333334,0.6458333333333334,0.6923076923076923,4,1,0.08333333333333333,0,0
"Avdija, Gill, Beal, Barton, Porzingis","WAS",3,14,5,27,35,10,15,0.6666666666666666,1,3,0.3333333333333333,0.3333333333333333,12,8,12,3,0,0.4,0.4,1,0.16666666666666666,0.49125277777777776,0.6388888888888888,0.7291666666666666,0,0,0,0,0
"Hachimura, Avdija, Beal, Barton, Porzingis","WAS",3,13,3,27,30,9,14,0.6428571428571429,2,8,0.25,0.25,6,8,10,6,0,0.4444444444444444,0.5,1,0.36363636363636365,0.548290909090909,0.5454545454545454,0.58,2,1,0.07142857142857142,0,0
"Wright, Avdija, Kispert, Goodwin, Porzingis","WAS",5,13,-13,25,27,3,8,0.375,3,8,0.375,0.42857142857142855,12,2,4,9,0,0.3333333333333333,0.3333333333333333,1,0.5,0.45626,0.46875,0.6136363636363636,0,1,0.125,0,0
"Morris, Hachimura, Kispert, Gibson, Beal","WAS",4,13,6,27,30,12,15,0.8,1,7,0.14285714285714285,0.14285714285714285,3,10,14,3,0,0.4166666666666667,0.4166666666666667,1,0.3181818181818182,0.48257272727272726,0.6136363636363636,0.625,0,0,0,0,0
"Wright, Gafford, Gill, Beal, Porzingis","WAS",2,13,2,27,32,13,24,0.5416666666666666,2,6,0.3333333333333333,0.3333333333333333,0,10,16,3,3,0.38461538461538464,0.4166666666666667,0.5,0.2,0.480135,0.5333333333333333,0.5333333333333333,2,2,0.08333333333333333,0,0
"Wright, Gafford, Avdija, Kispert, Porzingis","WAS",1,12,-1,25,32,7,12,0.5833333333333334,5,9,0.5555555555555556,0.5555555555555556,3,8,6,15,0,0.5714285714285714,0.5714285714285714,1,0.42857142857142855,0.49791428571428575,0.6904761904761905,0.7045454545454546,0,1,0.08333333333333333,0,0
"Todd, Kispert, Goodwin, Davis, Cooks","WAS",1,12,4,27,37,9,12,0.75,5,16,0.3125,0.3125,4,6,12,15,0,0.3333333333333333,0.6,1,0.5714285714285714,0.5386035714285714,0.5892857142857143,0.6,8,2,0.16666666666666666,1,0.0625
"Kuzma, Morris, Hachimura, Kispert, Porzingis","WAS",5,12,-5,28,23,4,8,0.5,4,10,0.4,0.4,3,4,4,9,3,0.5,0.5,0.75,0.5555555555555556,0.5054000000000001,0.5555555555555556,0.5476190476190477,0,0,0,0,0
"Kispert, Huff, Davis, Jackson, Cooks","WAS",3,12,-4,30,31,10,16,0.625,1,6,0.16666666666666666,0.16666666666666666,8,12,8,3,0,0.6,0.6,1,0.2727272727272727,0.5646613636363637,0.5227272727272727,0.5535714285714286,0,1,0.0625,0,0
"Kuzma, Morris, Gafford, Avdija, Porzingis","WAS",5,12,-12,23,18,3,14,0.21428571428571427,2,11,0.18181818181818182,0.18181818181818182,6,2,4,6,0,0.3333333333333333,0.5,1,0.44,0.44690199999999997,0.24,0.32142857142857145,2,3,0.21428571428571427,0,0
"Kuzma, Avdija, Goodwin, Gibson, Barton","WAS",4,12,-1,26,26,10,15,0.6666666666666666,2,6,0.3333333333333333,0.3333333333333333,0,6,14,6,0,0.3,0.3,1,0.2857142857142857,0.46077857142857137,0.6190476190476191,0.5909090909090909,0,2,0.13333333333333333,0,0
"Wright, Kuzma, Hachimura, Gafford, Barton","WAS",3,12,9,23,26,10,18,0.5555555555555556,2,5,0.4,0.4,0,12,8,3,3,0.6,0.6666666666666666,0.5,0.21739130434782608,0.48363478260869563,0.5652173913043478,0.5652173913043478,2,1,0.05555555555555555,0,0
"Wright, Nunn, Gafford, Avdija, Kispert","WAS",2,12,6,22,30,8,14,0.5714285714285714,4,7,0.5714285714285714,0.5714285714285714,2,10,6,12,0,0.625,0.8333333333333334,1,0.3333333333333333,0.47044047619047624,0.6666666666666666,0.6818181818181818,4,3,0.21428571428571427,0,0
"Kuzma, Hachimura, Avdija, Beal, Porzingis","WAS",4,12,5,24,30,6,13,0.46153846153846156,3,4,0.75,0.75,9,8,4,6,3,0.6666666666666666,0.8,0.6666666666666666,0.23529411764705882,0.49155882352941177,0.6176470588235294,0.7142857142857143,2,2,0.15384615384615385,0,0
"Morris, Avdija, Kispert, Barton, Porzingis","WAS",5,11,-9,20,21,5,9,0.5555555555555556,3,10,0.3,0.3,2,4,6,9,0,0.4,0.4,1,0.5263157894736842,0.5057157894736841,0.5,0.525,0,2,0.2222222222222222,0,0
"Todd, Goodwin, Davis, Jackson, Cooks","WAS",2,11,-5,24,17,2,8,0.25,2,7,0.2857142857142857,0.2857142857142857,7,2,2,6,0,0.5,0.5,1,0.4666666666666667,0.5072433333333334,0.3333333333333333,0.4473684210526316,0,1,0.125,0,0
"Wright, Hachimura, Avdija, Kispert, Porzingis","WAS",6,11,15,23,35,6,10,0.6,4,8,0.5,0.5,11,10,2,12,0,0.8333333333333334,0.8333333333333334,1,0.4444444444444444,0.5460416666666666,0.6666666666666666,0.7291666666666666,0,1,0.1,0,0
"Wright, Gill, Kispert, Beal, Porzingis","WAS",3,11,1,21,19,6,14,0.42857142857142855,1,8,0.125,0.125,4,4,8,3,0,0.3333333333333333,0.4,1,0.36363636363636365,0.49965454545454546,0.3409090909090909,0.3958333333333333,2,2,0.14285714285714285,0,0
"Avdija, Goodwin, Beal, Barton, Porzingis","WAS",3,11,0,22,20,7,16,0.4375,1,6,0.16666666666666666,0.16666666666666666,3,6,8,3,0,0.42857142857142855,0.5,1,0.2727272727272727,0.488575,0.38636363636363635,0.4166666666666667,2,2,0.125,0,0
"Nunn, Huff, Davis, Jackson, Cooks","WAS",3,11,-3,24,29,6,14,0.42857142857142855,5,11,0.45454545454545453,0.45454545454545453,2,6,6,9,6,0.5,0.6,0.6,0.44,0.5310159999999999,0.54,0.56,2,1,0.07142857142857142,0,0
"Nunn, Kispert, Huff, Jackson, Cooks","WAS",2,10,1,24,34,8,14,0.5714285714285714,4,7,0.5714285714285714,0.5714285714285714,6,10,6,6,6,0.625,0.7142857142857143,0.5,0.3333333333333333,0.6073428571428572,0.6666666666666666,0.7083333333333334,2,2,0.14285714285714285,0,0
"Kuzma, Hachimura, Kispert, Beal, Porzingis","WAS",1,10,-1,21,22,5,11,0.45454545454545453,3,10,0.3,0.3,3,8,2,9,0,0.8,0.8,1,0.47619047619047616,0.4985476190476191,0.4523809523809524,0.5,0,1,0.09090909090909091,0,0
"Hachimura, Gafford, Gill, Goodwin, Barton","WAS",2,10,14,21,29,11,16,0.6875,1,4,0.25,0.25,4,10,12,3,0,0.45454545454545453,0.5555555555555556,1,0.2,0.5662149999999999,0.625,0.6590909090909091,4,1,0.0625,0,0
"Wright, Avdija, Kispert, Gibson, Beal","WAS",6,10,7,19,30,7,13,0.5384615384615384,3,6,0.5,0.5,7,8,6,6,3,0.5714285714285714,0.5714285714285714,0.6666666666666666,0.3157894736842105,0.5338473684210526,0.6052631578947368,0.6590909090909091,0,2,0.15384615384615385,0,0
"Avdija, Gill, Goodwin, Beal, Porzingis","WAS",4,10,-5,17,26,8,14,0.5714285714285714,2,5,0.4,0.4,4,8,8,3,3,0.5,0.6666666666666666,0.5,0.2631578947368421,0.5219315789473684,0.5789473684210527,0.5909090909090909,4,0,0,0,0
"Kuzma, Morris, Hachimura, Barton, Porzingis","WAS",6,10,-7,22,24,6,9,0.6666666666666666,3,8,0.375,0.375,3,8,4,9,0,0.6666666666666666,0.6666666666666666,1,0.47058823529411764,0.5272617647058824,0.6176470588235294,0.6666666666666666,0,0,0,0,0
"Kuzma, Goodwin, Beal, Barton, Porzingis","WAS",3,10,12,21,27,12,18,0.6666666666666666,0,4,0,0,3,10,14,0,0,0.4166666666666667,0.5,0,0.18181818181818182,0.5413476190476191,0.5454545454545454,0.5869565217391305,4,0,0,0,0
"Kuzma, Morris, Avdija, Gill, Kispert","WAS",2,10,-9,19,21,6,14,0.42857142857142855,2,3,0.6666666666666666,0.6666666666666666,3,4,8,3,3,0.3333333333333333,0.3333333333333333,0.5,0.17647058823529413,0.48453823529411766,0.5294117647058824,0.5833333333333334,0,0,0,0,0
"Nunn, Avdija, Kispert, Goodwin, Porzingis","WAS",1,10,5,21,21,4,11,0.36363636363636365,3,11,0.2727272727272727,0.2727272727272727,4,4,4,9,0,0.5,0.6666666666666666,1,0.5,0.4937545454545455,0.38636363636363635,0.4375,2,2,0.18181818181818182,0,0
"Kuzma, Kispert, Goodwin, Barton, Porzingis","WAS",3,10,-1,23,24,5,11,0.45454545454545453,4,9,0.4444444444444444,0.4444444444444444,2,4,6,12,0,0.4,0.4,1,0.45,0.504105,0.55,0.5714285714285714,0,1,0.09090909090909091,0,0
"Wright, Kuzma, Goodwin, Beal, Porzingis","WAS",2,10,-11,18,16,7,14,0.5,0,3,0,0,2,12,2,0,0,0.8571428571428571,0.8571428571428571,0,0.17647058823529413,0.5036470588235293,0.4117647058823529,0.4444444444444444,0,1,0.07142857142857142,0,0
"Kuzma, Kispert, Gibson, Beal, Porzingis","WAS",1,10,3,18,13,3,8,0.375,2,8,0.25,0.25,1,4,2,6,0,0.6666666666666666,0.6666666666666666,1,0.5,0.50320625,0.375,0.38235294117647056,0,1,0.125,0,0
"Wright, Avdija, Goodwin, Davis, Porzingis","WAS",3,9,19,22,34,6,12,0.5,4,8,0.5,0.5,10,4,8,12,0,0.3333333333333333,0.3333333333333333,1,0.4,0.5309925,0.6,0.68,0,0,0,0,0
"Morris, Nunn, Avdija, Beal, Porzingis","WAS",4,9,4,20,28,8,12,0.6666666666666666,1,6,0.16666666666666666,0.16666666666666666,9,8,8,0,3,0.5,0.5714285714285714,0,0.3333333333333333,0.5244,0.5277777777777778,0.6666666666666666,2,1,0.08333333333333333,0,0
"Wright, Kuzma, Gafford, Kispert, Goodwin","WAS",3,9,-2,19,22,7,11,0.6363636363636364,1,3,0.3333333333333333,0.3333333333333333,5,8,6,3,0,0.5714285714285714,0.5714285714285714,1,0.21428571428571427,0.5371714285714286,0.6071428571428571,0.6470588235294118,0,0,0,0,0
"Kuzma, Kispert, Goodwin, Beal, Porzingis","WAS",5,9,-17,18,15,6,11,0.5454545454545454,0,6,0,0,3,4,8,0,0,0.3333333333333333,0.4,0,0.35294117647058826,0.530035294117647,0.35294117647058826,0.39473684210526316,2,1,0.09090909090909091,0,0
"Wright, Kuzma, Avdija, Gill, Barton","WAS",1,9,0,19,28,7,11,0.6363636363636364,3,8,0.375,0.42857142857142855,5,10,4,9,0,0.7142857142857143,0.7142857142857143,1,0.42105263157894735,0.5155027777777778,0.6052631578947368,0.6363636363636364,0,1,0.09090909090909091,0,0
"Nunn, Avdija, Goodwin, Jackson, Gibson","WAS",1,9,3,20,22,4,10,0.4,4,8,0.5,0.5,2,0,8,9,3,0,0,0.75,0.4444444444444444,0.5202416666666667,0.5555555555555556,0.5789473684210527,4,1,0.1,0,0
"Kuzma, Morris, Kispert, Goodwin, Porzingis","WAS",3,9,16,18,32,10,11,0.9090909090909091,2,3,0.6666666666666666,0.6666666666666666,6,6,14,6,0,0.3,0.3333333333333333,1,0.21428571428571427,0.5169178571428571,0.9285714285714286,0.8421052631578947,2,1,0.09090909090909091,0,0
"Kuzma, Avdija, Kispert, Barton, Porzingis","WAS",1,9,-8,17,11,5,7,0.7142857142857143,0,7,0,0,1,8,2,0,0,0.8,0.8,0,0.5,0.5167642857142857,0.35714285714285715,0.39285714285714285,0,0,0,0,0
"Morris, Nunn, Avdija, Kispert, Porzingis","WAS",3,9,12,20,31,9,12,0.75,2,3,0.6666666666666666,0.6666666666666666,7,6,12,6,0,0.3333333333333333,0.375,1,0.2,0.5641499999999999,0.8,0.9117647058823529,2,1,0.08333333333333333,0,0
"Kuzma, Gafford, Kispert, Goodwin, Porzingis","WAS",1,9,-2,16,15,5,13,0.38461538461538464,1,4,0.25,0.25,2,4,6,3,0,0.4,0.4,1,0.23529411764705882,0.47192352941176474,0.38235294117647056,0.4166666666666667,0,3,0.23076923076923078,0,0
"Wright, Kuzma, Hachimura, Gill, Barton","WAS",2,8,-3,15,20,6,12,0.5,0,1,0,0,8,4,8,0,0,0.3333333333333333,0.5,0,0.07692307692307693,0.41891153846153845,0.46153846153846156,0.625,4,1,0.08333333333333333,0,0
"Kuzma, Nunn, Kispert, Goodwin, Gibson","WAS",3,8,-5,18,20,6,8,0.75,1,3,0.3333333333333333,0.3333333333333333,5,4,8,3,0,0.3333333333333333,0.3333333333333333,1,0.2727272727272727,0.4747409090909091,0.6818181818181818,0.7142857142857143,0,0,0,0,0
"Nunn, Todd, Gill, Davis, Jackson","WAS",1,8,-11,20,11,5,15,0.3333333333333333,0,2,0,0,1,6,4,0,0,0.6,0.75,0,0.11764705882352941,0.48127941176470584,0.29411764705882354,0.3055555555555556,2,0,0,0,0
"Kuzma, Gafford, Kispert, Beal, Porzingis","WAS",1,8,9,15,15,3,8,0.375,1,3,0.3333333333333333,0.3333333333333333,6,0,6,3,0,0,0,1,0.2727272727272727,0.5376863636363637,0.4090909090909091,0.5357142857142857,0,1,0.125,0,0
"Kuzma, Morris, Avdija, Gibson, Beal","WAS",2,8,24,17,35,6,8,0.75,5,5,1,1,8,6,6,9,6,0.5,0.5,0.6,0.38461538461538464,0.5264,1.0384615384615385,0.9722222222222222,0,0,0,0,0
"Dotson, Avdija, Gill, Kispert, Porzingis","WAS",1,8,-4,15,17,1,4,0.25,5,11,0.45454545454545453,0.45454545454545453,0,0,2,15,0,0,0,1,0.7333333333333333,0.5044633333333334,0.5666666666666667,0.5666666666666667,0,2,0.5,0,0
"Kuzma, Morris, Gafford, Goodwin, Barton","WAS",3,8,-2,16,23,7,9,0.7777777777777778,3,7,0.42857142857142855,0.42857142857142855,0,8,6,9,0,0.5714285714285714,0.6666666666666666,1,0.4375,0.49673125,0.71875,0.71875,2,0,0,0,0
"Morris, Avdija, Gibson, Beal, Barton","WAS",2,8,-1,15,18,6,9,0.6666666666666666,2,6,0.3333333333333333,0.3333333333333333,0,8,4,6,0,0.6666666666666666,0.6666666666666666,1,0.4,0.5687933333333334,0.6,0.6,0,0,0,0,0
"Morris, Gafford, Kispert, Goodwin, Porzingis","WAS",4,8,2,15,19,9,15,0.6,0,0,0,0,1,8,10,0,0,0.4444444444444444,0.5714285714285714,0,0,0.5385133333333333,0.6,0.6333333333333333,4,1,0.06666666666666667,0,0
"Hachimura, Gafford, Avdija, Goodwin, Barton","WAS",3,8,0,16,24,4,11,0.36363636363636365,4,6,0.6666666666666666,0.6666666666666666,4,2,6,3,9,0.25,0.5,0.25,0.35294117647058826,0.5115500000000001,0.5882352941176471,0.6052631578947368,4,0,0,0,0
"Morris, Hachimura, Kispert, Beal, Porzingis","WAS",4,8,6,15,24,5,7,0.7142857142857143,4,6,0.6666666666666666,0.6666666666666666,2,6,4,9,3,0.6,0.6,0.75,0.46153846153846156,0.5408576923076923,0.8461538461538461,0.8571428571428571,0,0,0,0,0
"Morris, Hachimura, Avdija, Beal, Porzingis","WAS",3,8,-6,16,14,5,8,0.625,0,5,0,0,4,6,4,0,0,0.6,0.6,0,0.38461538461538464,0.5386153846153846,0.38461538461538464,0.4666666666666667,0,1,0.125,0,0
"Nunn, Gill, Kispert, Goodwin, Gibson","WAS",2,8,-8,17,9,2,6,0.3333333333333333,1,6,0.16666666666666666,0.16666666666666666,2,2,2,0,3,0.5,0.5,0,0.5,0.4579625,0.2916666666666667,0.32142857142857145,0,0,0,1,0.16666666666666666
"Wright, Kuzma, Avdija, Kispert, Gibson","WAS",3,8,-5,16,11,1,4,0.25,3,10,0.3,0.3,0,0,2,9,0,0,0,1,0.7142857142857143,0.5096999999999999,0.39285714285714285,0.39285714285714285,0,0,0,0,0
"Huff, Goodwin, Davis, Jackson, Cooks","WAS",3,8,7,18,23,7,10,0.7,1,5,0.2,0.2,6,8,6,0,3,0.5714285714285714,0.6666666666666666,0,0.3333333333333333,0.5500966666666667,0.5666666666666667,0.6388888888888888,2,0,0,0,0
"Gill, Kispert, Goodwin, Davis, Gibson","WAS",1,8,-5,16,12,3,8,0.375,0,4,0,0,6,6,0,0,0,1,1,0,0.3333333333333333,0.41740416666666663,0.25,0.4,0,2,0.25,0,0
"Wright, Nunn, Gafford, Avdija, Beal","WAS",6,8,0,13,14,7,12,0.5833333333333334,0,4,0,0,0,4,10,0,0,0.2857142857142857,0.3333333333333333,0,0.25,0.484303125,0.4375,0.4375,2,1,0.08333333333333333,0,0
"Wright, Kuzma, Hachimura, Gafford, Beal","WAS",6,8,-15,14,10,3,5,0.6,0,7,0,0,4,6,0,0,0,1,1,0,0.5833333333333334,0.5349583333333333,0.25,0.35714285714285715,0,1,0.2,1,0.14285714285714285
"Morris, Hachimura, Gafford, Kispert, Porzingis","WAS",2,8,3,13,24,6,9,0.6666666666666666,4,7,0.5714285714285714,0.5714285714285714,0,4,8,12,0,0.3333333333333333,0.4,1,0.4375,0.50751875,0.75,0.75,2,2,0.2222222222222222,0,0
"Avdija, Gill, Kispert, Goodwin, Porzingis","WAS",3,7,-3,14,10,4,7,0.5714285714285714,0,7,0,0,2,4,4,0,0,0.5,0.6666666666666666,0,0.5,0.51495,0.2857142857142857,0.3333333333333333,2,0,0,0,0
"Morris, Gafford, Gill, Kispert, Barton","WAS",1,7,8,14,28,5,8,0.625,5,7,0.7142857142857143,0.7142857142857143,3,10,0,15,0,1,1,1,0.4666666666666667,0.5703133333333333,0.8333333333333334,0.875,0,0,0,0,0
"Wright, Kuzma, Hachimura, Gafford, Goodwin","WAS",2,7,-3,16,16,1,3,0.3333333333333333,4,8,0.5,0.5,2,2,0,9,3,1,1,0.75,0.7272727272727273,0.4691444444444444,0.6363636363636364,0.6666666666666666,0,0,0,0,0
"Wright, Nunn, Gafford, Avdija, Goodwin","WAS",3,7,-1,17,18,3,6,0.5,2,7,0.2857142857142857,0.2857142857142857,6,2,4,3,3,0.3333333333333333,0.5,0.5,0.5384615384615384,0.5366,0.46153846153846156,0.5294117647058824,2,0,0,0,0
"Kuzma, Morris, Gafford, Avdija, Kispert","WAS",3,7,1,14,14,5,7,0.7142857142857143,1,5,0.2,0.2,1,8,2,3,0,0.8,0.8,1,0.4166666666666667,0.5147416666666667,0.5416666666666666,0.5833333333333334,0,1,0.14285714285714285,0,0
"Wright, Gafford, Kispert, Davis, Jackson","WAS",2,7,-4,15,14,2,4,0.5,1,5,0.2,0.2,7,2,2,3,0,0.5,0.5,1,0.5555555555555556,0.4937944444444444,0.3888888888888889,0.5384615384615384,0,1,0.25,0,0
"Kuzma, Morris, Kispert, Gibson, Barton","WAS",2,7,-13,14,16,3,7,0.42857142857142855,2,5,0.4,0.4,4,4,2,3,3,0.6666666666666666,1,0.5,0.4166666666666667,0.47777916666666664,0.5,0.5714285714285714,2,1,0.14285714285714285,0,0
"Morris, Avdija, Beal, Barton, Porzingis","WAS",3,7,-5,12,13,5,7,0.7142857142857143,1,4,0.25,0.25,0,6,4,3,0,0.6,0.6,1,0.36363636363636365,0.5287045454545455,0.5909090909090909,0.5909090909090909,0,0,0,0,0
"Kuzma, Morris, Gibson, Beal, Porzingis","WAS",3,7,-3,11,16,3,4,0.75,3,8,0.375,0.42857142857142855,1,2,4,9,0,0.3333333333333333,0.5,1,0.6666666666666666,0.5425272727272727,0.625,0.6153846153846154,2,0,0,0,0
"Morris, Avdija, Gill, Kispert, Beal","WAS",2,7,-2,15,18,4,9,0.4444444444444444,2,7,0.2857142857142857,0.2857142857142857,4,0,8,6,0,0,0,1,0.4375,0.54050625,0.4375,0.47368421052631576,2,0,0,0,0
"Morris, Avdija, Kispert, Goodwin, Porzingis","WAS",4,7,0,14,17,5,6,0.8333333333333334,2,6,0.3333333333333333,0.3333333333333333,1,6,4,6,0,0.6,0.6,1,0.5,0.48354583333333334,0.6666666666666666,0.6538461538461539,0,0,0,0,0
"Wright, Gafford, Kispert, Goodwin, Davis","WAS",2,7,-6,14,12,3,8,0.375,1,7,0.14285714285714285,0.14285714285714285,3,0,6,3,0,0,0,1,0.4666666666666667,0.5077033333333333,0.3,0.35294117647058826,0,0,0,0,0
"Morris, Hachimura, Avdija, Barton, Porzingis","WAS",2,7,-15,15,13,2,7,0.2857142857142857,2,6,0.3333333333333333,0.3333333333333333,3,2,2,6,0,0.5,0.5,1,0.46153846153846156,0.5295038461538462,0.38461538461538464,0.43333333333333335,0,2,0.2857142857142857,0,0
"Wright, Kuzma, Nunn, Avdija, Porzingis","WAS",4,7,4,15,18,4,9,0.4444444444444444,2,6,0.3333333333333333,0.3333333333333333,4,4,4,6,0,0.5,0.5,1,0.4,0.5124,0.4666666666666667,0.5,0,0,0,0,0
"Kuzma, Morris, Hachimura, Avdija, Kispert","WAS",1,7,1,15,20,4,7,0.5714285714285714,3,6,0.5,0.5,3,8,0,9,0,1,1,1,0.46153846153846156,0.48886153846153846,0.6538461538461539,0.7142857142857143,0,0,0,0,0
"Wright, Morris, Kispert, Beal, Porzingis","WAS",3,7,4,13,17,4,7,0.5714285714285714,3,6,0.5,0.5,0,4,4,9,0,0.5,0.5,1,0.46153846153846156,0.5190384615384616,0.6538461538461539,0.6538461538461539,0,0,0,0,0
"Wright, Gafford, Gill, Kispert, Goodwin","WAS",2,7,9,13,26,6,8,0.75,3,3,1,1,5,6,6,9,0,0.5,0.5,1,0.2727272727272727,0.5192681818181818,0.9545454545454546,1,0,2,0.25,0,0
"Wright, Kuzma, Morris, Kispert, Porzingis","WAS",1,7,-10,15,12,2,6,0.3333333333333333,1,3,0.3333333333333333,0.3333333333333333,5,4,0,0,3,1,1,0,0.3333333333333333,0.51375,0.3888888888888889,0.5,0,1,0.16666666666666666,0,0
"Kuzma, Gafford, Avdija, Goodwin, Beal","WAS",4,7,-2,13,12,4,7,0.5714285714285714,0,4,0,0,4,4,4,0,0,0.5,0.6666666666666666,0,0.36363636363636365,0.5446090909090909,0.36363636363636365,0.4,2,1,0.14285714285714285,0,0
"Wright, Gafford, Avdija, Kispert, Goodwin","WAS",1,6,-2,13,15,4,4,1,2,7,0.2857142857142857,0.2857142857142857,1,0,8,6,0,0,0,1,0.6363636363636364,0.4966863636363636,0.6363636363636364,0.625,0,0,0,0,0
"Gill, Goodwin, Davis, Gibson, Barton","WAS",1,6,2,12,6,2,11,0.18181818181818182,0,2,0,0,2,0,4,0,0,0,0,0,0.15384615384615385,0.43667307692307694,0.15384615384615385,0.1875,2,1,0.09090909090909091,0,0
"Kuzma, Morris, Hachimura, Goodwin, Porzingis","WAS",3,6,1,14,17,7,9,0.7777777777777778,0,2,0,0,3,8,6,0,0,0.5714285714285714,0.5714285714285714,0,0.18181818181818182,0.501475,0.6363636363636364,0.6538461538461539,0,0,0,0,0
"Kuzma, Kispert, Goodwin, Gibson, Barton","WAS",4,6,-5,13,18,3,6,0.5,4,8,0.5,0.5,0,4,2,9,3,0.6666666666666666,0.6666666666666666,0.75,0.5714285714285714,0.5046178571428571,0.6428571428571429,0.6428571428571429,0,0,0,0,0
"Morris, Avdija, Kispert, Davis, Porzingis","WAS",1,6,4,12,18,3,5,0.6,4,7,0.5714285714285714,0.5714285714285714,0,0,6,9,3,0,0,0.75,0.5833333333333334,0.5446333333333333,0.75,0.75,0,1,0.2,0,0
"Wright, Nunn, Gafford, Avdija, Gill","WAS",1,6,2,12,20,4,5,0.8,3,4,0.75,0.75,3,4,4,6,3,0.5,0.5,0.6666666666666666,0.4444444444444444,0.47977777777777775,0.9444444444444444,0.9090909090909091,0,0,0,0,0
"Nunn, Gafford, Gill, Kispert, Goodwin","WAS",3,6,-2,13,13,5,6,0.8333333333333334,0,5,0,0,3,2,8,0,0,0.2,0.2,0,0.45454545454545453,0.5231818181818182,0.45454545454545453,0.5416666666666666,0,0,0,0,0
"Morris, Nunn, Gafford, Beal, Porzingis","WAS",1,6,-9,10,11,4,6,0.6666666666666666,0,2,0,0,3,4,4,0,0,0.5,0.5,0,0.25,0.464525,0.5,0.5555555555555556,0,0,0,0,0
"Gafford, Gill, Kispert, Goodwin, Barton","WAS",3,6,2,14,15,7,10,0.7,0,2,0,0,1,12,2,0,0,0.8571428571428571,1,0,0.16666666666666666,0.42005909090909094,0.5833333333333334,0.5769230769230769,2,1,0.1,0,0
"Nunn, Huff, Goodwin, Jackson, Cooks","WAS",2,6,3,13,16,3,5,0.6,2,5,0.4,0.4,4,2,4,6,0,0.3333333333333333,0.5,1,0.5,0.510305,0.6,0.6666666666666666,2,1,0.2,0,0
"Kuzma, Gafford, Gill, Kispert, Goodwin","WAS",3,6,3,11,13,4,5,0.8,1,4,0.25,0.25,2,4,4,3,0,0.5,0.6666666666666666,1,0.4444444444444444,0.4981,0.6111111111111112,0.5909090909090909,2,0,0,0,0
"Gill, Kispert, Goodwin, Beal, Porzingis","WAS",4,6,1,15,17,3,7,0.42857142857142855,2,5,0.4,0.4,5,2,4,6,0,0.3333333333333333,0.5,1,0.4166666666666667,0.4295625,0.5,0.5666666666666667,2,1,0.14285714285714285,1,0.2
"Wright, Nunn, Avdija, Kispert, Porzingis","WAS",3,6,0,9,13,3,3,1,1,3,0.3333333333333333,0.3333333333333333,4,6,0,3,0,1,1,1,0.5,0.5313416666666667,0.75,0.8125,0,0,0,0,0
"Wright, Nunn, Gill, Davis, Porzingis","WAS",2,6,3,10,12,3,7,0.42857142857142855,1,5,0.2,0.2,3,4,2,3,0,0.6666666666666666,0.6666666666666666,1,0.4166666666666667,0.4854083333333334,0.375,0.42857142857142855,0,1,0.14285714285714285,1,0.2
"Kuzma, Dotson, Gafford, Kispert, Barton","WAS",1,6,4,12,16,5,10,0.5,1,4,0.25,0.25,3,4,6,3,0,0.4,0.5,1,0.2857142857142857,0.45522307692307695,0.4642857142857143,0.46875,2,2,0.2,0,0
"Morris, Gafford, Avdija, Goodwin, Gibson","WAS",1,6,-5,11,13,5,8,0.625,0,2,0,0,3,0,10,0,0,0,0,0,0.2,0.5001249999999999,0.5,0.5416666666666666,4,1,0.125,0,0
"Kuzma, Morris, Hachimura, Gafford, Kispert","WAS",2,6,-2,11,12,3,6,0.5,1,2,0.5,0.5,3,2,4,3,0,0.3333333333333333,0.3333333333333333,1,0.25,0.46145625,0.5625,0.6,0,2,0.3333333333333333,0,0
"Avdija, Carey Jr., Gill, Goodwin, Barton","WAS",2,6,1,11,10,3,5,0.6,0,4,0,0,4,2,4,0,0,0.3333333333333333,0.5,0,0.4444444444444444,0.5244888888888889,0.3333333333333333,0.45454545454545453,2,0,0,0,0
"Kuzma, Avdija, Beal, Barton, Porzingis","WAS",3,6,-6,10,13,4,7,0.5714285714285714,1,5,0.2,0.25,2,2,6,3,0,0.25,0.3333333333333333,1,0.4166666666666667,0.5068636363636364,0.4583333333333333,0.5416666666666666,2,1,0.14285714285714285,0,0
"Morris, Gafford, Avdija, Gill, Kispert","WAS",3,6,-3,12,15,5,6,0.8333333333333334,1,5,0.2,0.2,2,4,6,3,0,0.4,0.4,1,0.45454545454545453,0.5127409090909091,0.5909090909090909,0.625,0,1,0.16666666666666666,0,0
"Wright, Nunn, Gafford, Gill, Barton","WAS",1,6,-1,10,13,4,5,0.8,1,3,0.3333333333333333,0.3333333333333333,2,4,4,3,0,0.5,0.5,1,0.375,0.43981875,0.6875,0.7222222222222222,0,0,0,0,0
"Kuzma, Morris, Hachimura, Gafford, Avdija","WAS",2,6,0,11,12,4,6,0.6666666666666666,0,4,0,0,4,4,4,0,0,0.5,0.6666666666666666,0,0.4,0.55033,0.4,0.5,2,0,0,0,0
"Wright, Nunn, Gafford, Gill, Kispert","WAS",3,6,0,12,14,5,7,0.7142857142857143,1,2,0.5,0.5,1,4,6,3,0,0.4,0.5,1,0.2222222222222222,0.5028388888888888,0.7222222222222222,0.7777777777777778,2,1,0.14285714285714285,0,0
"Avdija, Kispert, Beal, Barton, Porzingis","WAS",2,6,-9,10,10,1,6,0.16666666666666666,2,4,0.5,0.5,2,0,2,6,0,0,0,1,0.4,0.531475,0.4,0.45454545454545453,2,0,0,0,0
"Wright, Nunn, Avdija, Goodwin, Porzingis","WAS",2,6,5,13,17,5,9,0.5555555555555556,1,2,0.5,0.5,4,6,4,3,0,0.6,0.75,1,0.18181818181818182,0.50635,0.5909090909090909,0.6538461538461539,2,2,0.2222222222222222,0,0
"Morris, Gafford, Avdija, Beal, Porzingis","WAS",2,6,1,12,15,6,7,0.8571428571428571,1,2,0.5,0.5,0,10,2,3,0,0.8333333333333334,0.8333333333333334,1,0.2222222222222222,0.61175,0.8333333333333334,0.8333333333333334,0,0,0,0,0
"Morris, Avdija, Kispert, Gibson, Porzingis","WAS",2,6,-2,10,12,3,5,0.6,2,6,0.3333333333333333,0.3333333333333333,0,4,2,6,0,0.6666666666666666,0.6666666666666666,1,0.5454545454545454,0.5234545454545455,0.5454545454545454,0.5454545454545454,0,1,0.2,0,0
"Wright, Kuzma, Hachimura, Beal, Porzingis","WAS",2,6,1,13,10,5,8,0.625,0,4,0,0,0,4,6,0,0,0.4,0.4,0,0.3333333333333333,0.4886041666666667,0.4166666666666667,0.4166666666666667,0,0,0,0,0
"Gafford, Kispert, Goodwin, Barton, Porzingis","WAS",2,6,-2,12,13,2,6,0.3333333333333333,3,6,0.5,0.5,0,4,0,9,0,1,1,1,0.5,0.5069541666666667,0.5416666666666666,0.5416666666666666,0,1,0.16666666666666666,0,0
"Kuzma, Hachimura, Goodwin, Gibson, Barton","WAS",2,6,-4,13,10,3,6,0.5,1,3,0.3333333333333333,0.3333333333333333,1,2,4,3,0,0.3333333333333333,0.3333333333333333,1,0.3333333333333333,0.4710833333333333,0.5,0.45454545454545453,0,0,0,0,0
"Wright, Kuzma, Gafford, Kispert, Barton","WAS",1,6,9,11,19,5,7,0.7142857142857143,2,4,0.5,0.5,3,8,2,6,0,0.8,0.8,1,0.36363636363636365,0.5722136363636363,0.7272727272727273,0.6785714285714286,0,0,0,0,0
"Kuzma, Hachimura, Beal, Barton, Porzingis","WAS",3,5,-4,11,10,4,11,0.36363636363636365,0,0,0,0,2,4,4,0,0,0.5,0.5,0,0,0.5054272727272727,0.36363636363636365,0.45454545454545453,0,1,0.09090909090909091,0,0
"Kuzma, Hachimura, Kispert, Gibson, Beal","WAS",2,5,2,10,13,3,6,0.5,2,4,0.5,0.5,1,2,4,6,0,0.3333333333333333,0.3333333333333333,1,0.4,0.49221000000000004,0.6,0.65,0,2,0.3333333333333333,0,0
"Morris, Hachimura, Gafford, Goodwin, Barton","WAS",2,5,7,10,15,7,10,0.7,0,3,0,0,1,8,6,0,0,0.5714285714285714,0.5714285714285714,0,0.23076923076923078,0.4878269230769231,0.5384615384615384,0.5769230769230769,0,0,0,0,0
"Morris, Avdija, Goodwin, Beal, Porzingis","WAS",2,5,3,11,20,2,2,1,3,4,0.75,0.75,7,4,0,9,0,1,1,1,0.6666666666666666,0.5705833333333333,1.0833333333333333,1,0,0,0,0,0
"Gill, Goodwin, Beal, Barton, Porzingis","WAS",5,5,-4,12,12,3,6,0.5,1,4,0.25,0.25,3,0,6,3,0,0,0,1,0.4,0.537055,0.45,0.5,0,1,0.16666666666666666,0,0
"Wright, Gill, Kispert, Goodwin, Porzingis","WAS",1,5,2,10,19,4,6,0.6666666666666666,3,4,0.75,0.75,2,2,6,9,0,0.25,0.3333333333333333,1,0.4,0.49724,0.85,0.8636363636363636,2,1,0.16666666666666666,0,0
"Kuzma, Avdija, Carey Jr., Goodwin, Barton","WAS",1,5,-3,11,8,2,12,0.16666666666666666,1,3,0.3333333333333333,0.3333333333333333,1,2,2,3,0,0.5,0.5,1,0.2,0.4329266666666667,0.23333333333333334,0.25,0,4,0.3333333333333333,0,0
"Wright, Kuzma, Morris, Avdija, Gibson","WAS",1,5,0,8,7,2,4,0.5,1,4,0.25,0.25,0,2,2,0,3,0.5,1,0,0.5,0.43945625,0.4375,0.4375,2,0,0,0,0
"Avdija, Kispert, Goodwin, Barton, Porzingis","WAS",3,5,5,9,12,2,4,0.5,2,6,0.3333333333333333,0.3333333333333333,2,2,2,6,0,0.5,1,1,0.6,0.564645,0.5,0.5454545454545454,2,0,0,0,0
"Kuzma, Morris, Hachimura, Gill, Barton","WAS",3,5,-7,8,10,4,9,0.4444444444444444,0,2,0,0,2,4,4,0,0,0.5,0.5,0,0.18181818181818182,0.4003363636363636,0.36363636363636365,0.4166666666666667,0,3,0.3333333333333333,1,0.5
"Kispert, Goodwin, Beal, Barton, Porzingis","WAS",3,5,-8,8,13,3,4,0.75,2,3,0.6666666666666666,0.6666666666666666,1,4,2,6,0,0.6666666666666666,0.6666666666666666,1,0.42857142857142855,0.5473357142857143,0.8571428571428571,0.8125,0,1,0.25,0,0
"Todd, Schakel, Goodwin, Davis, Gibson","WAS",1,5,4,10,14,4,6,0.6666666666666666,2,4,0.5,0.5,0,2,6,6,0,0.25,0.25,1,0.4,0.424925,0.7,0.7,0,0,0,0,0
"Gill, Kispert, Goodwin, Davis, Cooks","WAS",2,5,3,12,9,2,4,0.5,1,8,0.125,0.125,2,2,2,3,0,0.5,0.5,1,0.6666666666666666,0.5134458333333333,0.2916666666666667,0.34615384615384615,0,1,0.25,0,0
"Kuzma, Avdija, Goodwin, Barton, Porzingis","WAS",3,5,0,11,11,3,8,0.375,1,3,0.3333333333333333,0.3333333333333333,2,2,4,3,0,0.3333333333333333,0.5,1,0.2727272727272727,0.5903045454545455,0.4090909090909091,0.4583333333333333,2,0,0,0,0
"Wright, Morris, Avdija, Beal, Porzingis","WAS",3,5,-3,9,12,3,4,0.75,2,3,0.6666666666666666,0.6666666666666666,0,4,2,6,0,0.6666666666666666,0.6666666666666666,1,0.42857142857142855,0.49234285714285714,0.8571428571428571,0.8571428571428571,0,0,0,0,0
"Kuzma, Hachimura, Gafford, Beal, Barton","WAS",2,5,-4,13,5,1,8,0.125,0,2,0,0,3,0,2,0,0,0,0,0,0.2,0.44255,0.1,0.20833333333333334,0,0,0,0,0
"Avdija, Gill, Kispert, Barton, Porzingis","WAS",1,5,1,11,14,4,7,0.5714285714285714,2,2,1,1,0,6,2,3,3,0.75,0.75,0.5,0.2222222222222222,0.5911944444444445,0.7777777777777778,0.7777777777777778,0,1,0.14285714285714285,0,0
"Kuzma, Nunn, Gafford, Avdija, Goodwin","WAS",2,5,16,10,23,3,6,0.5,4,5,0.8,0.8,5,2,4,9,3,0.3333333333333333,0.3333333333333333,0.75,0.45454545454545453,0.5064636363636364,0.8181818181818182,0.8846153846153846,0,1,0.16666666666666666,0,0
"Wright, Kuzma, Avdija, Gill, Beal","WAS",3,5,1,11,13,1,2,0.5,1,3,0.3333333333333333,0.3333333333333333,8,0,2,0,3,0,0,0,0.6,0.49999000000000005,0.5,0.7222222222222222,0,0,0,0,0
"Kuzma, Gafford, Goodwin, Beal, Barton","WAS",2,5,-1,9,11,1,4,0.25,2,4,0.5,0.5,3,0,2,6,0,0,0,1,0.5,0.48674375,0.5,0.55,0,2,0.5,0,0
"Wright, Morris, Gafford, Kispert, Beal","WAS",1,5,12,9,18,4,5,0.8,3,8,0.375,0.375,1,0,8,9,0,0,0,1,0.6153846153846154,0.5566346153846153,0.6538461538461539,0.6923076923076923,2,0,0,0,0
"Morris, Avdija, Gibson, Beal, Porzingis","WAS",2,5,4,11,16,4,7,0.5714285714285714,2,2,1,1,2,2,6,3,3,0.25,0.25,0.5,0.2222222222222222,0.43622777777777777,0.7777777777777778,0.8888888888888888,0,2,0.2857142857142857,0,0
"Morris, Hachimura, Gibson, Beal, Porzingis","WAS",1,5,4,10,14,4,7,0.5714285714285714,1,2,0.5,0.5,3,2,6,3,0,0.25,0.25,1,0.2222222222222222,0.5200055555555555,0.6111111111111112,0.6363636363636364,0,0,0,0,0
"Kuzma, Morris, Hachimura, Gibson, Beal","WAS",3,5,6,9,14,4,7,0.5714285714285714,2,4,0.5,0.5,0,2,6,3,3,0.25,0.3333333333333333,0.5,0.36363636363636365,0.5002409090909091,0.6363636363636364,0.6363636363636364,2,0,0,0,0
"Nunn, Avdija, Kispert, Goodwin, Gibson","WAS",1,5,-6,10,10,4,6,0.6666666666666666,0,1,0,0,2,6,2,0,0,0.75,0.75,0,0.14285714285714285,0.5308071428571429,0.5714285714285714,0.625,0,0,0,0,0
"Wright, Kuzma, Hachimura, Kispert, Gibson","WAS",3,5,1,12,10,5,7,0.7142857142857143,0,3,0,0,0,6,4,0,0,0.6,0.6,0,0.3,0.52941,0.5,0.5,0,0,0,0,0
"Kuzma, Morris, Gafford, Avdija, Barton","WAS",3,5,-10,7,4,2,3,0.6666666666666666,0,4,0,0,0,2,2,0,0,0.5,0.5,0,0.5714285714285714,0.48757142857142854,0.2857142857142857,0.2857142857142857,0,0,0,0,0
"Kuzma, Nunn, Gill, Kispert, Goodwin","WAS",1,5,-8,8,3,1,2,0.5,0,5,0,0,1,2,0,0,0,1,1,0,0.7142857142857143,0.5073,0.14285714285714285,0.1875,0,0,0,0,0
"Nunn, Kispert, Huff, Goodwin, Cooks","WAS",2,5,-10,9,5,1,3,0.3333333333333333,0,5,0,0,3,2,0,0,0,1,1,0,0.625,0.5493142857142858,0.125,0.25,0,0,0,0,0
"Todd, Gill, Davis, Jackson, Cooks","WAS",1,5,3,9,11,3,7,0.42857142857142855,1,3,0.3333333333333333,0.3333333333333333,2,2,4,3,0,0.3333333333333333,0.3333333333333333,1,0.3,0.518065,0.45,0.4230769230769231,0,0,0,0,0
"Morris, Hachimura, Gafford, Avdija, Barton","WAS",2,5,-3,12,8,2,7,0.2857142857142857,0,4,0,0,4,2,2,0,0,0.5,0.5,0,0.36363636363636365,0.5156954545454545,0.18181818181818182,0.3076923076923077,0,2,0.2857142857142857,0,0
"Kuzma, Morris, Avdija, Kispert, Barton","WAS",2,5,1,10,18,1,1,1,4,5,0.8,0.8,4,0,2,9,3,0,0,0.75,0.8333333333333334,0.5273083333333334,1.1666666666666667,1.125,0,0,0,0,0
"Avdija, Gill, Kispert, Goodwin, Gibson","WAS",1,5,0,10,11,1,1,1,2,7,0.2857142857142857,0.2857142857142857,3,2,0,6,0,1,1,1,0.875,0.52080625,0.5,0.5,0,0,0,0,0
"Hachimura, Gafford, Avdija, Beal, Barton","WAS",2,5,-13,9,6,1,3,0.3333333333333333,1,4,0.25,0.25,1,2,0,0,3,1,1,0,0.5714285714285714,0.5114571428571428,0.35714285714285715,0.3333333333333333,0,1,0.3333333333333333,0,0
"Morris, Hachimura, Avdija, Kispert, Gibson","WAS",2,4,-10,8,7,3,8,0.375,0,2,0,0,1,0,6,0,0,0,0,0,0.2,0.44092000000000003,0.3,0.35,4,0,0,0,0
"Kuzma, Nunn, Gafford, Avdija, Beal","WAS",1,4,-4,6,6,3,7,0.42857142857142855,0,1,0,0,0,2,4,0,0,0.3333333333333333,0.5,0,0.125,0.47995,0.375,0.3333333333333333,2,0,0,0,0
"Morris, Avdija, Gill, Barton, Porzingis","WAS",2,4,8,8,13,3,4,0.75,2,5,0.4,0.4,1,0,6,6,0,0,0,1,0.5555555555555556,0.49897222222222226,0.6666666666666666,0.65,0,0,0,0,0
"Nunn, Gill, Goodwin, Davis, Cooks","WAS",2,4,6,9,13,2,3,0.6666666666666666,3,4,0.75,0.75,0,4,0,3,6,1,1,0.3333333333333333,0.5714285714285714,0.4775142857142857,0.9285714285714286,0.9285714285714286,0,0,0,0,0
"Nunn, Kispert, Huff, Davis, Jackson","WAS",1,4,-4,8,6,3,6,0.5,0,2,0,0,0,2,4,0,0,0.3333333333333333,0.3333333333333333,0,0.25,0.649925,0.375,0.375,0,2,0.3333333333333333,0,0
"Kuzma, Gill, Kispert, Goodwin, Barton","WAS",2,4,-5,10,6,2,6,0.3333333333333333,0,4,0,0,2,4,0,0,0,1,1,0,0.4,0.51467,0.2,0.2727272727272727,0,1,0.16666666666666666,0,0
"Kuzma, Avdija, Kispert, Goodwin, Barton","WAS",2,4,-6,9,3,0,3,0,1,5,0.2,0.2,0,0,0,3,0,0,0,1,0.625,0.45606875,0.1875,0.1875,0,3,1,0,0
"Wright, Gafford, Avdija, Davis, Beal","WAS",2,4,-3,7,8,4,6,0.6666666666666666,0,2,0,0,0,6,2,0,0,0.75,0.75,0,0.25,0.59250625,0.5,0.5,0,0,0,0,0
"Morris, Avdija, Kispert, Gibson, Barton","WAS",3,4,-2,8,10,1,3,0.3333333333333333,2,4,0.5,0.5,2,2,0,6,0,1,1,1,0.5714285714285714,0.5020071428571429,0.5714285714285714,0.625,0,0,0,0,0
"Hachimura, Gafford, Kispert, Goodwin, Barton","WAS",2,4,-7,9,6,3,5,0.6,0,0,0,0,0,6,0,0,0,1,1,0,0,0.50514,0.6,0.6,0,0,0,0,0
"Morris, Kispert, Davis, Beal, Porzingis","WAS",1,4,1,9,9,3,5,0.6,1,2,0.5,0.5,0,2,4,0,3,0.3333333333333333,0.3333333333333333,0,0.2857142857142857,0.41974285714285714,0.6428571428571429,0.6428571428571429,0,1,0.2,0,0
"Hachimura, Davis, Beal, Barton, Porzingis","WAS",2,4,-7,9,9,2,3,0.6666666666666666,1,3,0.3333333333333333,0.3333333333333333,2,2,2,3,0,0.5,0.5,1,0.5,0.4968416666666667,0.5833333333333334,0.6428571428571429,0,0,0,0,0
"Avdija, Kispert, Goodwin, Jackson, Gibson","WAS",1,4,-3,7,9,3,6,0.5,1,1,1,1,0,2,4,3,0,0.3333333333333333,0.3333333333333333,1,0.14285714285714285,0.5610785714285714,0.6428571428571429,0.6428571428571429,0,1,0.16666666666666666,0,0
"Hachimura, Avdija, Goodwin, Barton, Porzingis","WAS",2,4,3,10,10,1,6,0.16666666666666666,2,2,1,1,2,2,0,6,0,1,1,1,0.25,0.45485,0.5,0.5555555555555556,0,2,0.3333333333333333,0,0
"Wright, Kuzma, Kispert, Gibson, Barton","WAS",1,4,0,9,11,3,3,1,1,3,0.3333333333333333,0.3333333333333333,2,0,6,3,0,0,0,1,0.5,0.5394249999999999,0.75,0.7857142857142857,0,0,0,0,0
"Kuzma, Morris, Hachimura, Gafford, Davis","WAS",1,4,0,7,9,3,4,0.75,1,1,1,1,0,0,6,3,0,0,0,1,0.2,0.49789000000000005,0.9,0.9,2,0,0,0,0
"Morris, Hachimura, Gafford, Kispert, Barton","WAS",2,4,-9,8,8,4,6,0.6666666666666666,0,1,0,0,0,6,2,0,0,0.75,0.75,0,0.14285714285714285,0.48972142857142853,0.5714285714285714,0.5714285714285714,0,1,0.16666666666666666,0,0
"Hachimura, Avdija, Kispert, Beal, Porzingis","WAS",2,4,1,8,5,1,4,0.25,1,2,0.5,0.5,0,0,2,3,0,0,0,1,0.3333333333333333,0.5115,0.4166666666666667,0.4166666666666667,0,0,0,0,0
"Wright, Kispert, Goodwin, Davis, Porzingis","WAS",1,4,-3,8,6,3,4,0.75,0,2,0,0,0,2,4,0,0,0.3333333333333333,0.3333333333333333,0,0.3333333333333333,0.48855,0.5,0.5,0,0,0,0,0
"Kuzma, Gafford, Gill, Goodwin, Barton","WAS",3,4,-4,10,6,2,7,0.2857142857142857,0,2,0,0,2,2,2,0,0,0.5,0.5,0,0.2222222222222222,0.5276000000000001,0.2222222222222222,0.3,0,0,0,0,0
"Nunn, Gill, Goodwin, Davis, Gibson","WAS",1,4,-3,7,7,2,4,0.5,1,2,0.5,0.5,0,0,4,0,3,0,0,0,0.3333333333333333,0.4852166666666667,0.5833333333333334,0.5833333333333334,0,0,0,0,0
"Kuzma, Morris, Avdija, Kispert, Beal","WAS",3,4,-3,8,9,1,5,0.2,1,2,0.5,0.5,4,2,0,0,3,1,1,0,0.2857142857142857,0.46385714285714286,0.35714285714285715,0.4444444444444444,0,0,0,0,0
"Nunn, Todd, Goodwin, Jackson, Cooks","WAS",1,4,2,10,10,2,4,0.5,2,4,0.5,0.5,0,2,2,6,0,0.5,0.5,1,0.5,0.48825625,0.625,0.625,0,1,0.25,0,0
"Wright, Kuzma, Morris, Avdija, Beal","WAS",5,4,0,11,14,2,2,1,0,1,0,0,10,4,0,0,0,1,1,0,0.3333333333333333,0.7199333333333334,0.6666666666666666,0.875,0,0,0,0,0
"Wright, Kuzma, Avdija, Gill, Davis","WAS",1,4,1,7,11,4,4,1,1,3,0.3333333333333333,0.3333333333333333,0,4,4,3,0,0.5,0.5,1,0.42857142857142855,0.48702142857142855,0.7857142857142857,0.7857142857142857,0,0,0,0,0
"Nunn, Kispert, Goodwin, Gibson, Beal","WAS",2,4,-3,7,8,4,6,0.6666666666666666,0,1,0,0,0,6,2,0,0,0.75,0.75,0,0.14285714285714285,0.5207071428571429,0.5714285714285714,0.5714285714285714,0,1,0.16666666666666666,0,0
"Hachimura, Gafford, Goodwin, Beal, Barton","WAS",1,4,-4,7,6,2,5,0.4,0,1,0,0,2,0,4,0,0,0,0,0,0.16666666666666666,0.43635,0.3333333333333333,0.42857142857142855,0,0,0,0,0
"Wright, Gafford, Kispert, Beal, Porzingis","WAS",1,4,4,7,11,1,5,0.2,3,3,1,1,0,0,2,9,0,0,0,1,0.375,0.44086875,0.6875,0.6875,0,0,0,0,0
"Kuzma, Hachimura, Goodwin, Barton, Porzingis","WAS",1,4,9,7,15,3,3,1,2,4,0.5,0.5,3,4,2,3,3,0.6666666666666666,0.6666666666666666,0.5,0.5714285714285714,0.5715428571428571,0.8571428571428571,0.9375,0,0,0,0,0
"Kuzma, Dotson, Gafford, Gill, Goodwin","WAS",1,4,3,8,9,1,4,0.25,1,1,1,1,4,2,0,3,0,1,1,1,0.2,0.51083,0.5,0.6428571428571429,0,0,0,0,0
"Kuzma, Gafford, Goodwin, Barton, Porzingis","WAS",1,4,10,9,13,3,6,0.5,2,3,0.6666666666666666,0.6666666666666666,1,2,4,6,0,0.3333333333333333,0.3333333333333333,1,0.3333333333333333,0.5072777777777778,0.6666666666666666,0.65,0,1,0.16666666666666666,0,0
"Nunn, Gill, Huff, Davis, Jackson","WAS",1,4,-5,7,8,4,6,0.6666666666666666,0,2,0,0,0,4,4,0,0,0.5,0.5,0,0.25,0.5629714285714286,0.5,0.5,0,0,0,0,0
"Kuzma, Morris, Gill, Kispert, Beal","WAS",2,4,0,7,13,1,1,1,2,3,0.6666666666666666,0.6666666666666666,5,2,0,6,0,1,1,1,0.75,0.5151,1,0.9285714285714286,0,0,0,0,0
"Kuzma, Gafford, Kispert, Goodwin, Beal","WAS",2,4,7,8,15,7,10,0.7,0,0,0,0,1,6,8,0,0,0.42857142857142855,0.5,0,0,0.55297,0.7,0.75,2,0,0,0,0
"Gafford, Avdija, Gill, Kispert, Goodwin","WAS",1,4,2,7,8,2,5,0.4,0,1,0,0,4,0,4,0,0,0,0,0,0.16666666666666666,0.4756916666666667,0.3333333333333333,0.4444444444444444,2,0,0,0,0
"Nunn, Todd, Gill, Jackson, Cooks","WAS",1,4,3,8,8,3,5,0.6,0,2,0,0,2,4,2,0,0,0.6666666666666666,0.6666666666666666,0,0.2857142857142857,0.45475714285714286,0.42857142857142855,0.5,0,1,0.2,0,0
"Avdija, Kispert, Goodwin, Gibson, Porzingis","WAS",1,4,-5,6,5,1,3,0.3333333333333333,0,3,0,0,3,2,0,0,0,1,1,0,0.5,0.45233,0.16666666666666666,0.35714285714285715,0,1,0.3333333333333333,0,0
"Wright, Hachimura, Beal, Barton, Porzingis","WAS",3,4,0,8,9,2,4,0.5,1,3,0.3333333333333333,0.3333333333333333,2,2,2,3,0,0.5,0.5,1,0.42857142857142855,0.5032,0.5,0.5625,0,1,0.25,0,0
"Kuzma, Avdija, Gill, Gibson, Barton","WAS",1,4,1,7,10,5,9,0.5555555555555556,0,0,0,0,0,6,4,0,0,0.6,0.6,0,0,0.5538222222222222,0.5555555555555556,0.5555555555555556,0,0,0,0,0
"Wright, Hachimura, Avdija, Goodwin, Porzingis","WAS",1,4,4,7,13,3,4,0.75,2,3,0.6666666666666666,0.6666666666666666,1,4,2,6,0,0.6666666666666666,0.6666666666666666,1,0.42857142857142855,0.47962857142857146,0.8571428571428571,0.9285714285714286,0,0,0,0,0
"Wright, Nunn, Gafford, Gill, Davis","WAS",1,3,2,6,8,4,5,0.8,0,1,0,0,0,2,6,0,0,0.25,0.25,0,0.16666666666666666,0.47675,0.6666666666666666,0.6666666666666666,0,0,0,0,0
"Wright, Avdija, Goodwin, Gibson, Porzingis","WAS",1,3,-5,6,5,1,4,0.25,1,1,1,1,0,0,2,3,0,0,0,1,0.2,0.42991,0.5,0.5,0,0,0,0,0
"Wright, Kuzma, Morris, Gafford, Beal","WAS",2,3,-5,6,5,1,2,0.5,1,6,0.16666666666666666,0.16666666666666666,0,0,2,0,3,0,0,0,0.75,0.48171875,0.3125,0.3125,0,1,0.5,1,0.16666666666666666
"Wright, Gafford, Gill, Kispert, Barton","WAS",1,3,-2,7,6,2,3,0.6666666666666666,0,2,0,0,2,0,4,0,0,0,0,0,0.4,0.43532000000000004,0.4,0.5,0,0,0,0,0
"Morris, Hachimura, Kispert, Goodwin, Porzingis","WAS",1,3,-3,7,4,2,5,0.4,0,0,0,0,0,0,4,0,0,0,0,0,0,0.43414,0.4,0.4,0,0,0,0,0
"Nunn, Gafford, Kispert, Goodwin, Davis","WAS",1,3,-7,6,6,1,2,0.5,1,3,0.3333333333333333,0.3333333333333333,1,0,2,3,0,0,0,1,0.6,0.4505,0.5,0.5,2,0,0,0,0
"Kuzma, Hachimura, Kispert, Goodwin, Gibson","WAS",1,3,-4,7,7,3,5,0.6,0,3,0,0,1,2,4,0,0,0.3333333333333333,0.3333333333333333,0,0.375,0.460975,0.375,0.4375,0,0,0,0,0
"Nunn, Todd, Goodwin, Davis, Cooks","WAS",1,3,-3,6,8,1,1,1,2,5,0.4,0.4,0,2,0,6,0,1,1,1,0.8333333333333334,0.5339083333333333,0.6666666666666666,0.6666666666666666,0,0,0,0,0
"Hachimura, Avdija, Davis, Beal, Porzingis","WAS",1,3,-10,7,3,1,2,0.5,0,2,0,0,1,0,2,0,0,0,0,0,0.5,0.5383375,0.25,0.3,0,1,0.5,0,0
"Dotson, Goodwin, Beal, Barton, Porzingis","WAS",1,3,-4,6,8,3,4,0.75,0,0,0,0,2,2,4,0,0,0.3333333333333333,0.3333333333333333,0,0,0.40545,0.75,0.8,0,1,0.25,0,0
"Wright, Hachimura, Gafford, Avdija, Kispert","WAS",2,3,0,7,2,0,3,0,0,2,0,0,2,0,0,0,0,0,0,0,0.4,0.47674000000000005,0,0.16666666666666666,0,0,0,0,0
"Gafford, Gill, Goodwin, Beal, Barton","WAS",1,3,0,6,9,0,5,0,1,3,0.3333333333333333,0.3333333333333333,6,0,0,3,0,0,0,1,0.375,0.6107875,0.1875,0.375,0,0,0,0,0
"Nunn, Gafford, Gill, Kispert, Davis","WAS",1,3,2,7,9,4,6,0.6666666666666666,0,0,0,0,1,2,6,0,0,0.25,0.25,0,0,0.5288833333333333,0.6666666666666666,0.6428571428571429,0,0,0,0,0
"Wright, Kuzma, Nunn, Kispert, Porzingis","WAS",2,3,3,8,9,3,4,0.75,1,4,0.25,0.25,0,2,4,3,0,0.3333333333333333,0.3333333333333333,1,0.5,0.51895,0.5625,0.5625,0,0,0,0,0
"Morris, Nunn, Avdija, Davis, Porzingis","WAS",1,3,0,6,9,3,5,0.6,1,2,0.5,0.5,0,2,4,3,0,0.3333333333333333,0.5,1,0.2857142857142857,0.45484285714285716,0.6428571428571429,0.6428571428571429,2,0,0,0,0
"Kuzma, Gill, Goodwin, Barton, Porzingis","WAS",1,3,-6,7,8,4,6,0.6666666666666666,0,1,0,0,0,6,2,0,0,0.75,1,0,0.14285714285714285,0.5331357142857143,0.5714285714285714,0.5714285714285714,2,1,0.16666666666666666,0,0
"Nunn, Kispert, Goodwin, Davis, Gibson","WAS",1,3,0,8,8,1,1,1,2,5,0.4,0.4,0,0,2,3,3,0,0,0.5,0.8333333333333334,0.577275,0.6666666666666666,0.6666666666666666,0,0,0,0,0
"Avdija, Gill, Huff, Goodwin, Davis","WAS",1,3,-3,7,5,1,3,0.3333333333333333,0,0,0,0,3,0,2,0,0,0,0,0,0,0.4098,0.3333333333333333,0.5,0,0,0,0,0
"Dotson, Gill, Goodwin, Gibson, Barton","WAS",1,3,8,6,10,3,4,0.75,0,0,0,0,4,2,4,0,0,0.3333333333333333,0.3333333333333333,0,0,0.45825,0.75,0.8333333333333334,0,0,0,0,0
"Kuzma, Morris, Gafford, Gibson, Barton","WAS",1,3,0,7,4,2,3,0.6666666666666666,0,2,0,0,0,2,2,0,0,0.5,1,0,0.4,0.5035999999999999,0.4,0.3333333333333333,2,0,0,0,0
"Morris, Gafford, Avdija, Kispert, Davis","WAS",1,3,-3,8,8,4,6,0.6666666666666666,0,3,0,0,0,0,8,0,0,0,0,0,0.3333333333333333,0.5924944444444444,0.4444444444444444,0.4444444444444444,0,0,0,0,0
"Hachimura, Dotson, Gill, Goodwin, Davis","WAS",1,3,8,6,8,2,4,0.5,1,1,1,1,1,2,2,3,0,0.5,0.5,1,0.2,0.49646999999999997,0.7,0.6666666666666666,0,1,0.25,0,0
"Kuzma, Hachimura, Gafford, Avdija, Goodwin","WAS",1,3,1,8,10,2,3,0.6666666666666666,0,2,0,0,6,2,2,0,0,0.5,0.5,0,0.4,0.49688999999999994,0.4,0.625,0,0,0,0,0
"Wright, Gafford, Avdija, Kispert, Jackson","WAS",1,3,1,7,10,1,1,1,2,3,0.6666666666666666,0.6666666666666666,2,2,0,6,0,1,1,1,0.75,0.6062,1,1,0,0,0,0,0
"Kuzma, Gafford, Goodwin, Beal, Porzingis","WAS",1,3,2,5,7,2,3,0.6666666666666666,0,2,0,0,3,0,4,0,0,0,0,0,0.4,0.54543,0.4,0.5833333333333334,0,0,0,0,0
"Dotson, Goodwin, Gibson, Beal, Barton","WAS",1,3,-5,7,8,4,5,0.8,0,4,0,0,0,6,2,0,0,0.75,0.75,0,0.4444444444444444,0.4718944444444444,0.4444444444444444,0.4444444444444444,0,0,0,0,0
"Hachimura, Gafford, Gill, Beal, Barton","WAS",1,3,1,7,11,1,2,0.5,2,3,0.6666666666666666,0.6666666666666666,3,2,0,6,0,1,1,1,0.6,0.44897,0.8,0.7857142857142857,0,0,0,0,0
"Wright, Hachimura, Avdija, Gibson, Beal","WAS",2,3,0,6,8,4,5,0.8,0,1,0,0,0,8,0,0,0,1,1,0,0.16666666666666666,0.49579166666666663,0.6666666666666666,0.6666666666666666,0,1,0.2,0,0
"Kuzma, Morris, Hachimura, Gafford, Beal","WAS",2,3,-8,6,5,1,1,1,1,3,0.3333333333333333,0.3333333333333333,0,0,2,3,0,0,0,1,0.75,0.4814875,0.625,0.625,0,0,0,0,0
"Nunn, Avdija, Goodwin, Davis, Gibson","WAS",2,3,0,6,4,2,5,0.4,0,3,0,0,0,2,2,0,0,0.5,0.5,0,0.375,0.50515625,0.25,0.25,0,1,0.2,0,0
"Morris, Gafford, Avdija, Kispert, Goodwin","WAS",1,3,1,6,8,4,6,0.6666666666666666,0,1,0,0,0,6,2,0,0,0.75,0.75,0,0.14285714285714285,0.43020714285714284,0.5714285714285714,0.5714285714285714,0,1,0.16666666666666666,0,0
"Wright, Hachimura, Avdija, Gill, Goodwin","WAS",1,3,-2,6,4,1,2,0.5,0,2,0,0,2,2,0,0,0,1,1,0,0.5,0.4883,0.25,0.4,0,0,0,0,0
"Morris, Gafford, Kispert, Barton, Porzingis","WAS",1,3,8,6,10,3,4,0.75,0,4,0,0,4,4,2,0,0,0.6666666666666666,1,0,0.5,0.66113125,0.375,0.5555555555555556,2,1,0.25,0,0
"Nunn, Avdija, Gill, Davis, Bouyea","WAS",1,3,1,6,5,1,1,1,0,2,0,0,3,0,2,0,0,0,0,0,0.6666666666666666,0.49838333333333334,0.3333333333333333,0.5,2,0,0,0,0
"Wright, Kuzma, Gafford, Kispert, Davis","WAS",1,3,-13,6,3,0,2,0,1,2,0.5,0.5,0,0,0,3,0,0,0,1,0.5,0.462275,0.375,0.375,0,1,0.5,0,0
"Wright, Kuzma, Gafford, Kispert, Porzingis","WAS",2,3,-4,6,3,0,4,0,1,2,0.5,0.5,0,0,0,3,0,0,0,1,0.3333333333333333,0.4523333333333333,0.25,0.25,0,0,0,0,0
"Wright, Kuzma, Avdija, Gill, Kispert","WAS",1,3,-3,5,5,1,4,0.25,1,2,0.5,0.5,0,0,2,3,0,0,0,1,0.3333333333333333,0.47580833333333333,0.4166666666666667,0.4166666666666667,0,3,0.75,0,0
"Dotson, Gafford, Carey Jr., Todd, Davis","WAS",1,3,-11,6,0,0,4,0,0,2,0,0,0,0,0,0,0,0,0,0,0.3333333333333333,0.39960833333333334,0,0,0,0,0,0,0
"Kuzma, Morris, Hachimura, Kispert, Gibson","WAS",1,3,0,6,4,1,4,0.25,0,0,0,0,2,2,0,0,0,1,1,0,0,0.444825,0.25,0.4,0,0,0,0,0
"Wright, Nunn, Gafford, Avdija, Jackson","WAS",1,3,3,6,8,4,5,0.8,0,1,0,0,0,8,0,0,0,1,1,0,0.16666666666666666,0.4899833333333334,0.6666666666666666,0.6666666666666666,0,0,0,0,0
"Kuzma, Nunn, Avdija, Goodwin, Gibson","WAS",1,3,0,7,7,1,2,0.5,1,4,0.25,0.3333333333333333,2,2,0,3,0,1,1,1,0.6666666666666666,0.54973,0.4166666666666667,0.5,0,1,0.5,0,0
"Morris, Dotson, Gafford, Gill, Barton","WAS",1,3,5,5,9,2,3,0.6666666666666666,1,1,1,1,2,2,2,0,3,0.5,0.5,0,0.25,0.4239125,0.875,0.9,0,0,0,0,0
"Carey Jr., Gill, Goodwin, Davis, Jackson","WAS",1,3,-5,7,0,0,2,0,0,2,0,0,0,0,0,0,0,0,0,0,0.5,0.4476,0,0,0,1,0.5,0,0
"Kuzma, Hachimura, Kispert, Goodwin, Barton","WAS",1,3,-1,6,6,3,3,1,0,3,0,0,0,4,2,0,0,0.6666666666666666,1,0,0.5,0.4759333333333333,0.5,0.5,2,0,0,0,0
"Gafford, Kispert, Goodwin, Beal, Barton","WAS",2,3,0,6,8,2,3,0.6666666666666666,1,2,0.5,0.5,1,0,4,3,0,0,0,1,0.4,0.54,0.7,0.6666666666666666,0,0,0,0,0
"Gafford, Avdija, Goodwin, Beal, Porzingis","WAS",1,3,0,6,9,2,2,1,1,3,0.3333333333333333,0.3333333333333333,2,4,0,3,0,1,1,1,0.6,0.51683,0.7,0.75,0,0,0,0,0
"Kuzma, Hachimura, Goodwin, Beal, Barton","WAS",1,3,1,6,7,3,6,0.5,0,0,0,0,1,0,6,0,0,0,0,0,0,0.4993666666666667,0.5,0.5833333333333334,0,1,0.16666666666666666,0,0
"Wright, Kispert, Gibson, Beal, Porzingis","WAS",2,3,0,5,6,3,3,1,0,1,0,0,0,6,0,0,0,1,1,0,0.25,0.4768875,0.75,0.75,0,0,0,0,0
"Wright, Hachimura, Avdija, Beal, Porzingis","WAS",3,3,-9,6,4,2,3,0.6666666666666666,0,1,0,0,0,4,0,0,0,1,1,0,0.25,0.541175,0.5,0.5,0,0,0,0,0
"Morris, Gafford, Avdija, Goodwin, Beal","WAS",1,3,-5,5,5,2,3,0.6666666666666666,0,1,0,0,1,4,0,0,0,1,1,0,0.25,0.4924625,0.5,0.5,0,0,0,0,0
"Wright, Avdija, Gibson, Barton, Porzingis","WAS",2,3,2,6,4,1,4,0.25,0,1,0,0,2,0,2,0,0,0,0,0,0.2,0.5294,0.2,0.3333333333333333,2,3,0.75,0,0
"Gill, Huff, Goodwin, Davis, Cooks","WAS",1,3,9,7,15,4,4,1,2,2,1,1,1,8,0,6,0,1,1,1,0.3333333333333333,0.639225,1.1666666666666667,1.25,0,0,0,0,0
"Wright, Avdija, Gill, Gibson, Barton","WAS",1,3,0,5,6,3,4,0.75,0,1,0,0,0,4,2,0,0,0.6666666666666666,0.6666666666666666,0,0.2,0.43792,0.6,0.6,0,0,0,0,0
"Hachimura, Avdija, Kispert, Goodwin, Porzingis","WAS",1,3,-2,6,5,1,2,0.5,1,5,0.2,0.2,0,0,2,3,0,0,0,1,0.7142857142857143,0.5359214285714285,0.35714285714285715,0.35714285714285715,0,0,0,0,0
"Gafford, Avdija, Kispert, Goodwin, Barton","WAS",3,3,-1,6,9,2,4,0.5,1,1,1,1,2,0,4,3,0,0,0,1,0.2,0.54201,0.7,0.75,0,1,0.25,0,0
"Wright, Nunn, Gill, Davis, Gibson","WAS",1,3,-1,7,6,3,5,0.6,0,3,0,0,0,4,2,0,0,0.6666666666666666,0.6666666666666666,0,0.375,0.4799,0.375,0.375,0,1,0.2,1,0.3333333333333333
"Kuzma, Morris, Nunn, Beal, Porzingis","WAS",1,3,5,6,9,2,3,0.6666666666666666,1,2,0.5,0.5,2,4,0,3,0,1,1,1,0.4,0.48814,0.7,0.75,0,0,0,0,0
"Kuzma, Goodwin, Gibson, Barton, Porzingis","WAS",1,3,2,5,9,2,2,1,1,1,1,1,2,0,4,3,0,0,0,1,0.3333333333333333,0.4529666666666667,1.1666666666666667,1.125,0,0,0,0,0
"Wright, Avdija, Gill, Beal, Porzingis","WAS",1,3,-6,5,3,0,0,0,1,1,1,1,0,0,0,3,0,0,0,1,1,0.441,1.5,1.5,0,0,0,0,0
"Wright, Kuzma, Gill, Kispert, Goodwin","WAS",1,3,5,7,10,2,3,0.6666666666666666,2,2,1,1,0,2,2,6,0,0.5,0.5,1,0.4,0.45644,1,1,0,1,0.3333333333333333,0,0
"Avdija, Kispert, Davis, Beal, Porzingis","WAS",1,3,0,6,4,2,4,0.5,0,0,0,0,0,0,4,0,0,0,0,0,0,0.485675,0.5,0.5,0,0,0,0,0
"Wright, Gafford, Avdija, Davis, Porzingis","WAS",1,3,6,5,8,2,7,0.2857142857142857,1,1,1,1,1,2,2,3,0,0.5,1,1,0.125,0.523925,0.4375,0.4444444444444444,2,0,0,0,0
"Wright, Avdija, Kispert, Goodwin, Gibson","WAS",1,3,-3,5,4,2,2,1,0,1,0,0,0,2,2,0,0,0.5,0.5,0,0.3333333333333333,0.4735666666666667,0.6666666666666666,0.6666666666666666,0,0,0,0,0
"Wright, Kuzma, Gafford, Avdija, Goodwin","WAS",1,3,-2,4,3,1,2,0.5,0,0,0,0,1,0,2,0,0,0,0,0,0,0.38505,0.5,0.5,0,0,0,0,0
"Wright, Morris, Gafford, Avdija, Beal","WAS",2,3,-2,5,5,2,4,0.5,0,0,0,0,1,0,4,0,0,0,0,0,0,0.399175,0.5,0.625,0,0,0,0,0
"Wright, Avdija, Davis, Beal, Porzingis","WAS",2,3,9,5,11,4,4,1,1,1,1,1,0,4,4,3,0,0.5,0.5,1,0.2,0.57384,1.1,1.1,0,0,0,0,0
"Morris, Hachimura, Avdija, Gill, Kispert","WAS",1,3,3,6,8,3,4,0.75,0,0,0,0,2,4,2,0,0,0.6666666666666666,0.6666666666666666,0,0,0.523025,0.75,0.8,0,0,0,0,0
"Morris, Gafford, Avdija, Gill, Davis","WAS",1,3,-3,6,3,0,4,0,1,1,1,1,0,0,0,3,0,0,0,1,0.2,0.5157499999999999,0.3,0.3,0,1,0.25,0,0
"Wright, Kuzma, Avdija, Davis, Gibson","WAS",1,3,-2,6,6,3,5,0.6,0,3,0,0,0,4,2,0,0,0.6666666666666666,0.6666666666666666,0,0.375,0.48075,0.375,0.375,0,0,0,0,0
"Wright, Nunn, Avdija, Gibson, Beal","WAS",2,3,-2,5,4,2,5,0.4,0,2,0,0,0,2,2,0,0,0.5,1,0,0.2857142857142857,0.5189,0.2857142857142857,0.2857142857142857,2,0,0,0,0
"Morris, Gafford, Gill, Kispert, Goodwin","WAS",1,3,4,5,7,2,3,0.6666666666666666,1,3,0.3333333333333333,0.3333333333333333,0,0,4,3,0,0,0,1,0.5,0.5428666666666667,0.5833333333333334,0.5833333333333334,2,0,0,0,0
"Wright, Avdija, Gibson, Beal, Porzingis","WAS",1,2,6,5,8,3,4,0.75,0,0,0,0,2,6,0,0,0,1,1,0,0,0.415875,0.75,1,0,0,0,0,0
"Morris, Gill, Kispert, Beal, Porzingis","WAS",2,2,-6,4,1,0,0,0,0,2,0,0,1,0,0,0,0,0,0,0,1,0.4125,0,0.16666666666666666,0,0,0,0,0
"Nunn, Gill, Huff, Goodwin, Davis","WAS",1,2,1,3,3,0,1,0,1,2,0.5,0.5,0,0,0,3,0,0,0,1,0.6666666666666666,0.5211333333333333,0.5,0.5,0,0,0,0,0
"Gafford, Avdija, Kispert, Goodwin, Davis","WAS",1,2,2,5,7,2,4,0.5,1,1,1,1,0,0,4,3,0,0,0,1,0.2,0.46319,0.7,0.7,0,1,0.25,0,0
"Morris, Gafford, Avdija, Kispert, Barton","WAS",2,2,-6,4,0,0,3,0,0,1,0,0,0,0,0,0,0,0,0,0,0.25,0.43385,0,0,0,1,0.3333333333333333,0,0
"Kuzma, Gafford, Goodwin, Davis, Barton","WAS",1,2,-5,5,5,1,2,0.5,1,4,0.25,0.25,0,0,2,3,0,0,0,1,0.6666666666666666,0.5601583333333333,0.4166666666666667,0.4166666666666667,2,0,0,0,0
"Avdija, Gill, Goodwin, Barton, Porzingis","WAS",3,2,-3,5,3,0,1,0,0,1,0,0,3,0,0,0,0,0,0,0,0.5,0.510475,0,0.375,0,0,0,0,0
"Wright, Kispert, Goodwin, Davis, Gibson","WAS",1,2,4,5,6,3,5,0.6,0,2,0,0,0,2,4,0,0,0.3333333333333333,0.3333333333333333,0,0.2857142857142857,0.4785,0.42857142857142855,0.42857142857142855,0,0,0,0,0
"Kuzma, Dotson, Gill, Kispert, Porzingis","WAS",1,2,-1,5,5,0,0,0,1,1,1,1,2,0,0,3,0,0,0,1,1,0.52815,1.5,0.8333333333333334,0,0,0,0,0
"Morris, Avdija, Gill, Kispert, Barton","WAS",1,2,-6,3,5,1,1,1,1,2,0.5,0.5,0,0,2,3,0,0,0,1,0.6666666666666666,0.47150000000000003,0.8333333333333334,0.8333333333333334,0,0,0,0,0
"Kuzma, Gafford, Kispert, Goodwin, Gibson","WAS",2,2,-5,6,7,2,2,1,1,2,0.5,0.5,0,0,4,0,3,0,0,0,0.5,0.48935,0.875,0.875,0,0,0,0,0
"Morris, Gafford, Gill, Beal, Barton","WAS",1,2,-1,5,5,2,4,0.5,0,1,0,0,1,2,2,0,0,0.5,0.5,0,0.2,0.50691,0.4,0.5,0,0,0,0,0
"Morris, Hachimura, Kispert, Beal, Barton","WAS",1,2,3,5,9,3,3,1,1,3,0.3333333333333333,0.3333333333333333,0,2,4,3,0,0.3333333333333333,0.5,1,0.5,0.5824333333333334,0.75,0.75,2,0,0,0,0
"Nunn, Gafford, Huff, Goodwin, Jackson","WAS",1,2,-2,5,4,1,1,1,0,3,0,0,2,0,2,0,0,0,0,0,0.75,0.5625625,0.25,0.4,0,0,0,0,0
"Kuzma, Morris, Gafford, Kispert, Goodwin","WAS",2,2,-1,6,3,0,0,0,0,3,0,0,3,0,0,0,0,0,0,0,1,0.5148,0,0.3,0,0,0,0,0
"Morris, Gafford, Avdija, Gibson, Barton","WAS",1,2,3,5,7,2,3,0.6666666666666666,1,2,0.5,0.5,0,4,0,0,3,1,1,0,0.4,0.5812,0.7,0.7,0,0,0,0,0
"Wright, Kuzma, Hachimura, Goodwin, Gibson","WAS",1,2,0,5,5,1,1,1,1,2,0.5,0.5,0,2,0,3,0,1,1,1,0.6666666666666666,0.5221,0.8333333333333334,0.8333333333333334,0,0,0,0,0
"Kuzma, Gafford, Goodwin, Gibson, Barton","WAS",1,2,4,6,4,2,3,0.6666666666666666,0,2,0,0,0,0,4,0,0,0,0,0,0.4,0.56927,0.4,0.4,0,0,0,0,0
"Kuzma, Goodwin, Davis, Beal, Porzingis","WAS",1,2,-7,4,3,0,1,0,1,2,0.5,0.5,0,0,0,3,0,0,0,1,0.6666666666666666,0.52295,0.5,0.5,0,0,0,0,0
"Gafford, Avdija, Kispert, Goodwin, Porzingis","WAS",2,2,6,5,6,2,2,1,0,1,0,0,2,4,0,0,0,1,1,0,0.3333333333333333,0.50675,0.6666666666666666,0.75,0,0,0,0,0
"Wright, Hachimura, Gill, Kispert, Goodwin","WAS",1,2,0,5,2,1,3,0.3333333333333333,0,1,0,0,0,2,0,0,0,1,1,0,0.25,0.4352875,0.25,0.25,0,0,0,0,0
"Kuzma, Goodwin, Gibson, Beal, Barton","WAS",1,2,-3,6,3,1,3,0.3333333333333333,0,1,0,0,1,0,2,0,0,0,0,0,0.25,0.4736125,0.25,0.25,0,1,0.3333333333333333,0,0
"Morris, Kispert, Gibson, Beal, Porzingis","WAS",1,2,-4,5,2,1,4,0.25,0,0,0,0,0,0,2,0,0,0,0,0,0,0.4406,0.25,0.25,0,0,0,0,0
"Todd, Gill, Goodwin, Davis, Gibson","WAS",1,2,0,5,2,1,2,0.5,0,2,0,0,0,0,2,0,0,0,0,0,0.5,0.4777,0.25,0.25,2,0,0,0,0
"Wright, Hachimura, Gafford, Avdija, Beal","WAS",2,2,-5,5,4,2,3,0.6666666666666666,0,1,0,0,0,2,2,0,0,0.5,0.5,0,0.25,0.4613125,0.5,0.5,0,1,0.3333333333333333,0,0
"Morris, Nunn, Gafford, Kispert, Porzingis","WAS",1,2,-13,5,0,0,4,0,0,1,0,0,0,0,0,0,0,0,0,0,0.2,0.44471,0,0,0,2,0.5,0,0
"Avdija, Gill, Goodwin, Gibson, Barton","WAS",1,2,-1,4,3,0,1,0,1,2,0.5,0.5,0,0,0,3,0,0,0,1,0.6666666666666666,0.48265,0.5,0.5,0,0,0,0,0
"Morris, Hachimura, Gill, Barton, Porzingis","WAS",1,2,-8,4,0,0,5,0,0,0,0,0,0,0,0,0,0,0,0,0,0,0.40454,0,0,0,1,0.2,0,0
"Avdija, Kispert, Goodwin, Davis, Gibson","WAS",1,2,-2,5,4,2,3,0.6666666666666666,0,1,0,0,0,2,2,0,0,0.5,0.5,0,0.25,0.458575,0.5,0.5,0,0,0,0,0
"Wright, Kuzma, Nunn, Gafford, Beal","WAS",1,2,1,5,7,1,2,0.5,1,1,1,1,2,2,0,3,0,1,1,1,0.3333333333333333,0.476,0.8333333333333334,0.875,0,0,0,0,0
"Wright, Avdija, Gill, Kispert, Gibson","WAS",1,2,1,5,9,0,0,0,3,4,0.75,0.75,0,0,0,9,0,0,0,1,1,0.5244375,1.125,1.125,0,0,0,0,0
"Nunn, Gill, Kispert, Goodwin, Porzingis","WAS",2,2,4,4,6,3,5,0.6,0,0,0,0,0,0,6,0,0,0,0,0,0,0.43414,0.6,0.6,2,0,0,0,0
"Wright, Morris, Gafford, Kispert, Davis","WAS",1,2,-1,5,5,1,3,0.3333333333333333,1,2,0.5,0.5,0,2,0,0,3,1,1,0,0.4,0.47191,0.5,0.5,0,0,0,0,0
"Kuzma, Morris, Goodwin, Beal, Porzingis","WAS",1,2,1,6,4,1,2,0.5,0,3,0,0,2,0,2,0,0,0,0,0,0.6,0.5152599999999999,0.2,0.3333333333333333,2,0,0,0,0
"Nunn, Avdija, Carey Jr., Kispert, Gibson","WAS",1,2,2,4,4,1,1,1,0,0,0,0,2,0,2,0,0,0,0,0,0,0.6336,1,1,0,0,0,0,0
"Avdija, Kispert, Davis, Barton, Porzingis","WAS",1,2,-1,5,2,1,2,0.5,0,2,0,0,0,0,2,0,0,0,0,0,0.5,0.4873125,0.25,0.25,0,0,0,0,0
"Morris, Avdija, Davis, Beal, Porzingis","WAS",1,2,-4,5,4,2,3,0.6666666666666666,0,2,0,0,0,4,0,0,0,1,1,0,0.4,0.47140000000000004,0.4,0.4,0,0,0,0,0
"Morris, Hachimura, Avdija, Goodwin, Porzingis","WAS",1,2,-3,4,4,2,3,0.6666666666666666,0,0,0,0,0,0,4,0,0,0,0,0,0,0.48523333333333335,0.6666666666666666,0.6666666666666666,0,0,0,0,0
"Kispert, Huff, Goodwin, Jackson, Cooks","WAS",1,2,1,5,6,1,2,0.5,1,2,0.5,0.5,1,0,2,3,0,0,0,1,0.5,0.458275,0.625,0.6,0,0,0,0,0
"Wright, Hachimura, Gafford, Kispert, Porzingis","WAS",2,2,-1,4,4,2,6,0.3333333333333333,0,0,0,0,0,4,0,0,0,1,1,0,0,0.5357166666666667,0.3333333333333333,0.3333333333333333,0,0,0,0,0
"Kuzma, Gafford, Avdija, Kispert, Beal","WAS",1,2,-3,5,4,1,2,0.5,0,1,0,0,2,2,0,0,0,1,1,0,0.3333333333333333,0.5102666666666666,0.3333333333333333,0.5,0,1,0.5,0,0
"Morris, Hachimura, Goodwin, Barton, Porzingis","WAS",1,2,-1,4,4,1,3,0.3333333333333333,0,1,0,0,2,0,2,0,0,0,0,0,0.25,0.573525,0.25,0.4,0,1,0.3333333333333333,0,0
"Dotson, Gafford, Gill, Goodwin, Barton","WAS",1,2,8,5,8,4,6,0.6666666666666666,0,1,0,0,0,0,8,0,0,0,0,0,0.14285714285714285,0.45062142857142856,0.5714285714285714,0.5,2,0,0,0,0
"Wright, Avdija, Gill, Kispert, Porzingis","WAS",1,2,0,5,7,3,4,0.75,0,1,0,0,1,4,2,0,0,0.6666666666666666,0.6666666666666666,0,0.2,0.54993,0.6,0.7,0,0,0,0,0
"Gafford, Gill, Kispert, Goodwin, Jackson","WAS",1,2,-3,4,5,1,1,1,1,2,0.5,0.5,0,0,2,3,0,0,0,1,0.6666666666666666,0.6118666666666667,0.8333333333333334,0.8333333333333334,0,0,0,0,0
"Wright, Gafford, Avdija, Goodwin, Davis","WAS",1,2,-4,4,3,0,3,0,1,2,0.5,0.5,0,0,0,3,0,0,0,1,0.4,0.47733,0.3,0.3,0,2,0.6666666666666666,0,0
"Carey Jr., Gill, Kispert, Davis, Jackson","WAS",1,2,8,5,10,2,2,1,2,2,1,1,0,0,4,6,0,0,0,1,0.5,0.5458125,1.25,1.25,0,0,0,0,0
"Kuzma, Morris, Avdija, Gill, Barton","WAS",2,2,-2,4,0,0,0,0,0,2,0,0,0,0,0,0,0,0,0,0,1,0.53565,0,0,0,0,0,0,0
"Wright, Kuzma, Gafford, Avdija, Barton","WAS",1,2,0,4,6,0,0,0,2,4,0.5,0.5,0,0,0,6,0,0,0,1,1,0.546,0.75,0.75,0,0,0,0,0
"Kuzma, Morris, Gill, Kispert, Porzingis","WAS",1,2,-6,4,4,2,4,0.5,0,0,0,0,0,4,0,0,0,1,1,0,0,0.517525,0.5,0.5,0,1,0.25,0,0
"Morris, Avdija, Gibson, Barton, Porzingis","WAS",1,2,-4,4,5,1,1,1,1,2,0.5,0.5,0,2,0,3,0,1,1,1,0.6666666666666666,0.52915,0.8333333333333334,0.8333333333333334,0,0,0,0,0
"Nunn, Avdija, Goodwin, Gibson, Barton","WAS",1,2,-2,5,6,1,3,0.3333333333333333,1,2,0.5,0.5,1,0,2,3,0,0,0,1,0.4,0.51425,0.5,0.6,2,1,0.3333333333333333,0,0
"Carey Jr., Gill, Kispert, Goodwin, Davis","WAS",1,2,1,4,2,1,2,0.5,0,2,0,0,0,2,0,0,0,1,1,0,0.5,0.476375,0.25,0.25,0,1,0.5,0,0
"Wright, Morris, Hachimura, Avdija, Porzingis","WAS",1,2,-4,4,4,2,3,0.6666666666666666,0,0,0,0,0,4,0,0,0,1,1,0,0,0.41913333333333336,0.6666666666666666,0.6666666666666666,0,0,0,0,0
"Kuzma, Gafford, Kispert, Beal, Barton","WAS",1,2,3,5,5,1,3,0.3333333333333333,1,2,0.5,0.5,0,0,2,3,0,0,0,1,0.4,0.49378,0.5,0.5,0,0,0,0,0
"Nunn, Gafford, Gill, Goodwin, Davis","WAS",2,2,-4,4,4,2,5,0.4,0,0,0,0,0,2,2,0,0,0.5,1,0,0,0.4516,0.4,0.4,2,1,0.2,0,0
"Kuzma, Morris, Hachimura, Beal, Barton","WAS",1,2,0,3,4,2,4,0.5,0,1,0,0,0,0,4,0,0,0,0,0,0.2,0.5218,0.4,0.4,2,0,0,0,0
"Nunn, Gafford, Kispert, Huff, Goodwin","WAS",1,2,3,5,9,3,3,1,0,1,0,0,3,6,0,0,0,1,1,0,0.25,0.731875,0.75,0.9,0,0,0,0,0
"Wright, Avdija, Gill, Kispert, Beal","WAS",2,2,-2,5,2,0,2,0,0,1,0,0,2,0,0,0,0,0,0,0,0.3333333333333333,0.6200166666666667,0,0.25,0,0,0,0,0
"Wright, Avdija, Goodwin, Davis, Gibson","WAS",1,2,-2,5,2,1,2,0.5,0,1,0,0,0,2,0,0,0,1,1,0,0.3333333333333333,0.48888333333333334,0.3333333333333333,0.3333333333333333,0,0,0,0,0
"Kuzma, Nunn, Kispert, Gibson, Beal","WAS",2,2,-1,4,3,0,3,0,1,2,0.5,0.5,0,0,0,3,0,0,0,1,0.4,0.50647,0.3,0.3,0,0,0,0,0
"Morris, Avdija, Gill, Kispert, Davis","WAS",1,2,0,4,5,0,1,0,1,2,0.5,0.5,2,0,0,3,0,0,0,1,0.6666666666666666,0.4459666666666667,0.5,0.625,0,0,0,1,0.5
"Morris, Avdija, Goodwin, Davis, Porzingis","WAS",1,2,-1,3,5,1,2,0.5,1,1,1,1,0,2,0,3,0,1,1,1,0.3333333333333333,0.5395833333333333,0.8333333333333334,0.8333333333333334,0,0,0,0,0
"Hachimura, Avdija, Gill, Beal, Barton","WAS",1,2,-3,4,4,2,3,0.6666666666666666,0,2,0,0,0,2,2,0,0,0.5,1,0,0.4,0.44217000000000006,0.4,0.4,2,0,0,0,0
"Nunn, Gafford, Avdija, Goodwin, Barton","WAS",1,2,-4,3,3,0,1,0,1,2,0.5,0.5,0,0,0,3,0,0,0,1,0.6666666666666666,0.4970833333333333,0.5,0.5,0,0,0,0,0
"Gafford, Kispert, Goodwin, Davis, Jackson","WAS",2,2,5,3,7,3,4,0.75,0,2,0,0,1,2,4,0,0,0.3333333333333333,1,0,0.3333333333333333,0.5704,0.5,0.5833333333333334,4,1,0.25,0,0
"Wright, Nunn, Goodwin, Davis, Gibson","WAS",1,2,-1,4,6,0,1,0,2,3,0.6666666666666666,0.6666666666666666,0,0,0,6,0,0,0,1,0.75,0.520425,0.75,0.75,0,0,0,0,0
"Kuzma, Morris, Goodwin, Barton, Porzingis","WAS",1,2,1,4,4,2,3,0.6666666666666666,0,1,0,0,0,0,4,0,0,0,0,0,0.25,0.6224625,0.5,0.5,0,0,0,0,0
"Kuzma, Dotson, Gafford, Gill, Kispert","WAS",1,2,-8,3,0,0,3,0,0,1,0,0,0,0,0,0,0,0,0,0,0.25,0.3874,0,0,0,2,0.6666666666666666,0,0
"Gafford, Kispert, Huff, Goodwin, Davis","WAS",1,2,-5,3,3,0,0,0,1,3,0.3333333333333333,0.3333333333333333,0,0,0,3,0,0,0,1,1,0.5418999999999999,0.5,0.5,0,0,0,0,0
"Wright, Kuzma, Avdija, Gibson, Beal","WAS",2,2,3,4,3,1,1,1,0,0,0,0,1,2,0,0,0,1,1,0,0,0.4111,1,1.5,0,0,0,0,0
"Wright, Kispert, Goodwin, Gibson, Beal","WAS",2,2,4,3,4,2,3,0.6666666666666666,0,2,0,0,0,2,2,0,0,0.5,0.5,0,0.4,0.58086,0.4,0.4,0,0,0,0,0
"Kuzma, Hachimura, Goodwin, Beal, Porzingis","WAS",1,2,5,4,7,3,4,0.75,0,0,0,0,1,6,0,0,0,1,1,0,0,0.5125,0.75,0.875,0,0,0,0,0
"Morris, Hachimura, Gafford, Beal, Barton","WAS",2,2,4,4,7,1,2,0.5,1,1,1,1,2,0,2,3,0,0,0,1,0.3333333333333333,0.4658,0.8333333333333334,0.875,0,1,0.5,0,0
"Morris, Avdija, Goodwin, Gibson, Porzingis","WAS",1,2,0,3,4,2,2,1,0,2,0,0,0,2,2,0,0,0.5,0.5,0,0.5,0.47965,0.5,0.5,0,0,0,0,0
"Wright, Kuzma, Hachimura, Goodwin, Porzingis","WAS",1,2,-3,4,2,1,1,1,0,2,0,0,0,2,0,0,0,1,1,0,0.6666666666666666,0.49195000000000005,0.3333333333333333,0.3333333333333333,0,0,0,0,0
"Morris, Hachimura, Gafford, Avdija, Goodwin","WAS",1,2,-6,3,0,0,2,0,0,1,0,0,0,0,0,0,0,0,0,0,0.3333333333333333,0.46438333333333337,0,0,0,0,0,0,0
"Nunn, Gill, Davis, Jackson, Cooks","WAS",1,2,-2,5,2,1,2,0.5,0,2,0,0,0,2,0,0,0,1,1,0,0.5,0.3967,0.25,0.2,0,0,0,0,0
"Wright, Gafford, Gill, Goodwin, Davis","WAS",1,2,6,4,6,3,3,1,0,0,0,0,0,4,2,0,0,0.6666666666666666,0.6666666666666666,0,0,0.4996333333333333,1,1,0,0,0,0,0
"Kuzma, Morris, Avdija, Gill, Beal","WAS",2,2,6,5,8,4,4,1,0,0,0,0,0,6,2,0,0,0.75,0.75,0,0,0.455675,1,1,0,0,0,0,0
"Dotson, Avdija, Goodwin, Beal, Porzingis","WAS",1,2,1,3,3,1,2,0.5,0,1,0,0,1,0,2,0,0,0,0,0,0.3333333333333333,0.4617833333333334,0.3333333333333333,0.375,0,0,0,0,0
"Wright, Nunn, Kispert, Goodwin, Gibson","WAS",1,2,-4,4,5,1,1,1,1,2,0.5,0.5,0,2,0,3,0,1,1,1,0.6666666666666666,0.5211333333333333,0.8333333333333334,0.8333333333333334,0,0,0,0,0
"Wright, Kuzma, Morris, Gafford, Avdija","WAS",1,2,4,4,4,1,5,0.2,0,1,0,0,2,0,2,0,0,0,0,0,0.16666666666666666,0.5654166666666667,0.16666666666666666,0.2857142857142857,2,1,0.2,0,0
"Kuzma, Morris, Gafford, Goodwin, Porzingis","WAS",1,2,-5,3,2,1,2,0.5,0,1,0,0,0,2,0,0,0,1,1,0,0.3333333333333333,0.5191,0.3333333333333333,0.3333333333333333,0,0,0,0,0
"Kuzma, Morris, Gafford, Barton, Porzingis","WAS",1,2,2,4,6,1,1,1,1,2,0.5,0.5,1,0,2,3,0,0,0,1,0.6666666666666666,0.46554999999999996,0.8333333333333334,0.75,0,0,0,0,0
"Gafford, Avdija, Goodwin, Barton, Porzingis","WAS",1,2,-2,2,4,2,4,0.5,0,0,0,0,0,2,2,0,0,0.5,1,0,0,0.50505,0.5,0.5,2,1,0.25,0,0
"Morris, Hachimura, Avdija, Gibson, Beal","WAS",2,2,1,3,5,1,1,1,1,1,1,1,0,0,2,3,0,0,0,1,0.5,0.46305,1.25,0.8333333333333334,0,0,0,0,0
"Wright, Nunn, Kispert, Beal, Porzingis","WAS",2,2,-1,3,4,2,4,0.5,0,0,0,0,0,0,4,0,0,0,0,0,0,0.552775,0.5,0.5,2,1,0.25,0,0
"Kuzma, Morris, Avdija, Gill, Goodwin","WAS",1,2,7,3,8,4,4,1,0,0,0,0,0,4,4,0,0,0.5,0.5,0,0,0.432275,1,1,0,0,0,0,0
"Wright, Kuzma, Kispert, Gibson, Beal","WAS",2,2,4,4,4,0,1,0,1,1,1,1,1,0,0,3,0,0,0,1,0.5,0.475425,0.75,0.6666666666666666,0,0,0,0,0
"Kuzma, Avdija, Gill, Barton, Porzingis","WAS",1,2,1,4,8,1,1,1,2,2,1,1,0,0,2,6,0,0,0,1,0.6666666666666666,0.6054,1.3333333333333333,1.3333333333333333,0,0,0,0,0
"Kuzma, Nunn, Kispert, Gibson, Barton","WAS",1,2,0,3,4,2,3,0.6666666666666666,0,0,0,0,0,2,2,0,0,0.5,1,0,0,0.5540333333333333,0.6666666666666666,0.6666666666666666,2,1,0.3333333333333333,0,0
"Wright, Hachimura, Avdija, Kispert, Gibson","WAS",2,2,-7,3,2,0,1,0,0,0,0,0,2,0,0,0,0,0,0,0,0,0.3715,0,0.5,0,0,0,0,0
"Wright, Nunn, Avdija, Gill, Porzingis","WAS",1,2,0,3,5,2,2,1,0,1,0,0,1,2,2,0,0,0.5,0.5,0,0.3333333333333333,0.48583333333333334,0.6666666666666666,0.8333333333333334,0,0,0,0,0
"Kuzma, Hachimura, Avdija, Gill, Beal","WAS",1,2,2,2,2,1,2,0.5,0,0,0,0,0,0,2,0,0,0,0,0,0,0.5075,0.5,0.5,2,0,0,0,0
"Dotson, Gill, Kispert, Barton, Porzingis","WAS",1,2,-6,4,0,0,2,0,0,1,0,0,0,0,0,0,0,0,0,0,0.3333333333333333,0.4443333333333333,0,0,0,1,0.5,0,0
"Kuzma, Avdija, Gill, Beal, Porzingis","WAS",1,2,-1,4,4,1,1,1,0,1,0,0,2,0,2,0,0,0,0,0,0.5,0.5002,0.5,0.6666666666666666,0,0,0,0,0
"Morris, Hachimura, Avdija, Gill, Goodwin","WAS",2,2,-4,3,0,0,1,0,0,2,0,0,0,0,0,0,0,0,0,0,0.6666666666666666,0.49815000000000004,0,0,0,0,0,0,0
"Morris, Gafford, Goodwin, Gibson, Barton","WAS",1,2,-2,3,4,1,1,1,0,1,0,0,2,2,0,0,0,1,1,0,0.5,0.666725,0.5,0.75,0,0,0,0,0
"Gafford, Avdija, Gill, Goodwin, Gibson","WAS",1,2,3,3,6,0,1,0,2,2,1,1,0,0,0,6,0,0,0,1,0.6666666666666666,0.47598333333333337,1,1,0,0,0,0,0
"Nunn, Kispert, Huff, Davis, Cooks","WAS",1,2,-5,3,5,1,1,1,1,2,0.5,0.5,0,2,0,3,0,1,1,1,0.6666666666666666,0.4955833333333333,0.8333333333333334,0.8333333333333334,0,0,0,0,0
"Hachimura, Kispert, Beal, Barton, Porzingis","WAS",2,2,-5,4,1,0,2,0,0,1,0,0,1,0,0,0,0,0,0,0,0.3333333333333333,0.47248333333333337,0,0.125,0,0,0,0,0
"Gafford, Avdija, Kispert, Goodwin, Gibson","WAS",1,2,-1,3,2,0,1,0,0,0,0,0,2,0,0,0,0,0,0,0,0,0.4544,0,0.3333333333333333,0,0,0,0,0
"Nunn, Gafford, Gill, Huff, Jackson","WAS",1,2,-3,2,4,2,3,0.6666666666666666,0,0,0,0,0,0,4,0,0,0,0,0,0,0.7070333333333334,0.6666666666666666,0.6666666666666666,2,1,0.3333333333333333,0,0
"Kuzma, Hachimura, Kispert, Goodwin, Porzingis","WAS",1,2,2,3,2,1,2,0.5,0,1,0,0,0,0,2,0,0,0,0,0,0.3333333333333333,0.48438333333333333,0.3333333333333333,0.3333333333333333,0,0,0,0,0
"Gafford, Avdija, Gill, Beal, Porzingis","WAS",1,2,-5,3,3,0,0,0,1,1,1,1,0,0,0,3,0,0,0,1,1,0.441,1.5,1.5,0,0,0,0,0
"Morris, Avdija, Goodwin, Barton, Porzingis","WAS",2,2,2,2,5,0,0,0,1,1,1,1,2,0,0,3,0,0,0,1,1,0.5436,1.5,1.25,0,0,0,0,0
"Todd, Gill, Goodwin, Davis, Jackson","WAS",1,2,3,4,7,2,2,1,1,2,0.5,0.5,0,2,2,3,0,0.5,0.5,1,0.5,0.55835,0.875,0.875,0,0,0,0,0
"Kuzma, Morris, Kispert, Gibson, Porzingis","WAS",1,1,-4,3,2,1,2,0.5,0,1,0,0,0,2,0,0,0,1,1,0,0.3333333333333333,0.45976666666666666,0.3333333333333333,0.3333333333333333,0,0,0,0,0
"Kuzma, Morris, Kispert, Barton, Porzingis","WAS",2,1,-1,3,2,1,2,0.5,0,1,0,0,0,2,0,0,0,1,1,0,0.3333333333333333,0.5983666666666666,0.3333333333333333,0.3333333333333333,0,0,0,0,0
"Morris, Hachimura, Gafford, Kispert, Beal","WAS",1,1,2,3,4,0,0,0,0,1,0,0,4,0,0,0,0,0,0,0,1,0.5469,0,0.6666666666666666,0,0,0,0,0
"Kuzma, Avdija, Gill, Goodwin, Barton","WAS",1,1,-4,3,2,1,1,1,0,1,0,0,0,0,2,0,0,0,0,0,0.5,0.532925,0.5,0.5,0,0,0,0,0
"Hachimura, Avdija, Gill, Goodwin, Barton","WAS",1,1,2,3,5,1,2,0.5,0,0,0,0,3,2,0,0,0,1,1,0,0,0.4491,0.5,0.8333333333333334,0,0,0,0,0
"Gafford, Avdija, Gill, Goodwin, Beal","WAS",1,1,4,3,4,2,3,0.6666666666666666,0,0,0,0,0,2,2,0,0,0.5,0.5,0,0,0.4122666666666666,0.6666666666666666,0.6666666666666666,0,0,0,0,0
"Wright, Kuzma, Morris, Gill, Kispert","WAS",1,1,0,2,0,0,0,0,0,1,0,0,0,0,0,0,0,0,0,0,1,0.504,0,0,0,0,0,0,0
"Wright, Kuzma, Hachimura, Barton, Porzingis","WAS",2,1,4,4,4,1,1,1,0,1,0,0,2,2,0,0,0,1,1,0,0.5,0.637125,0.5,0.6666666666666666,0,0,0,0,0
"Wright, Kuzma, Gafford, Beal, Barton","WAS",2,1,-6,4,0,0,2,0,0,1,0,0,0,0,0,0,0,0,0,0,0.3333333333333333,0.41524999999999995,0,0,0,1,0.5,0,0
"Wright, Kuzma, Kispert, Goodwin, Porzingis","WAS",1,1,-5,3,0,0,1,0,0,1,0,0,0,0,0,0,0,0,0,0,0.5,0.469875,0,0,0,0,0,0,0
"Kuzma, Morris, Avdija, Gill, Gibson","WAS",1,1,1,3,4,0,1,0,0,0,0,0,4,0,0,0,0,0,0,0,0,0.4343,0,0.6666666666666666,0,0,0,0,0
"Hachimura, Gill, Goodwin, Beal, Porzingis","WAS",1,1,4,3,4,0,0,0,1,1,1,1,1,0,0,3,0,0,0,1,1,0.5394,1.5,1,0,0,0,0,0
"Dotson, Gafford, Goodwin, Beal, Barton","WAS",1,1,0,2,2,0,0,0,0,0,0,0,2,0,0,0,0,0,0,0,0,0,0,1,0,0,0,0,0
"Carey Jr., Gill, Kispert, Goodwin, Barton","WAS",1,1,4,3,6,2,2,1,0,0,0,0,2,4,0,0,0,1,1,0,0,0.78825,1,1,0,0,0,0,0
"Morris, Gafford, Avdija, Beal, Barton","WAS",1,1,0,3,2,0,2,0,0,0,0,0,2,0,0,0,0,0,0,0,0,0.44765,0,0.3333333333333333,0,0,0,0,0
"Wright, Kispert, Goodwin, Beal, Porzingis","WAS",1,1,1,3,4,2,2,1,0,1,0,0,0,2,2,0,0,0.5,0.5,0,0.3333333333333333,0.597,0.6666666666666666,0.6666666666666666,0,0,0,0,0
"Kuzma, Kispert, Goodwin, Gibson, Beal","WAS",1,1,2,2,2,1,2,0.5,0,0,0,0,0,2,0,0,0,1,1,0,0,0.52485,0.5,0.5,0,0,0,0,0
"Morris, Hachimura, Kispert, Gibson, Barton","WAS",1,1,-2,3,3,0,1,0,1,2,0.5,0.5,0,0,0,3,0,0,0,1,0.6666666666666666,0.5012,0.5,0.5,0,0,0,0,0
"Gafford, Kispert, Goodwin, Jackson, Cooks","WAS",1,1,-3,2,2,1,1,1,0,0,0,0,0,2,0,0,0,1,1,0,0,0.4703,1,1,0,0,0,0,0
"Nunn, Gill, Kispert, Davis, Bouyea","WAS",1,1,-1,2,3,0,0,0,1,2,0.5,0.5,0,0,0,0,3,0,0,0,1,0.478125,0.75,0.75,0,0,0,0,0
"Wright, Avdija, Davis, Gibson, Beal","WAS",1,1,4,2,4,2,3,0.6666666666666666,0,1,0,0,0,2,2,0,0,0.5,0.5,0,0.25,0.4920625,0.5,0.5,0,1,0.3333333333333333,0,0
"Morris, Hachimura, Avdija, Gibson, Barton","WAS",1,1,-4,2,2,1,2,0.5,0,0,0,0,0,0,2,0,0,0,0,0,0,0.44195,0.5,0.5,0,0,0,0,0
"Avdija, Goodwin, Gibson, Beal, Porzingis","WAS",1,1,-2,3,0,0,4,0,0,1,0,0,0,0,0,0,0,0,0,0,0.2,0.56975,0,0,0,0,0,0,0
"Wright, Kuzma, Morris, Hachimura, Porzingis","WAS",1,1,-2,2,0,0,0,0,0,2,0,0,0,0,0,0,0,0,0,0,1,0.541875,0,0,0,0,0,0,0
"Wright, Nunn, Avdija, Davis, Gibson","WAS",1,1,-1,3,2,1,3,0.3333333333333333,0,0,0,0,0,0,2,0,0,0,0,0,0,0.44203333333333333,0.3333333333333333,0.3333333333333333,0,1,0.3333333333333333,0,0
"Kuzma, Nunn, Goodwin, Gibson, Beal","WAS",1,1,2,2,4,1,1,1,0,0,0,0,2,0,2,0,0,0,0,0,0,0.4236,1,1,0,0,0,0,0
"Wright, Morris, Gill, Davis, Porzingis","WAS",1,1,5,4,7,2,2,1,1,1,1,1,0,4,0,3,0,1,1,1,0.3333333333333333,0.4787333333333333,1.1666666666666667,1.1666666666666667,0,0,0,0,0
"Morris, Avdija, Gill, Kispert, Goodwin","WAS",1,1,-1,2,4,2,3,0.6666666666666666,0,0,0,0,0,4,0,0,0,1,1,0,0,0.4782666666666667,0.6666666666666666,0.6666666666666666,0,0,0,0,0
"Hachimura, Kispert, Goodwin, Gibson, Barton","WAS",1,1,0,3,2,1,1,1,0,0,0,0,0,2,0,0,0,1,1,0,0,0.4595,1,1,0,0,0,0,0
"Avdija, Gill, Kispert, Davis, Bouyea","WAS",1,1,4,3,5,1,1,1,0,1,0,0,3,2,0,0,0,1,1,0,0.5,0.590825,0.5,0.8333333333333334,0,0,0,0,0
"Wright, Morris, Hachimura, Kispert, Porzingis","WAS",1,1,3,4,3,0,0,0,0,2,0,0,3,0,0,0,0,0,0,0,1,0.5676,0,0.375,0,0,0,0,0
"Morris, Nunn, Avdija, Goodwin, Porzingis","WAS",1,1,-6,2,0,0,0,0,0,1,0,0,0,0,0,0,0,0,0,0,1,0.53625,0,0,0,0,0,0,0
"Gill, Kispert, Huff, Goodwin, Davis","WAS",1,1,-1,3,4,2,3,0.6666666666666666,0,0,0,0,0,0,4,0,0,0,0,0,0,0.44639999999999996,0.6666666666666666,0.6666666666666666,0,0,0,0,0
"Kuzma, Morris, Hachimura, Avdija, Beal","WAS",2,1,-3,3,4,2,3,0.6666666666666666,0,0,0,0,0,2,2,0,0,0.5,0.5,0,0,0.42619999999999997,0.6666666666666666,0.6666666666666666,0,0,0,0,0
"Kuzma, Morris, Gafford, Avdija, Goodwin","WAS",1,1,1,2,3,0,1,0,1,1,1,1,0,0,0,3,0,0,0,1,0.5,0.475825,0.75,0.75,0,0,0,0,0
"Morris, Hachimura, Kispert, Barton, Porzingis","WAS",1,1,-1,3,4,1,1,1,0,1,0,0,2,2,0,0,0,1,1,0,0.5,0.489225,0.5,0.6666666666666666,0,0,0,0,0
"Gafford, Avdija, Gill, Goodwin, Barton","WAS",3,1,0,2,0,0,0,0,0,1,0,0,0,0,0,0,0,0,0,0,1,0.5613,0,0,0,0,0,0,0
"Morris, Hachimura, Gafford, Avdija, Kispert","WAS",2,1,1,4,1,0,2,0,0,0,0,0,1,0,0,0,0,0,0,0,0,0.4607,0,0.16666666666666666,0,2,1,0,0
"Wright, Nunn, Gill, Goodwin, Gibson","WAS",1,1,-5,2,0,0,0,0,0,1,0,0,0,0,0,0,0,0,0,0,1,0.5265,0,0,0,0,0,0,0
"Kuzma, Gill, Kispert, Gibson, Barton","WAS",1,1,3,3,5,1,1,1,1,1,1,1,0,2,0,0,3,1,1,0,0.5,0.459375,1.25,1.25,0,0,0,0,0
"Morris, Hachimura, Carey Jr., Gill, Goodwin","WAS",1,1,-4,3,0,0,1,0,0,1,0,0,0,0,0,0,0,0,0,0,0.5,0.376775,0,0,0,1,1,0,0
"Dotson, Gafford, Gill, Goodwin, Gibson","WAS",1,1,3,3,5,2,2,1,0,0,0,0,1,4,0,0,0,1,1,0,0,0.54615,1,0.8333333333333334,0,0,0,0,0
"Wright, Morris, Avdija, Davis, Porzingis","WAS",1,1,-2,2,0,0,0,0,0,1,0,0,0,0,0,0,0,0,0,0,1,0.5709,0,0,0,0,0,0,0
"Wright, Nunn, Gafford, Goodwin, Porzingis","WAS",1,1,-1,3,2,1,2,0.5,0,0,0,0,0,0,2,0,0,0,0,0,0,0.4559,0.5,0.5,0,0,0,0,0
"Wright, Gafford, Goodwin, Davis, Porzingis","WAS",1,1,0,3,0,0,2,0,0,1,0,0,0,0,0,0,0,0,0,0,0.3333333333333333,0.54015,0,0,0,0,0,0,0
"Wright, Avdija, Gill, Davis, Porzingis","WAS",1,1,4,2,6,3,3,1,0,0,0,0,0,2,4,0,0,0.3333333333333333,0.3333333333333333,0,0,0.5308,1,1,0,0,0,0,0
"Hachimura, Gafford, Davis, Beal, Barton","WAS",1,1,0,2,2,1,2,0.5,0,0,0,0,0,2,0,0,0,1,1,0,0,0.41455,0.5,0.5,0,0,0,0,0
"Wright, Nunn, Gill, Kispert, Porzingis","WAS",1,1,4,2,6,0,0,0,2,2,1,1,0,0,0,6,0,0,0,1,1,0.541725,1.5,1.5,0,0,0,0,0
"Carey Jr., Todd, Gill, Schakel, Davis","WAS",1,1,2,2,2,1,2,0.5,0,1,0,0,0,0,2,0,0,0,0,0,0.3333333333333333,0.39303333333333335,0.3333333333333333,0.3333333333333333,0,0,0,0,0
"Gill, Kispert, Goodwin, Barton, Porzingis","WAS",1,1,-1,2,2,1,1,1,0,1,0,0,0,0,2,0,0,0,0,0,0.5,0.501075,0.5,0.5,0,0,0,0,0
"Wright, Kuzma, Gafford, Avdija, Davis","WAS",1,1,1,3,3,0,1,0,1,2,0.5,0.5,0,0,0,0,3,0,0,0,0.6666666666666666,0.5731833333333333,0.5,0.5,0,0,0,0,0
"Wright, Hachimura, Gafford, Kispert, Goodwin","WAS",1,1,-3,2,2,1,1,1,0,1,0,0,0,0,2,0,0,0,0,0,0.5,0.504425,0.5,0.5,0,0,0,0,0
"Dotson, Gafford, Gill, Kispert, Barton","WAS",1,1,0,2,2,1,1,1,0,0,0,0,0,0,2,0,0,0,0,0,0,0.4297,1,1,0,0,0,0,0
"Wright, Hachimura, Gafford, Avdija, Goodwin","WAS",1,1,3,2,5,2,2,1,0,1,0,0,1,0,4,0,0,0,0,0,0.3333333333333333,0.6765833333333333,0.6666666666666666,0.8333333333333334,2,0,0,0,0
"Wright, Avdija, Goodwin, Beal, Porzingis","WAS",3,1,0,3,2,1,1,1,0,0,0,0,0,2,0,0,0,1,1,0,0,0.6509,1,1,0,0,0,0,0
"Morris, Huff, Davis, Jackson, Cooks","WAS",1,1,0,2,0,0,1,0,0,1,0,0,0,0,0,0,0,0,0,0,0.5,0.44295,0,0,0,0,0,0,0
"Gafford, Gill, Goodwin, Barton, Porzingis","WAS",1,1,2,3,4,1,3,0.3333333333333333,0,0,0,0,2,0,2,0,0,0,0,0,0,0.5053666666666666,0.3333333333333333,0.5,0,1,0.3333333333333333,0,0
"Kuzma, Morris, Hachimura, Gill, Goodwin","WAS",1,1,-3,5,5,0,0,0,0,0,0,0,5,0,0,0,0,0,0,0,0,0,0,0.8333333333333334,0,0,0,0,0
"Kuzma, Morris, Goodwin, Gibson, Porzingis","WAS",1,1,-1,2,2,1,1,1,0,1,0,0,0,0,2,0,0,0,0,0,0.5,0.438,0.5,0.5,0,0,0,0,0
"Morris, Hachimura, Beal, Barton, Porzingis","WAS",1,1,0,2,2,1,2,0.5,0,0,0,0,0,2,0,0,0,1,1,0,0,0.5751,0.5,0.5,0,0,0,0,0
"Wright, Gafford, Kispert, Davis, Porzingis","WAS",1,1,0,2,0,0,1,0,0,0,0,0,0,0,0,0,0,0,0,0,0,0.4015,0,0,0,0,0,0,0
"Wright, Kuzma, Hachimura, Avdija, Goodwin","WAS",2,1,-2,2,2,0,0,0,0,0,0,0,2,0,0,0,0,0,0,0,0,0,0,1,0,0,0,0,0
"Wright, Kuzma, Gafford, Goodwin, Beal","WAS",2,1,2,2,2,1,2,0.5,0,1,0,0,0,0,2,0,0,0,0,0,0.3333333333333333,0.35535,0.3333333333333333,0.3333333333333333,2,0,0,0,0
"Morris, Avdija, Gill, Davis, Porzingis","WAS",1,1,-3,2,0,0,0,0,0,0,0,0,0,0,0,0,0,0,0,0,0,0,0,0,0,0,0,0,0
"Hachimura, Avdija, Carey Jr., Goodwin, Barton","WAS",1,1,0,2,2,1,1,1,0,0,0,0,0,2,0,0,0,1,1,0,0,0.7639,1,1,0,0,0,0,0
"Kuzma, Dotson, Gafford, Avdija, Kispert","WAS",1,1,-2,2,0,0,1,0,0,1,0,0,0,0,0,0,0,0,0,0,0.5,0.486875,0,0,0,0,0,0,0
"Kuzma, Avdija, Gill, Kispert, Porzingis","WAS",1,1,-5,2,0,0,0,0,0,1,0,0,0,0,0,0,0,0,0,0,1,0.5382,0,0,0,0,0,0,0
"Wright, Morris, Nunn, Gafford, Avdija","WAS",1,1,-3,3,2,1,2,0.5,0,0,0,0,0,0,2,0,0,0,0,0,0,0.3483,0.5,0.5,0,0,0,0,0
"Kuzma, Nunn, Carey Jr., Kispert, Barton","WAS",1,1,-5,2,0,0,1,0,0,1,0,0,0,0,0,0,0,0,0,0,0.5,0.487825,0,0,0,1,1,0,0
"Morris, Kispert, Goodwin, Gibson, Porzingis","WAS",1,1,-4,2,0,0,1,0,0,0,0,0,0,0,0,0,0,0,0,0,0,0.3976,0,0,0,0,0,0,0
"Morris, Avdija, Gill, Kispert, Porzingis","WAS",1,1,0,2,2,0,0,0,0,1,0,0,2,0,0,0,0,0,0,0,1,0.5508,0,0.5,0,0,0,0,0
"Kuzma, Goodwin, Davis, Barton, Porzingis","WAS",1,1,0,2,0,0,1,0,0,0,0,0,0,0,0,0,0,0,0,0,0,0.4458,0,0,0,0,0,0,0